sample_key,sample_class,sample_id,timestamp,latitude,longitude,time_block_id,space_cluster_id,raw_rgb_path,corrected_rgb_path,raw_thermal_path,thermal_tiff_path,temperature_mask_path,boundary_mask_path,dense_supervision
fire/00002,Fire,00002,2022-10-27 17:47:06,42.862644305555555,-121.13913816666667,7,,,data/flame3/Fire/RGB/Corrected FOV/00002.JPG,data/flame3/Fire/Thermal/Raw JPG/00002.JPG,data/flame3/Fire/Thermal/Celsius TIFF/00002.TIFF,project_support/artifacts/flame3_manual_smoke_v2/machine_labels/labels/masks/train/fire/00002.png,project_support/artifacts/flame3_manual_smoke_v2/machine_labels/labels/boundary_maps/train/fire/00002.png,0
fire/00003,Fire,00003,2022-10-27 19:00:22,42.86323441666667,-121.13727844444445,8,,,data/flame3/Fire/RGB/Corrected FOV/00003.JPG,data/flame3/Fire/Thermal/Raw JPG/00003.JPG,data/flame3/Fire/Thermal/Celsius TIFF/00003.TIFF,project_support/data/flame3_manual_smoke_v2_annotation/completed_masks/A108.png,project_support/artifacts/flame3_manual_smoke_v2/machine_labels/labels/boundary_maps/train/fire/00003.png,1
fire/00004,Fire,00004,2022-10-27 15:42:24,42.86615622222222,-121.13879605555556,5,,,data/flame3/Fire/RGB/Corrected FOV/00004.JPG,data/flame3/Fire/Thermal/Raw JPG/00004.JPG,data/flame3/Fire/Thermal/Celsius TIFF/00004.TIFF,project_support/artifacts/flame3_manual_smoke_v2/machine_labels/labels/masks/train/fire/00004.png,project_support/artifacts/flame3_manual_smoke_v2/machine_labels/labels/boundary_maps/train/fire/00004.png,0
fire/00005,Fire,00005,2022-10-27 15:42:12,42.866781333333336,-121.14045855555557,5,,,data/flame3/Fire/RGB/Corrected FOV/00005.JPG,data/flame3/Fire/Thermal/Raw JPG/00005.JPG,data/flame3/Fire/Thermal/Celsius TIFF/00005.TIFF,project_support/artifacts/flame3_manual_smoke_v2/machine_labels/labels/masks/train/fire/00005.png,project_support/artifacts/flame3_manual_smoke_v2/machine_labels/labels/boundary_maps/train/fire/00005.png,0
fire/00006,Fire,00006,2022-10-25 16:59:26,42.85306552777778,-121.14726647222223,0b,,,data/flame3/Fire/RGB/Corrected FOV/00006.JPG,data/flame3/Fire/Thermal/Raw JPG/00006.JPG,data/flame3/Fire/Thermal/Celsius TIFF/00006.TIFF,project_support/data/flame3_manual_smoke_v2_annotation/completed_masks/A055.png,project_support/artifacts/flame3_manual_smoke_v2/machine_labels/labels/boundary_maps/train/fire/00006.png,1
fire/00007,Fire,00007,2022-10-27 19:00:19,42.86329083333334,-121.13675627777778,8,,,data/flame3/Fire/RGB/Corrected FOV/00007.JPG,data/flame3/Fire/Thermal/Raw JPG/00007.JPG,data/flame3/Fire/Thermal/Celsius TIFF/00007.TIFF,project_support/artifacts/flame3_manual_smoke_v2/machine_labels/labels/masks/train/fire/00007.png,project_support/artifacts/flame3_manual_smoke_v2/machine_labels/labels/boundary_maps/train/fire/00007.png,0
fire/00009,Fire,00009,2022-10-26 18:38:15,42.8525135,-121.14774052777778,1,,,data/flame3/Fire/RGB/Corrected FOV/00009.JPG,data/flame3/Fire/Thermal/Raw JPG/00009.JPG,data/flame3/Fire/Thermal/Celsius TIFF/00009.TIFF,project_support/artifacts/flame3_manual_smoke_v2/machine_labels/labels/masks/train/fire/00009.png,project_support/artifacts/flame3_manual_smoke_v2/machine_labels/labels/boundary_maps/train/fire/00009.png,0
fire/00010,Fire,00010,2022-10-25 17:02:06,42.85168780555556,-121.14657075000001,0b,,,data/flame3/Fire/RGB/Corrected FOV/00010.JPG,data/flame3/Fire/Thermal/Raw JPG/00010.JPG,data/flame3/Fire/Thermal/Celsius TIFF/00010.TIFF,project_support/data/flame3_manual_smoke_v2_annotation/completed_masks/A062.png,project_support/artifacts/flame3_manual_smoke_v2/machine_labels/labels/boundary_maps/train/fire/00010.png,1
fire/00011,Fire,00011,2022-10-27 15:41:57,42.86811458333333,-121.13986752777778,5,,,data/flame3/Fire/RGB/Corrected FOV/00011.JPG,data/flame3/Fire/Thermal/Raw JPG/00011.JPG,data/flame3/Fire/Thermal/Celsius TIFF/00011.TIFF,project_support/artifacts/flame3_manual_smoke_v2/machine_labels/labels/masks/train/fire/00011.png,project_support/artifacts/flame3_manual_smoke_v2/machine_labels/labels/boundary_maps/train/fire/00011.png,0
fire/00012,Fire,00012,2022-10-26 18:34:57,42.84958808333334,-121.15165336111112,1,,,data/flame3/Fire/RGB/Corrected FOV/00012.JPG,data/flame3/Fire/Thermal/Raw JPG/00012.JPG,data/flame3/Fire/Thermal/Celsius TIFF/00012.TIFF,project_support/data/flame3_manual_smoke_v2_annotation/completed_masks/A104.png,project_support/artifacts/flame3_manual_smoke_v2/machine_labels/labels/boundary_maps/train/fire/00012.png,1
fire/00013,Fire,00013,2022-10-27 17:46:54,42.863418361111115,-121.139809,7,,,data/flame3/Fire/RGB/Corrected FOV/00013.JPG,data/flame3/Fire/Thermal/Raw JPG/00013.JPG,data/flame3/Fire/Thermal/Celsius TIFF/00013.TIFF,project_support/artifacts/flame3_manual_smoke_v2/machine_labels/labels/masks/train/fire/00013.png,project_support/artifacts/flame3_manual_smoke_v2/machine_labels/labels/boundary_maps/train/fire/00013.png,0
fire/00015,Fire,00015,2022-10-27 19:00:58,42.86402563888889,-121.14361069444445,8,,,data/flame3/Fire/RGB/Corrected FOV/00015.JPG,data/flame3/Fire/Thermal/Raw JPG/00015.JPG,data/flame3/Fire/Thermal/Celsius TIFF/00015.TIFF,project_support/artifacts/flame3_manual_smoke_v2/machine_labels/labels/masks/train/fire/00015.png,project_support/artifacts/flame3_manual_smoke_v2/machine_labels/labels/boundary_maps/train/fire/00015.png,0
fire/00016,Fire,00016,2022-10-27 17:46:36,42.865280694444444,-121.13980594444445,7,,,data/flame3/Fire/RGB/Corrected FOV/00016.JPG,data/flame3/Fire/Thermal/Raw JPG/00016.JPG,data/flame3/Fire/Thermal/Celsius TIFF/00016.TIFF,project_support/artifacts/flame3_manual_smoke_v2/machine_labels/labels/masks/train/fire/00016.png,project_support/artifacts/flame3_manual_smoke_v2/machine_labels/labels/boundary_maps/train/fire/00016.png,0
fire/00018,Fire,00018,2022-10-27 15:39:05,42.86825775,-121.1367666388889,5,,,data/flame3/Fire/RGB/Corrected FOV/00018.JPG,data/flame3/Fire/Thermal/Raw JPG/00018.JPG,data/flame3/Fire/Thermal/Celsius TIFF/00018.TIFF,project_support/artifacts/flame3_manual_smoke_v2/machine_labels/labels/masks/train/fire/00018.png,project_support/artifacts/flame3_manual_smoke_v2/machine_labels/labels/boundary_maps/train/fire/00018.png,0
fire/00021,Fire,00021,2022-10-25 17:02:56,42.8517545,-121.1421151388889,0b,,,data/flame3/Fire/RGB/Corrected FOV/00021.JPG,data/flame3/Fire/Thermal/Raw JPG/00021.JPG,data/flame3/Fire/Thermal/Celsius TIFF/00021.TIFF,project_support/artifacts/flame3_manual_smoke_v2/machine_labels/labels/masks/train/fire/00021.png,project_support/artifacts/flame3_manual_smoke_v2/machine_labels/labels/boundary_maps/train/fire/00021.png,0
fire/00025,Fire,00025,2022-10-26 19:12:03,42.85069411111111,-121.14687852777779,3,,,data/flame3/Fire/RGB/Corrected FOV/00025.JPG,data/flame3/Fire/Thermal/Raw JPG/00025.JPG,data/flame3/Fire/Thermal/Celsius TIFF/00025.TIFF,project_support/artifacts/flame3_manual_smoke_v2/machine_labels/labels/masks/train/fire/00025.png,project_support/artifacts/flame3_manual_smoke_v2/machine_labels/labels/boundary_maps/train/fire/00025.png,0
fire/00026,Fire,00026,2022-10-27 17:48:47,42.861823916666665,-121.13037077777777,7,,,data/flame3/Fire/RGB/Corrected FOV/00026.JPG,data/flame3/Fire/Thermal/Raw JPG/00026.JPG,data/flame3/Fire/Thermal/Celsius TIFF/00026.TIFF,project_support/artifacts/flame3_manual_smoke_v2/machine_labels/labels/masks/train/fire/00026.png,project_support/artifacts/flame3_manual_smoke_v2/machine_labels/labels/boundary_maps/train/fire/00026.png,0
fire/00027,Fire,00027,2022-10-27 15:38:52,42.867932055555556,-121.13513361111112,5,,,data/flame3/Fire/RGB/Corrected FOV/00027.JPG,data/flame3/Fire/Thermal/Raw JPG/00027.JPG,data/flame3/Fire/Thermal/Celsius TIFF/00027.TIFF,project_support/artifacts/flame3_manual_smoke_v2/machine_labels/labels/masks/train/fire/00027.png,project_support/artifacts/flame3_manual_smoke_v2/machine_labels/labels/boundary_maps/train/fire/00027.png,0
fire/00029,Fire,00029,2022-10-26 18:33:42,42.84934375,-121.15073761111111,1,,,data/flame3/Fire/RGB/Corrected FOV/00029.JPG,data/flame3/Fire/Thermal/Raw JPG/00029.JPG,data/flame3/Fire/Thermal/Celsius TIFF/00029.TIFF,project_support/artifacts/flame3_manual_smoke_v2/machine_labels/labels/masks/train/fire/00029.png,project_support/artifacts/flame3_manual_smoke_v2/machine_labels/labels/boundary_maps/train/fire/00029.png,0
fire/00030,Fire,00030,2022-10-25 17:00:02,42.85067263888889,-121.14672941666667,0b,,,data/flame3/Fire/RGB/Corrected FOV/00030.JPG,data/flame3/Fire/Thermal/Raw JPG/00030.JPG,data/flame3/Fire/Thermal/Celsius TIFF/00030.TIFF,project_support/artifacts/flame3_manual_smoke_v2/machine_labels/labels/masks/train/fire/00030.png,project_support/artifacts/flame3_manual_smoke_v2/machine_labels/labels/boundary_maps/train/fire/00030.png,0
fire/00031,Fire,00031,2022-10-26 18:44:45,42.851228166666665,-121.14704616666667,1,,,data/flame3/Fire/RGB/Corrected FOV/00031.JPG,data/flame3/Fire/Thermal/Raw JPG/00031.JPG,data/flame3/Fire/Thermal/Celsius TIFF/00031.TIFF,project_support/artifacts/flame3_manual_smoke_v2/machine_labels/labels/masks/train/fire/00031.png,project_support/artifacts/flame3_manual_smoke_v2/machine_labels/labels/boundary_maps/train/fire/00031.png,0
fire/00032,Fire,00032,2022-10-26 18:37:12,42.850261,-121.15216211111111,1,,,data/flame3/Fire/RGB/Corrected FOV/00032.JPG,data/flame3/Fire/Thermal/Raw JPG/00032.JPG,data/flame3/Fire/Thermal/Celsius TIFF/00032.TIFF,project_support/artifacts/flame3_manual_smoke_v2/machine_labels/labels/masks/train/fire/00032.png,project_support/artifacts/flame3_manual_smoke_v2/machine_labels/labels/boundary_maps/train/fire/00032.png,0
fire/00033,Fire,00033,2022-10-26 18:33:36,42.849339666666665,-121.14970202777778,1,,,data/flame3/Fire/RGB/Corrected FOV/00033.JPG,data/flame3/Fire/Thermal/Raw JPG/00033.JPG,data/flame3/Fire/Thermal/Celsius TIFF/00033.TIFF,project_support/data/flame3_manual_smoke_v2_annotation/completed_masks/A101.png,project_support/artifacts/flame3_manual_smoke_v2/machine_labels/labels/boundary_maps/train/fire/00033.png,1
fire/00034,Fire,00034,2022-10-25 17:02:23,42.850424333333336,-121.14391747222223,0b,,,data/flame3/Fire/RGB/Corrected FOV/00034.JPG,data/flame3/Fire/Thermal/Raw JPG/00034.JPG,data/flame3/Fire/Thermal/Celsius TIFF/00034.TIFF,project_support/artifacts/flame3_manual_smoke_v2/machine_labels/labels/masks/train/fire/00034.png,project_support/artifacts/flame3_manual_smoke_v2/machine_labels/labels/boundary_maps/train/fire/00034.png,0
fire/00035,Fire,00035,2022-10-27 15:42:33,42.866244972222226,-121.1382486388889,5,,,data/flame3/Fire/RGB/Corrected FOV/00035.JPG,data/flame3/Fire/Thermal/Raw JPG/00035.JPG,data/flame3/Fire/Thermal/Celsius TIFF/00035.TIFF,project_support/artifacts/flame3_manual_smoke_v2/machine_labels/labels/masks/train/fire/00035.png,project_support/artifacts/flame3_manual_smoke_v2/machine_labels/labels/boundary_maps/train/fire/00035.png,0
fire/00036,Fire,00036,2022-10-27 17:46:24,42.86641811111111,-121.13946605555556,7,,,data/flame3/Fire/RGB/Corrected FOV/00036.JPG,data/flame3/Fire/Thermal/Raw JPG/00036.JPG,data/flame3/Fire/Thermal/Celsius TIFF/00036.TIFF,project_support/artifacts/flame3_manual_smoke_v2/machine_labels/labels/masks/train/fire/00036.png,project_support/artifacts/flame3_manual_smoke_v2/machine_labels/labels/boundary_maps/train/fire/00036.png,0
fire/00038,Fire,00038,2022-10-26 18:38:03,42.85415288888889,-121.14871727777779,1,,,data/flame3/Fire/RGB/Corrected FOV/00038.JPG,data/flame3/Fire/Thermal/Raw JPG/00038.JPG,data/flame3/Fire/Thermal/Celsius TIFF/00038.TIFF,project_support/artifacts/flame3_manual_smoke_v2/machine_labels/labels/masks/train/fire/00038.png,project_support/artifacts/flame3_manual_smoke_v2/machine_labels/labels/boundary_maps/train/fire/00038.png,0
fire/00039,Fire,00039,2022-10-27 15:42:42,42.86636655555556,-121.13794391666667,5,,,data/flame3/Fire/RGB/Corrected FOV/00039.JPG,data/flame3/Fire/Thermal/Raw JPG/00039.JPG,data/flame3/Fire/Thermal/Celsius TIFF/00039.TIFF,project_support/data/flame3_manual_smoke_v2_annotation/completed_masks/A091.png,project_support/artifacts/flame3_manual_smoke_v2/machine_labels/labels/boundary_maps/train/fire/00039.png,1
fire/00040,Fire,00040,2022-10-27 19:00:25,42.86315913888889,-121.13786338888889,8,,,data/flame3/Fire/RGB/Corrected FOV/00040.JPG,data/flame3/Fire/Thermal/Raw JPG/00040.JPG,data/flame3/Fire/Thermal/Celsius TIFF/00040.TIFF,project_support/data/flame3_manual_smoke_v2_annotation/completed_masks/A087.png,project_support/artifacts/flame3_manual_smoke_v2/machine_labels/labels/boundary_maps/train/fire/00040.png,1
fire/00041,Fire,00041,2022-10-27 17:48:32,42.861854916666665,-121.13332966666665,7,,,data/flame3/Fire/RGB/Corrected FOV/00041.JPG,data/flame3/Fire/Thermal/Raw JPG/00041.JPG,data/flame3/Fire/Thermal/Celsius TIFF/00041.TIFF,project_support/artifacts/flame3_manual_smoke_v2/machine_labels/labels/masks/train/fire/00041.png,project_support/artifacts/flame3_manual_smoke_v2/machine_labels/labels/boundary_maps/train/fire/00041.png,0
fire/00044,Fire,00044,2022-10-27 17:49:11,42.860449583333335,-121.12786869444444,7,,,data/flame3/Fire/RGB/Corrected FOV/00044.JPG,data/flame3/Fire/Thermal/Raw JPG/00044.JPG,data/flame3/Fire/Thermal/Celsius TIFF/00044.TIFF,project_support/artifacts/flame3_manual_smoke_v2/machine_labels/labels/masks/train/fire/00044.png,project_support/artifacts/flame3_manual_smoke_v2/machine_labels/labels/boundary_maps/train/fire/00044.png,0
fire/00045,Fire,00045,2022-10-26 18:32:30,42.85403427777778,-121.1522848888889,1,,,data/flame3/Fire/RGB/Corrected FOV/00045.JPG,data/flame3/Fire/Thermal/Raw JPG/00045.JPG,data/flame3/Fire/Thermal/Celsius TIFF/00045.TIFF,project_support/artifacts/flame3_manual_smoke_v2/machine_labels/labels/masks/train/fire/00045.png,project_support/artifacts/flame3_manual_smoke_v2/machine_labels/labels/boundary_maps/train/fire/00045.png,0
fire/00046,Fire,00046,2022-10-26 19:11:57,42.85069416666667,-121.14687875000001,3,,,data/flame3/Fire/RGB/Corrected FOV/00046.JPG,data/flame3/Fire/Thermal/Raw JPG/00046.JPG,data/flame3/Fire/Thermal/Celsius TIFF/00046.TIFF,project_support/data/flame3_manual_smoke_v2_annotation/completed_masks/A109.png,project_support/artifacts/flame3_manual_smoke_v2/machine_labels/labels/boundary_maps/train/fire/00046.png,1
fire/00047,Fire,00047,2022-10-27 15:38:31,42.86539675,-121.13417961111112,5,,,data/flame3/Fire/RGB/Corrected FOV/00047.JPG,data/flame3/Fire/Thermal/Raw JPG/00047.JPG,data/flame3/Fire/Thermal/Celsius TIFF/00047.TIFF,project_support/artifacts/flame3_manual_smoke_v2/machine_labels/labels/masks/train/fire/00047.png,project_support/artifacts/flame3_manual_smoke_v2/machine_labels/labels/boundary_maps/train/fire/00047.png,0
fire/00048,Fire,00048,2022-10-27 15:43:30,42.866750861111115,-121.13367322222223,5,,,data/flame3/Fire/RGB/Corrected FOV/00048.JPG,data/flame3/Fire/Thermal/Raw JPG/00048.JPG,data/flame3/Fire/Thermal/Celsius TIFF/00048.TIFF,project_support/artifacts/flame3_manual_smoke_v2/machine_labels/labels/masks/train/fire/00048.png,project_support/artifacts/flame3_manual_smoke_v2/machine_labels/labels/boundary_maps/train/fire/00048.png,0
fire/00049,Fire,00049,2022-10-26 18:37:36,42.853338722222226,-121.15351458333333,1,,,data/flame3/Fire/RGB/Corrected FOV/00049.JPG,data/flame3/Fire/Thermal/Raw JPG/00049.JPG,data/flame3/Fire/Thermal/Celsius TIFF/00049.TIFF,project_support/artifacts/flame3_manual_smoke_v2/machine_labels/labels/masks/train/fire/00049.png,project_support/artifacts/flame3_manual_smoke_v2/machine_labels/labels/boundary_maps/train/fire/00049.png,0
fire/00050,Fire,00050,2022-10-27 15:43:27,42.86714202777778,-121.13379722222223,5,,,data/flame3/Fire/RGB/Corrected FOV/00050.JPG,data/flame3/Fire/Thermal/Raw JPG/00050.JPG,data/flame3/Fire/Thermal/Celsius TIFF/00050.TIFF,project_support/artifacts/flame3_manual_smoke_v2/machine_labels/labels/masks/train/fire/00050.png,project_support/artifacts/flame3_manual_smoke_v2/machine_labels/labels/boundary_maps/train/fire/00050.png,0
fire/00051,Fire,00051,2022-10-26 18:38:54,42.85078405555556,-121.15251241666667,1,,,data/flame3/Fire/RGB/Corrected FOV/00051.JPG,data/flame3/Fire/Thermal/Raw JPG/00051.JPG,data/flame3/Fire/Thermal/Celsius TIFF/00051.TIFF,project_support/artifacts/flame3_manual_smoke_v2/machine_labels/labels/masks/train/fire/00051.png,project_support/artifacts/flame3_manual_smoke_v2/machine_labels/labels/boundary_maps/train/fire/00051.png,0
fire/00052,Fire,00052,2022-10-27 15:39:29,42.86706902777778,-121.13456338888889,5,,,data/flame3/Fire/RGB/Corrected FOV/00052.JPG,data/flame3/Fire/Thermal/Raw JPG/00052.JPG,data/flame3/Fire/Thermal/Celsius TIFF/00052.TIFF,project_support/artifacts/flame3_manual_smoke_v2/machine_labels/labels/masks/train/fire/00052.png,project_support/artifacts/flame3_manual_smoke_v2/machine_labels/labels/boundary_maps/train/fire/00052.png,0
fire/00053,Fire,00053,2022-10-27 15:41:27,42.86856866666667,-121.13586258333333,5,,,data/flame3/Fire/RGB/Corrected FOV/00053.JPG,data/flame3/Fire/Thermal/Raw JPG/00053.JPG,data/flame3/Fire/Thermal/Celsius TIFF/00053.TIFF,project_support/artifacts/flame3_manual_smoke_v2/machine_labels/labels/masks/train/fire/00053.png,project_support/artifacts/flame3_manual_smoke_v2/machine_labels/labels/boundary_maps/train/fire/00053.png,0
fire/00054,Fire,00054,2022-10-27 17:49:02,42.86148577777778,-121.12812116666666,7,,,data/flame3/Fire/RGB/Corrected FOV/00054.JPG,data/flame3/Fire/Thermal/Raw JPG/00054.JPG,data/flame3/Fire/Thermal/Celsius TIFF/00054.TIFF,project_support/artifacts/flame3_manual_smoke_v2/machine_labels/labels/masks/train/fire/00054.png,project_support/artifacts/flame3_manual_smoke_v2/machine_labels/labels/boundary_maps/train/fire/00054.png,0
fire/00056,Fire,00056,2022-10-26 18:43:30,42.85081038888889,-121.15254977777778,1,,,data/flame3/Fire/RGB/Corrected FOV/00056.JPG,data/flame3/Fire/Thermal/Raw JPG/00056.JPG,data/flame3/Fire/Thermal/Celsius TIFF/00056.TIFF,project_support/data/flame3_manual_smoke_v2_annotation/completed_masks/A088.png,project_support/artifacts/flame3_manual_smoke_v2/machine_labels/labels/boundary_maps/train/fire/00056.png,1
fire/00058,Fire,00058,2022-10-27 15:43:12,42.868321916666666,-121.13574566666668,5,,,data/flame3/Fire/RGB/Corrected FOV/00058.JPG,data/flame3/Fire/Thermal/Raw JPG/00058.JPG,data/flame3/Fire/Thermal/Celsius TIFF/00058.TIFF,project_support/artifacts/flame3_manual_smoke_v2/machine_labels/labels/masks/train/fire/00058.png,project_support/artifacts/flame3_manual_smoke_v2/machine_labels/labels/boundary_maps/train/fire/00058.png,0
fire/00059,Fire,00059,2022-10-27 15:43:33,42.86635722222223,-121.13364808333334,5,,,data/flame3/Fire/RGB/Corrected FOV/00059.JPG,data/flame3/Fire/Thermal/Raw JPG/00059.JPG,data/flame3/Fire/Thermal/Celsius TIFF/00059.TIFF,project_support/artifacts/flame3_manual_smoke_v2/machine_labels/labels/masks/train/fire/00059.png,project_support/artifacts/flame3_manual_smoke_v2/machine_labels/labels/boundary_maps/train/fire/00059.png,0
fire/00061,Fire,00061,2022-10-26 18:37:45,42.85411397222222,-121.15206022222223,1,,,data/flame3/Fire/RGB/Corrected FOV/00061.JPG,data/flame3/Fire/Thermal/Raw JPG/00061.JPG,data/flame3/Fire/Thermal/Celsius TIFF/00061.TIFF,project_support/artifacts/flame3_manual_smoke_v2/machine_labels/labels/masks/train/fire/00061.png,project_support/artifacts/flame3_manual_smoke_v2/machine_labels/labels/boundary_maps/train/fire/00061.png,0
fire/00062,Fire,00062,2022-10-27 15:40:17,42.866843305555555,-121.13437091666667,5,,,data/flame3/Fire/RGB/Corrected FOV/00062.JPG,data/flame3/Fire/Thermal/Raw JPG/00062.JPG,data/flame3/Fire/Thermal/Celsius TIFF/00062.TIFF,project_support/artifacts/flame3_manual_smoke_v2/machine_labels/labels/masks/train/fire/00062.png,project_support/artifacts/flame3_manual_smoke_v2/machine_labels/labels/boundary_maps/train/fire/00062.png,0
fire/00064,Fire,00064,2022-10-27 15:42:27,42.866233388888894,-121.13833816666667,5,,,data/flame3/Fire/RGB/Corrected FOV/00064.JPG,data/flame3/Fire/Thermal/Raw JPG/00064.JPG,data/flame3/Fire/Thermal/Celsius TIFF/00064.TIFF,project_support/artifacts/flame3_manual_smoke_v2/machine_labels/labels/masks/train/fire/00064.png,project_support/artifacts/flame3_manual_smoke_v2/machine_labels/labels/boundary_maps/train/fire/00064.png,0
fire/00067,Fire,00067,2022-10-26 18:32:57,42.85350047222222,-121.14775930555557,1,,,data/flame3/Fire/RGB/Corrected FOV/00067.JPG,data/flame3/Fire/Thermal/Raw JPG/00067.JPG,data/flame3/Fire/Thermal/Celsius TIFF/00067.TIFF,project_support/artifacts/flame3_manual_smoke_v2/machine_labels/labels/masks/train/fire/00067.png,project_support/artifacts/flame3_manual_smoke_v2/machine_labels/labels/boundary_maps/train/fire/00067.png,0
fire/00068,Fire,00068,2022-10-26 18:33:39,42.849298000000005,-121.15022397222222,1,,,data/flame3/Fire/RGB/Corrected FOV/00068.JPG,data/flame3/Fire/Thermal/Raw JPG/00068.JPG,data/flame3/Fire/Thermal/Celsius TIFF/00068.TIFF,project_support/artifacts/flame3_manual_smoke_v2/machine_labels/labels/masks/train/fire/00068.png,project_support/artifacts/flame3_manual_smoke_v2/machine_labels/labels/boundary_maps/train/fire/00068.png,0
fire/00069,Fire,00069,2022-10-27 19:00:28,42.86319877777778,-121.13838544444445,8,,,data/flame3/Fire/RGB/Corrected FOV/00069.JPG,data/flame3/Fire/Thermal/Raw JPG/00069.JPG,data/flame3/Fire/Thermal/Celsius TIFF/00069.TIFF,project_support/data/flame3_manual_smoke_v2_annotation/completed_masks/A131.png,project_support/artifacts/flame3_manual_smoke_v2/machine_labels/labels/boundary_maps/train/fire/00069.png,1
fire/00070,Fire,00070,2022-10-25 17:02:17,42.85060502777778,-121.14500180555557,0b,,,data/flame3/Fire/RGB/Corrected FOV/00070.JPG,data/flame3/Fire/Thermal/Raw JPG/00070.JPG,data/flame3/Fire/Thermal/Celsius TIFF/00070.TIFF,project_support/data/flame3_manual_smoke_v2_annotation/completed_masks/A050.png,project_support/artifacts/flame3_manual_smoke_v2/machine_labels/labels/boundary_maps/train/fire/00070.png,1
fire/00071,Fire,00071,2022-10-27 19:00:43,42.86323247222222,-121.14099294444445,8,,,data/flame3/Fire/RGB/Corrected FOV/00071.JPG,data/flame3/Fire/Thermal/Raw JPG/00071.JPG,data/flame3/Fire/Thermal/Celsius TIFF/00071.TIFF,project_support/artifacts/flame3_manual_smoke_v2/machine_labels/labels/masks/train/fire/00071.png,project_support/artifacts/flame3_manual_smoke_v2/machine_labels/labels/boundary_maps/train/fire/00071.png,0
fire/00072,Fire,00072,2022-10-26 18:34:06,42.84959125,-121.15165733333333,1,,,data/flame3/Fire/RGB/Corrected FOV/00072.JPG,data/flame3/Fire/Thermal/Raw JPG/00072.JPG,data/flame3/Fire/Thermal/Celsius TIFF/00072.TIFF,project_support/artifacts/flame3_manual_smoke_v2/machine_labels/labels/masks/train/fire/00072.png,project_support/artifacts/flame3_manual_smoke_v2/machine_labels/labels/boundary_maps/train/fire/00072.png,0
fire/00073,Fire,00073,2022-10-27 15:42:15,42.866486083333335,-121.14016897222223,5,,,data/flame3/Fire/RGB/Corrected FOV/00073.JPG,data/flame3/Fire/Thermal/Raw JPG/00073.JPG,data/flame3/Fire/Thermal/Celsius TIFF/00073.TIFF,project_support/artifacts/flame3_manual_smoke_v2/machine_labels/labels/masks/train/fire/00073.png,project_support/artifacts/flame3_manual_smoke_v2/machine_labels/labels/boundary_maps/train/fire/00073.png,0
fire/00074,Fire,00074,2022-10-26 18:44:15,42.85447497222222,-121.15007219444445,1,,,data/flame3/Fire/RGB/Corrected FOV/00074.JPG,data/flame3/Fire/Thermal/Raw JPG/00074.JPG,data/flame3/Fire/Thermal/Celsius TIFF/00074.TIFF,project_support/data/flame3_manual_smoke_v2_annotation/completed_masks/A086.png,project_support/artifacts/flame3_manual_smoke_v2/machine_labels/labels/boundary_maps/train/fire/00074.png,1
fire/00078,Fire,00078,2022-10-26 18:43:45,42.85114930555556,-121.15292658333334,1,,,data/flame3/Fire/RGB/Corrected FOV/00078.JPG,data/flame3/Fire/Thermal/Raw JPG/00078.JPG,data/flame3/Fire/Thermal/Celsius TIFF/00078.TIFF,project_support/data/flame3_manual_smoke_v2_annotation/completed_masks/A085.png,project_support/artifacts/flame3_manual_smoke_v2/machine_labels/labels/boundary_maps/train/fire/00078.png,1
fire/00079,Fire,00079,2022-10-27 17:49:56,42.85829430555556,-121.13020252777777,7,,,data/flame3/Fire/RGB/Corrected FOV/00079.JPG,data/flame3/Fire/Thermal/Raw JPG/00079.JPG,data/flame3/Fire/Thermal/Celsius TIFF/00079.TIFF,project_support/data/flame3_manual_smoke_v2_annotation/completed_masks/A096.png,project_support/artifacts/flame3_manual_smoke_v2/machine_labels/labels/boundary_maps/train/fire/00079.png,1
fire/00080,Fire,00080,2022-10-26 18:32:48,42.854291333333336,-121.14907061111111,1,,,data/flame3/Fire/RGB/Corrected FOV/00080.JPG,data/flame3/Fire/Thermal/Raw JPG/00080.JPG,data/flame3/Fire/Thermal/Celsius TIFF/00080.TIFF,project_support/artifacts/flame3_manual_smoke_v2/machine_labels/labels/masks/train/fire/00080.png,project_support/artifacts/flame3_manual_smoke_v2/machine_labels/labels/boundary_maps/train/fire/00080.png,0
fire/00083,Fire,00083,2022-10-27 15:38:55,42.86811355555555,-121.13562555555556,5,,,data/flame3/Fire/RGB/Corrected FOV/00083.JPG,data/flame3/Fire/Thermal/Raw JPG/00083.JPG,data/flame3/Fire/Thermal/Celsius TIFF/00083.TIFF,project_support/artifacts/flame3_manual_smoke_v2/machine_labels/labels/masks/train/fire/00083.png,project_support/artifacts/flame3_manual_smoke_v2/machine_labels/labels/boundary_maps/train/fire/00083.png,0
fire/00084,Fire,00084,2022-10-27 15:43:15,42.86833544444445,-121.13514227777779,5,,,data/flame3/Fire/RGB/Corrected FOV/00084.JPG,data/flame3/Fire/Thermal/Raw JPG/00084.JPG,data/flame3/Fire/Thermal/Celsius TIFF/00084.TIFF,project_support/artifacts/flame3_manual_smoke_v2/machine_labels/labels/masks/train/fire/00084.png,project_support/artifacts/flame3_manual_smoke_v2/machine_labels/labels/boundary_maps/train/fire/00084.png,0
fire/00087,Fire,00087,2022-10-26 18:37:15,42.85063302777778,-121.15246633333334,1,,,data/flame3/Fire/RGB/Corrected FOV/00087.JPG,data/flame3/Fire/Thermal/Raw JPG/00087.JPG,data/flame3/Fire/Thermal/Celsius TIFF/00087.TIFF,project_support/artifacts/flame3_manual_smoke_v2/machine_labels/labels/masks/train/fire/00087.png,project_support/artifacts/flame3_manual_smoke_v2/machine_labels/labels/boundary_maps/train/fire/00087.png,0
fire/00090,Fire,00090,2022-10-27 17:47:08,42.862777333333334,-121.1389241388889,7,,,data/flame3/Fire/RGB/Corrected FOV/00090.JPG,data/flame3/Fire/Thermal/Raw JPG/00090.JPG,data/flame3/Fire/Thermal/Celsius TIFF/00090.TIFF,project_support/data/flame3_manual_smoke_v2_annotation/completed_masks/A113.png,project_support/artifacts/flame3_manual_smoke_v2/machine_labels/labels/boundary_maps/train/fire/00090.png,1
fire/00091,Fire,00091,2022-10-25 16:58:53,42.85348008333334,-121.14941922222224,0b,,,data/flame3/Fire/RGB/Corrected FOV/00091.JPG,data/flame3/Fire/Thermal/Raw JPG/00091.JPG,data/flame3/Fire/Thermal/Celsius TIFF/00091.TIFF,project_support/data/flame3_manual_smoke_v2_annotation/completed_masks/A051.png,project_support/artifacts/flame3_manual_smoke_v2/machine_labels/labels/boundary_maps/train/fire/00091.png,1
fire/00092,Fire,00092,2022-10-27 17:47:10,42.86294458333334,-121.13868341666668,7,,,data/flame3/Fire/RGB/Corrected FOV/00092.JPG,data/flame3/Fire/Thermal/Raw JPG/00092.JPG,data/flame3/Fire/Thermal/Celsius TIFF/00092.TIFF,project_support/artifacts/flame3_manual_smoke_v2/machine_labels/labels/masks/train/fire/00092.png,project_support/artifacts/flame3_manual_smoke_v2/machine_labels/labels/boundary_maps/train/fire/00092.png,0
fire/00093,Fire,00093,2022-10-27 15:42:39,42.866254500000004,-121.13820677777778,5,,,data/flame3/Fire/RGB/Corrected FOV/00093.JPG,data/flame3/Fire/Thermal/Raw JPG/00093.JPG,data/flame3/Fire/Thermal/Celsius TIFF/00093.TIFF,project_support/artifacts/flame3_manual_smoke_v2/machine_labels/labels/masks/train/fire/00093.png,project_support/artifacts/flame3_manual_smoke_v2/machine_labels/labels/boundary_maps/train/fire/00093.png,0
fire/00095,Fire,00095,2022-10-27 17:48:35,42.861789333333334,-121.13276880555554,7,,,data/flame3/Fire/RGB/Corrected FOV/00095.JPG,data/flame3/Fire/Thermal/Raw JPG/00095.JPG,data/flame3/Fire/Thermal/Celsius TIFF/00095.TIFF,project_support/artifacts/flame3_manual_smoke_v2/machine_labels/labels/masks/train/fire/00095.png,project_support/artifacts/flame3_manual_smoke_v2/machine_labels/labels/boundary_maps/train/fire/00095.png,0
fire/00096,Fire,00096,2022-10-27 15:40:26,42.86684313888889,-121.13437066666667,5,,,data/flame3/Fire/RGB/Corrected FOV/00096.JPG,data/flame3/Fire/Thermal/Raw JPG/00096.JPG,data/flame3/Fire/Thermal/Celsius TIFF/00096.TIFF,project_support/artifacts/flame3_manual_smoke_v2/machine_labels/labels/masks/train/fire/00096.png,project_support/artifacts/flame3_manual_smoke_v2/machine_labels/labels/boundary_maps/train/fire/00096.png,0
fire/00097,Fire,00097,2022-10-27 15:41:24,42.86830622222222,-121.13548508333334,5,,,data/flame3/Fire/RGB/Corrected FOV/00097.JPG,data/flame3/Fire/Thermal/Raw JPG/00097.JPG,data/flame3/Fire/Thermal/Celsius TIFF/00097.TIFF,project_support/data/flame3_manual_smoke_v2_annotation/completed_masks/A110.png,project_support/artifacts/flame3_manual_smoke_v2/machine_labels/labels/boundary_maps/train/fire/00097.png,1
fire/00099,Fire,00099,2022-10-27 17:47:22,42.86245402777778,-121.13693161111112,7,,,data/flame3/Fire/RGB/Corrected FOV/00099.JPG,data/flame3/Fire/Thermal/Raw JPG/00099.JPG,data/flame3/Fire/Thermal/Celsius TIFF/00099.TIFF,project_support/artifacts/flame3_manual_smoke_v2/machine_labels/labels/masks/train/fire/00099.png,project_support/artifacts/flame3_manual_smoke_v2/machine_labels/labels/boundary_maps/train/fire/00099.png,0
fire/00100,Fire,00100,2022-10-27 17:48:23,42.86264380555556,-121.13443383333335,7,,,data/flame3/Fire/RGB/Corrected FOV/00100.JPG,data/flame3/Fire/Thermal/Raw JPG/00100.JPG,data/flame3/Fire/Thermal/Celsius TIFF/00100.TIFF,project_support/artifacts/flame3_manual_smoke_v2/machine_labels/labels/masks/train/fire/00100.png,project_support/artifacts/flame3_manual_smoke_v2/machine_labels/labels/boundary_maps/train/fire/00100.png,0
fire/00101,Fire,00101,2022-10-27 17:48:59,42.861815472222226,-121.12848405555555,7,,,data/flame3/Fire/RGB/Corrected FOV/00101.JPG,data/flame3/Fire/Thermal/Raw JPG/00101.JPG,data/flame3/Fire/Thermal/Celsius TIFF/00101.TIFF,project_support/data/flame3_manual_smoke_v2_annotation/completed_masks/A098.png,project_support/artifacts/flame3_manual_smoke_v2/machine_labels/labels/boundary_maps/train/fire/00101.png,1
fire/00102,Fire,00102,2022-10-27 17:47:50,42.86434283333333,-121.13599622222223,7,,,data/flame3/Fire/RGB/Corrected FOV/00102.JPG,data/flame3/Fire/Thermal/Raw JPG/00102.JPG,data/flame3/Fire/Thermal/Celsius TIFF/00102.TIFF,project_support/artifacts/flame3_manual_smoke_v2/machine_labels/labels/masks/train/fire/00102.png,project_support/artifacts/flame3_manual_smoke_v2/machine_labels/labels/boundary_maps/train/fire/00102.png,0
fire/00104,Fire,00104,2022-10-26 18:32:24,42.85348041666667,-121.15313502777778,1,,,data/flame3/Fire/RGB/Corrected FOV/00104.JPG,data/flame3/Fire/Thermal/Raw JPG/00104.JPG,data/flame3/Fire/Thermal/Celsius TIFF/00104.TIFF,project_support/artifacts/flame3_manual_smoke_v2/machine_labels/labels/masks/train/fire/00104.png,project_support/artifacts/flame3_manual_smoke_v2/machine_labels/labels/boundary_maps/train/fire/00104.png,0
fire/00106,Fire,00106,2022-10-26 18:34:48,42.84958813888889,-121.15165452777778,1,,,data/flame3/Fire/RGB/Corrected FOV/00106.JPG,data/flame3/Fire/Thermal/Raw JPG/00106.JPG,data/flame3/Fire/Thermal/Celsius TIFF/00106.TIFF,project_support/artifacts/flame3_manual_smoke_v2/machine_labels/labels/masks/train/fire/00106.png,project_support/artifacts/flame3_manual_smoke_v2/machine_labels/labels/boundary_maps/train/fire/00106.png,0
fire/00107,Fire,00107,2022-10-27 19:00:13,42.86331725,-121.13632583333334,8,,,data/flame3/Fire/RGB/Corrected FOV/00107.JPG,data/flame3/Fire/Thermal/Raw JPG/00107.JPG,data/flame3/Fire/Thermal/Celsius TIFF/00107.TIFF,project_support/data/flame3_manual_smoke_v2_annotation/completed_masks/A092.png,project_support/artifacts/flame3_manual_smoke_v2/machine_labels/labels/boundary_maps/train/fire/00107.png,1
fire/00108,Fire,00108,2022-10-27 17:48:38,42.861787472222225,-121.13217036111111,7,,,data/flame3/Fire/RGB/Corrected FOV/00108.JPG,data/flame3/Fire/Thermal/Raw JPG/00108.JPG,data/flame3/Fire/Thermal/Celsius TIFF/00108.TIFF,project_support/artifacts/flame3_manual_smoke_v2/machine_labels/labels/masks/train/fire/00108.png,project_support/artifacts/flame3_manual_smoke_v2/machine_labels/labels/boundary_maps/train/fire/00108.png,0
fire/00109,Fire,00109,2022-10-27 15:40:11,42.86684297222222,-121.134371,5,,,data/flame3/Fire/RGB/Corrected FOV/00109.JPG,data/flame3/Fire/Thermal/Raw JPG/00109.JPG,data/flame3/Fire/Thermal/Celsius TIFF/00109.TIFF,project_support/artifacts/flame3_manual_smoke_v2/machine_labels/labels/masks/train/fire/00109.png,project_support/artifacts/flame3_manual_smoke_v2/machine_labels/labels/boundary_maps/train/fire/00109.png,0
fire/00112,Fire,00112,2022-10-25 16:59:38,42.85231752777778,-121.14596194444445,0b,,,data/flame3/Fire/RGB/Corrected FOV/00112.JPG,data/flame3/Fire/Thermal/Raw JPG/00112.JPG,data/flame3/Fire/Thermal/Celsius TIFF/00112.TIFF,project_support/artifacts/flame3_manual_smoke_v2/machine_labels/labels/masks/train/fire/00112.png,project_support/artifacts/flame3_manual_smoke_v2/machine_labels/labels/boundary_maps/train/fire/00112.png,0
fire/00113,Fire,00113,2022-10-25 17:01:47,42.85162669444445,-121.14812777777779,0b,,,data/flame3/Fire/RGB/Corrected FOV/00113.JPG,data/flame3/Fire/Thermal/Raw JPG/00113.JPG,data/flame3/Fire/Thermal/Celsius TIFF/00113.TIFF,project_support/artifacts/flame3_manual_smoke_v2/machine_labels/labels/masks/train/fire/00113.png,project_support/artifacts/flame3_manual_smoke_v2/machine_labels/labels/boundary_maps/train/fire/00113.png,0
fire/00114,Fire,00114,2022-10-27 19:00:34,42.86317938888889,-121.13926680555556,8,,,data/flame3/Fire/RGB/Corrected FOV/00114.JPG,data/flame3/Fire/Thermal/Raw JPG/00114.JPG,data/flame3/Fire/Thermal/Celsius TIFF/00114.TIFF,project_support/artifacts/flame3_manual_smoke_v2/machine_labels/labels/masks/train/fire/00114.png,project_support/artifacts/flame3_manual_smoke_v2/machine_labels/labels/boundary_maps/train/fire/00114.png,0
fire/00116,Fire,00116,2022-10-26 18:34:15,42.849590444444445,-121.15165561111111,1,,,data/flame3/Fire/RGB/Corrected FOV/00116.JPG,data/flame3/Fire/Thermal/Raw JPG/00116.JPG,data/flame3/Fire/Thermal/Celsius TIFF/00116.TIFF,project_support/artifacts/flame3_manual_smoke_v2/machine_labels/labels/masks/train/fire/00116.png,project_support/artifacts/flame3_manual_smoke_v2/machine_labels/labels/boundary_maps/train/fire/00116.png,0
fire/00117,Fire,00117,2022-10-26 18:43:39,42.850808444444446,-121.15254919444445,1,,,data/flame3/Fire/RGB/Corrected FOV/00117.JPG,data/flame3/Fire/Thermal/Raw JPG/00117.JPG,data/flame3/Fire/Thermal/Celsius TIFF/00117.TIFF,project_support/artifacts/flame3_manual_smoke_v2/machine_labels/labels/masks/train/fire/00117.png,project_support/artifacts/flame3_manual_smoke_v2/machine_labels/labels/boundary_maps/train/fire/00117.png,0
fire/00118,Fire,00118,2022-10-27 17:47:47,42.863932,-121.13615616666668,7,,,data/flame3/Fire/RGB/Corrected FOV/00118.JPG,data/flame3/Fire/Thermal/Raw JPG/00118.JPG,data/flame3/Fire/Thermal/Celsius TIFF/00118.TIFF,project_support/artifacts/flame3_manual_smoke_v2/machine_labels/labels/masks/train/fire/00118.png,project_support/artifacts/flame3_manual_smoke_v2/machine_labels/labels/boundary_maps/train/fire/00118.png,0
fire/00119,Fire,00119,2022-10-26 18:33:09,42.85200175,-121.14750611111111,1,,,data/flame3/Fire/RGB/Corrected FOV/00119.JPG,data/flame3/Fire/Thermal/Raw JPG/00119.JPG,data/flame3/Fire/Thermal/Celsius TIFF/00119.TIFF,project_support/artifacts/flame3_manual_smoke_v2/machine_labels/labels/masks/train/fire/00119.png,project_support/artifacts/flame3_manual_smoke_v2/machine_labels/labels/boundary_maps/train/fire/00119.png,0
fire/00121,Fire,00121,2022-10-25 17:02:44,42.851779055555554,-121.14102166666667,0b,,,data/flame3/Fire/RGB/Corrected FOV/00121.JPG,data/flame3/Fire/Thermal/Raw JPG/00121.JPG,data/flame3/Fire/Thermal/Celsius TIFF/00121.TIFF,project_support/artifacts/flame3_manual_smoke_v2/machine_labels/labels/masks/train/fire/00121.png,project_support/artifacts/flame3_manual_smoke_v2/machine_labels/labels/boundary_maps/train/fire/00121.png,0
fire/00122,Fire,00122,2022-10-26 18:38:48,42.850417944444445,-121.15161491666667,1,,,data/flame3/Fire/RGB/Corrected FOV/00122.JPG,data/flame3/Fire/Thermal/Raw JPG/00122.JPG,data/flame3/Fire/Thermal/Celsius TIFF/00122.TIFF,project_support/data/flame3_manual_smoke_v2_annotation/completed_masks/A089.png,project_support/artifacts/flame3_manual_smoke_v2/machine_labels/labels/boundary_maps/train/fire/00122.png,1
fire/00123,Fire,00123,2022-10-26 18:37:21,42.8512665,-121.15322016666667,1,,,data/flame3/Fire/RGB/Corrected FOV/00123.JPG,data/flame3/Fire/Thermal/Raw JPG/00123.JPG,data/flame3/Fire/Thermal/Celsius TIFF/00123.TIFF,project_support/artifacts/flame3_manual_smoke_v2/machine_labels/labels/masks/train/fire/00123.png,project_support/artifacts/flame3_manual_smoke_v2/machine_labels/labels/boundary_maps/train/fire/00123.png,0
fire/00124,Fire,00124,2022-10-25 16:59:14,42.853424555555556,-121.14791608333334,0b,,,data/flame3/Fire/RGB/Corrected FOV/00124.JPG,data/flame3/Fire/Thermal/Raw JPG/00124.JPG,data/flame3/Fire/Thermal/Celsius TIFF/00124.TIFF,project_support/artifacts/flame3_manual_smoke_v2/machine_labels/labels/masks/train/fire/00124.png,project_support/artifacts/flame3_manual_smoke_v2/machine_labels/labels/boundary_maps/train/fire/00124.png,0
fire/00125,Fire,00125,2022-10-27 17:45:44,42.86703794444445,-121.13736869444445,7,,,data/flame3/Fire/RGB/Corrected FOV/00125.JPG,data/flame3/Fire/Thermal/Raw JPG/00125.JPG,data/flame3/Fire/Thermal/Celsius TIFF/00125.TIFF,project_support/artifacts/flame3_manual_smoke_v2/machine_labels/labels/masks/train/fire/00125.png,project_support/artifacts/flame3_manual_smoke_v2/machine_labels/labels/boundary_maps/train/fire/00125.png,0
fire/00126,Fire,00126,2022-10-27 15:42:00,42.8680315,-121.13993275,5,,,data/flame3/Fire/RGB/Corrected FOV/00126.JPG,data/flame3/Fire/Thermal/Raw JPG/00126.JPG,data/flame3/Fire/Thermal/Celsius TIFF/00126.TIFF,project_support/data/flame3_manual_smoke_v2_annotation/completed_masks/A129.png,project_support/artifacts/flame3_manual_smoke_v2/machine_labels/labels/boundary_maps/train/fire/00126.png,1
fire/00127,Fire,00127,2022-10-27 15:41:15,42.8672585,-121.13466063888889,5,,,data/flame3/Fire/RGB/Corrected FOV/00127.JPG,data/flame3/Fire/Thermal/Raw JPG/00127.JPG,data/flame3/Fire/Thermal/Celsius TIFF/00127.TIFF,project_support/artifacts/flame3_manual_smoke_v2/machine_labels/labels/masks/train/fire/00127.png,project_support/artifacts/flame3_manual_smoke_v2/machine_labels/labels/boundary_maps/train/fire/00127.png,0
fire/00128,Fire,00128,2022-10-27 15:39:17,42.86797425,-121.13560897222223,5,,,data/flame3/Fire/RGB/Corrected FOV/00128.JPG,data/flame3/Fire/Thermal/Raw JPG/00128.JPG,data/flame3/Fire/Thermal/Celsius TIFF/00128.TIFF,project_support/artifacts/flame3_manual_smoke_v2/machine_labels/labels/masks/train/fire/00128.png,project_support/artifacts/flame3_manual_smoke_v2/machine_labels/labels/boundary_maps/train/fire/00128.png,0
fire/00130,Fire,00130,2022-10-27 15:38:40,42.86660033333334,-121.13396658333335,5,,,data/flame3/Fire/RGB/Corrected FOV/00130.JPG,data/flame3/Fire/Thermal/Raw JPG/00130.JPG,data/flame3/Fire/Thermal/Celsius TIFF/00130.TIFF,project_support/artifacts/flame3_manual_smoke_v2/machine_labels/labels/masks/train/fire/00130.png,project_support/artifacts/flame3_manual_smoke_v2/machine_labels/labels/boundary_maps/train/fire/00130.png,0
fire/00132,Fire,00132,2022-10-26 19:12:06,42.850694000000004,-121.14687825,3,,,data/flame3/Fire/RGB/Corrected FOV/00132.JPG,data/flame3/Fire/Thermal/Raw JPG/00132.JPG,data/flame3/Fire/Thermal/Celsius TIFF/00132.TIFF,project_support/artifacts/flame3_manual_smoke_v2/machine_labels/labels/masks/train/fire/00132.png,project_support/artifacts/flame3_manual_smoke_v2/machine_labels/labels/boundary_maps/train/fire/00132.png,0
fire/00133,Fire,00133,2022-10-27 15:40:35,42.86684255555556,-121.13437119444445,5,,,data/flame3/Fire/RGB/Corrected FOV/00133.JPG,data/flame3/Fire/Thermal/Raw JPG/00133.JPG,data/flame3/Fire/Thermal/Celsius TIFF/00133.TIFF,project_support/artifacts/flame3_manual_smoke_v2/machine_labels/labels/masks/train/fire/00133.png,project_support/artifacts/flame3_manual_smoke_v2/machine_labels/labels/boundary_maps/train/fire/00133.png,0
fire/00134,Fire,00134,2022-10-27 17:45:48,42.86696822222222,-121.13768958333334,7,,,data/flame3/Fire/RGB/Corrected FOV/00134.JPG,data/flame3/Fire/Thermal/Raw JPG/00134.JPG,data/flame3/Fire/Thermal/Celsius TIFF/00134.TIFF,project_support/artifacts/flame3_manual_smoke_v2/machine_labels/labels/masks/train/fire/00134.png,project_support/artifacts/flame3_manual_smoke_v2/machine_labels/labels/boundary_maps/train/fire/00134.png,0
fire/00135,Fire,00135,2022-10-27 19:00:46,42.86332525,-121.14153766666668,8,,,data/flame3/Fire/RGB/Corrected FOV/00135.JPG,data/flame3/Fire/Thermal/Raw JPG/00135.JPG,data/flame3/Fire/Thermal/Celsius TIFF/00135.TIFF,project_support/artifacts/flame3_manual_smoke_v2/machine_labels/labels/masks/train/fire/00135.png,project_support/artifacts/flame3_manual_smoke_v2/machine_labels/labels/boundary_maps/train/fire/00135.png,0
fire/00136,Fire,00136,2022-10-26 18:37:51,42.854447666666665,-121.15097808333334,1,,,data/flame3/Fire/RGB/Corrected FOV/00136.JPG,data/flame3/Fire/Thermal/Raw JPG/00136.JPG,data/flame3/Fire/Thermal/Celsius TIFF/00136.TIFF,project_support/artifacts/flame3_manual_smoke_v2/machine_labels/labels/masks/train/fire/00136.png,project_support/artifacts/flame3_manual_smoke_v2/machine_labels/labels/boundary_maps/train/fire/00136.png,0
fire/00137,Fire,00137,2022-10-25 16:59:59,42.85091933333334,-121.14643797222223,0b,,,data/flame3/Fire/RGB/Corrected FOV/00137.JPG,data/flame3/Fire/Thermal/Raw JPG/00137.JPG,data/flame3/Fire/Thermal/Celsius TIFF/00137.TIFF,project_support/data/flame3_manual_smoke_v2_annotation/completed_masks/A048.png,project_support/artifacts/flame3_manual_smoke_v2/machine_labels/labels/boundary_maps/train/fire/00137.png,1
fire/00138,Fire,00138,2022-10-25 17:02:41,42.85160183333333,-121.14111780555557,0b,,,data/flame3/Fire/RGB/Corrected FOV/00138.JPG,data/flame3/Fire/Thermal/Raw JPG/00138.JPG,data/flame3/Fire/Thermal/Celsius TIFF/00138.TIFF,project_support/artifacts/flame3_manual_smoke_v2/machine_labels/labels/masks/train/fire/00138.png,project_support/artifacts/flame3_manual_smoke_v2/machine_labels/labels/boundary_maps/train/fire/00138.png,0
fire/00139,Fire,00139,2022-10-27 15:39:08,42.86825783333333,-121.13674605555556,5,,,data/flame3/Fire/RGB/Corrected FOV/00139.JPG,data/flame3/Fire/Thermal/Raw JPG/00139.JPG,data/flame3/Fire/Thermal/Celsius TIFF/00139.TIFF,project_support/artifacts/flame3_manual_smoke_v2/machine_labels/labels/masks/train/fire/00139.png,project_support/artifacts/flame3_manual_smoke_v2/machine_labels/labels/boundary_maps/train/fire/00139.png,0
fire/00140,Fire,00140,2022-10-27 17:47:26,42.86237419444445,-121.13681508333335,7,,,data/flame3/Fire/RGB/Corrected FOV/00140.JPG,data/flame3/Fire/Thermal/Raw JPG/00140.JPG,data/flame3/Fire/Thermal/Celsius TIFF/00140.TIFF,project_support/artifacts/flame3_manual_smoke_v2/machine_labels/labels/masks/train/fire/00140.png,project_support/artifacts/flame3_manual_smoke_v2/machine_labels/labels/boundary_maps/train/fire/00140.png,0
fire/00142,Fire,00142,2022-10-27 15:40:57,42.86684077777778,-121.13436986111111,5,,,data/flame3/Fire/RGB/Corrected FOV/00142.JPG,data/flame3/Fire/Thermal/Raw JPG/00142.JPG,data/flame3/Fire/Thermal/Celsius TIFF/00142.TIFF,project_support/artifacts/flame3_manual_smoke_v2/machine_labels/labels/masks/train/fire/00142.png,project_support/artifacts/flame3_manual_smoke_v2/machine_labels/labels/boundary_maps/train/fire/00142.png,0
fire/00143,Fire,00143,2022-10-25 17:02:53,42.85177222222222,-121.14157138888889,0b,,,data/flame3/Fire/RGB/Corrected FOV/00143.JPG,data/flame3/Fire/Thermal/Raw JPG/00143.JPG,data/flame3/Fire/Thermal/Celsius TIFF/00143.TIFF,project_support/data/flame3_manual_smoke_v2_annotation/completed_masks/A074.png,project_support/artifacts/flame3_manual_smoke_v2/machine_labels/labels/boundary_maps/train/fire/00143.png,1
fire/00146,Fire,00146,2022-10-25 16:59:08,42.85380063888889,-121.14868766666667,0b,,,data/flame3/Fire/RGB/Corrected FOV/00146.JPG,data/flame3/Fire/Thermal/Raw JPG/00146.JPG,data/flame3/Fire/Thermal/Celsius TIFF/00146.TIFF,project_support/artifacts/flame3_manual_smoke_v2/machine_labels/labels/masks/train/fire/00146.png,project_support/artifacts/flame3_manual_smoke_v2/machine_labels/labels/boundary_maps/train/fire/00146.png,0
fire/00147,Fire,00147,2022-10-27 19:01:10,42.86488330555556,-121.14522433333335,8,,,data/flame3/Fire/RGB/Corrected FOV/00147.JPG,data/flame3/Fire/Thermal/Raw JPG/00147.JPG,data/flame3/Fire/Thermal/Celsius TIFF/00147.TIFF,project_support/artifacts/flame3_manual_smoke_v2/machine_labels/labels/masks/train/fire/00147.png,project_support/artifacts/flame3_manual_smoke_v2/machine_labels/labels/boundary_maps/train/fire/00147.png,0
fire/00148,Fire,00148,2022-10-27 17:49:20,42.85925822222222,-121.12861922222221,7,,,data/flame3/Fire/RGB/Corrected FOV/00148.JPG,data/flame3/Fire/Thermal/Raw JPG/00148.JPG,data/flame3/Fire/Thermal/Celsius TIFF/00148.TIFF,project_support/data/flame3_manual_smoke_v2_annotation/completed_masks/A118.png,project_support/artifacts/flame3_manual_smoke_v2/machine_labels/labels/boundary_maps/train/fire/00148.png,1
fire/00149,Fire,00149,2022-10-27 17:46:50,42.86380944444445,-121.14005861111112,7,,,data/flame3/Fire/RGB/Corrected FOV/00149.JPG,data/flame3/Fire/Thermal/Raw JPG/00149.JPG,data/flame3/Fire/Thermal/Celsius TIFF/00149.TIFF,project_support/artifacts/flame3_manual_smoke_v2/machine_labels/labels/masks/train/fire/00149.png,project_support/artifacts/flame3_manual_smoke_v2/machine_labels/labels/boundary_maps/train/fire/00149.png,0
fire/00152,Fire,00152,2022-10-26 18:37:39,42.853663250000004,-121.15308583333334,1,,,data/flame3/Fire/RGB/Corrected FOV/00152.JPG,data/flame3/Fire/Thermal/Raw JPG/00152.JPG,data/flame3/Fire/Thermal/Celsius TIFF/00152.TIFF,project_support/artifacts/flame3_manual_smoke_v2/machine_labels/labels/masks/train/fire/00152.png,project_support/artifacts/flame3_manual_smoke_v2/machine_labels/labels/boundary_maps/train/fire/00152.png,0
fire/00153,Fire,00153,2022-10-27 15:41:36,42.86896541666667,-121.13739205555557,5,,,data/flame3/Fire/RGB/Corrected FOV/00153.JPG,data/flame3/Fire/Thermal/Raw JPG/00153.JPG,data/flame3/Fire/Thermal/Celsius TIFF/00153.TIFF,project_support/data/flame3_manual_smoke_v2_annotation/completed_masks/A111.png,project_support/artifacts/flame3_manual_smoke_v2/machine_labels/labels/boundary_maps/train/fire/00153.png,1
fire/00154,Fire,00154,2022-10-26 18:32:45,42.85444830555556,-121.14958833333334,1,,,data/flame3/Fire/RGB/Corrected FOV/00154.JPG,data/flame3/Fire/Thermal/Raw JPG/00154.JPG,data/flame3/Fire/Thermal/Celsius TIFF/00154.TIFF,project_support/artifacts/flame3_manual_smoke_v2/machine_labels/labels/masks/train/fire/00154.png,project_support/artifacts/flame3_manual_smoke_v2/machine_labels/labels/boundary_maps/train/fire/00154.png,0
fire/00155,Fire,00155,2022-10-27 15:40:14,42.86684227777778,-121.13437108333333,5,,,data/flame3/Fire/RGB/Corrected FOV/00155.JPG,data/flame3/Fire/Thermal/Raw JPG/00155.JPG,data/flame3/Fire/Thermal/Celsius TIFF/00155.TIFF,project_support/artifacts/flame3_manual_smoke_v2/machine_labels/labels/masks/train/fire/00155.png,project_support/artifacts/flame3_manual_smoke_v2/machine_labels/labels/boundary_maps/train/fire/00155.png,0
fire/00157,Fire,00157,2022-10-25 17:01:33,42.85108652777778,-121.15003997222223,0b,,,data/flame3/Fire/RGB/Corrected FOV/00157.JPG,data/flame3/Fire/Thermal/Raw JPG/00157.JPG,data/flame3/Fire/Thermal/Celsius TIFF/00157.TIFF,project_support/data/flame3_manual_smoke_v2_annotation/completed_masks/A053.png,project_support/artifacts/flame3_manual_smoke_v2/machine_labels/labels/boundary_maps/train/fire/00157.png,1
fire/00158,Fire,00158,2022-10-27 15:41:00,42.86671475,-121.13438502777778,5,,,data/flame3/Fire/RGB/Corrected FOV/00158.JPG,data/flame3/Fire/Thermal/Raw JPG/00158.JPG,data/flame3/Fire/Thermal/Celsius TIFF/00158.TIFF,project_support/artifacts/flame3_manual_smoke_v2/machine_labels/labels/masks/train/fire/00158.png,project_support/artifacts/flame3_manual_smoke_v2/machine_labels/labels/boundary_maps/train/fire/00158.png,0
fire/00159,Fire,00159,2022-10-27 17:49:05,42.861185500000005,-121.12778422222222,7,,,data/flame3/Fire/RGB/Corrected FOV/00159.JPG,data/flame3/Fire/Thermal/Raw JPG/00159.JPG,data/flame3/Fire/Thermal/Celsius TIFF/00159.TIFF,project_support/artifacts/flame3_manual_smoke_v2/machine_labels/labels/masks/train/fire/00159.png,project_support/artifacts/flame3_manual_smoke_v2/machine_labels/labels/boundary_maps/train/fire/00159.png,0
fire/00160,Fire,00160,2022-10-25 17:01:57,42.85193027777778,-121.14734502777779,0b,,,data/flame3/Fire/RGB/Corrected FOV/00160.JPG,data/flame3/Fire/Thermal/Raw JPG/00160.JPG,data/flame3/Fire/Thermal/Celsius TIFF/00160.TIFF,project_support/artifacts/flame3_manual_smoke_v2/machine_labels/labels/masks/train/fire/00160.png,project_support/artifacts/flame3_manual_smoke_v2/machine_labels/labels/boundary_maps/train/fire/00160.png,0
fire/00161,Fire,00161,2022-10-27 17:46:38,42.86510908333334,-121.1398853888889,7,,,data/flame3/Fire/RGB/Corrected FOV/00161.JPG,data/flame3/Fire/Thermal/Raw JPG/00161.JPG,data/flame3/Fire/Thermal/Celsius TIFF/00161.TIFF,project_support/artifacts/flame3_manual_smoke_v2/machine_labels/labels/masks/train/fire/00161.png,project_support/artifacts/flame3_manual_smoke_v2/machine_labels/labels/boundary_maps/train/fire/00161.png,0
fire/00164,Fire,00164,2022-10-27 17:45:40,42.867074,-121.13710630555556,7,,,data/flame3/Fire/RGB/Corrected FOV/00164.JPG,data/flame3/Fire/Thermal/Raw JPG/00164.JPG,data/flame3/Fire/Thermal/Celsius TIFF/00164.TIFF,project_support/artifacts/flame3_manual_smoke_v2/machine_labels/labels/masks/train/fire/00164.png,project_support/artifacts/flame3_manual_smoke_v2/machine_labels/labels/boundary_maps/train/fire/00164.png,0
fire/00166,Fire,00166,2022-10-27 15:41:30,42.868774055555555,-121.13632183333334,5,,,data/flame3/Fire/RGB/Corrected FOV/00166.JPG,data/flame3/Fire/Thermal/Raw JPG/00166.JPG,data/flame3/Fire/Thermal/Celsius TIFF/00166.TIFF,project_support/artifacts/flame3_manual_smoke_v2/machine_labels/labels/masks/train/fire/00166.png,project_support/artifacts/flame3_manual_smoke_v2/machine_labels/labels/boundary_maps/train/fire/00166.png,0
fire/00168,Fire,00168,2022-10-27 17:48:02,42.865036305555556,-121.13527261111112,7,,,data/flame3/Fire/RGB/Corrected FOV/00168.JPG,data/flame3/Fire/Thermal/Raw JPG/00168.JPG,data/flame3/Fire/Thermal/Celsius TIFF/00168.TIFF,project_support/artifacts/flame3_manual_smoke_v2/machine_labels/labels/masks/train/fire/00168.png,project_support/artifacts/flame3_manual_smoke_v2/machine_labels/labels/boundary_maps/train/fire/00168.png,0
fire/00169,Fire,00169,2022-10-26 19:12:19,42.850693166666666,-121.14687847222223,3,,,data/flame3/Fire/RGB/Corrected FOV/00169.JPG,data/flame3/Fire/Thermal/Raw JPG/00169.JPG,data/flame3/Fire/Thermal/Celsius TIFF/00169.TIFF,project_support/artifacts/flame3_manual_smoke_v2/machine_labels/labels/masks/train/fire/00169.png,project_support/artifacts/flame3_manual_smoke_v2/machine_labels/labels/boundary_maps/train/fire/00169.png,0
fire/00170,Fire,00170,2022-10-27 17:47:00,42.8628475,-121.13961166666667,7,,,data/flame3/Fire/RGB/Corrected FOV/00170.JPG,data/flame3/Fire/Thermal/Raw JPG/00170.JPG,data/flame3/Fire/Thermal/Celsius TIFF/00170.TIFF,project_support/data/flame3_manual_smoke_v2_annotation/completed_masks/A078.png,project_support/artifacts/flame3_manual_smoke_v2/machine_labels/labels/boundary_maps/train/fire/00170.png,1
fire/00171,Fire,00171,2022-10-26 18:33:54,42.849591805555555,-121.15165586111112,1,,,data/flame3/Fire/RGB/Corrected FOV/00171.JPG,data/flame3/Fire/Thermal/Raw JPG/00171.JPG,data/flame3/Fire/Thermal/Celsius TIFF/00171.TIFF,project_support/artifacts/flame3_manual_smoke_v2/machine_labels/labels/masks/train/fire/00171.png,project_support/artifacts/flame3_manual_smoke_v2/machine_labels/labels/boundary_maps/train/fire/00171.png,0
fire/00173,Fire,00173,2022-10-26 18:44:09,42.85415838888889,-121.15121516666667,1,,,data/flame3/Fire/RGB/Corrected FOV/00173.JPG,data/flame3/Fire/Thermal/Raw JPG/00173.JPG,data/flame3/Fire/Thermal/Celsius TIFF/00173.TIFF,project_support/artifacts/flame3_manual_smoke_v2/machine_labels/labels/masks/train/fire/00173.png,project_support/artifacts/flame3_manual_smoke_v2/machine_labels/labels/boundary_maps/train/fire/00173.png,0
fire/00174,Fire,00174,2022-10-27 17:49:44,42.858294972222225,-121.13020397222222,7,,,data/flame3/Fire/RGB/Corrected FOV/00174.JPG,data/flame3/Fire/Thermal/Raw JPG/00174.JPG,data/flame3/Fire/Thermal/Celsius TIFF/00174.TIFF,project_support/artifacts/flame3_manual_smoke_v2/machine_labels/labels/masks/train/fire/00174.png,project_support/artifacts/flame3_manual_smoke_v2/machine_labels/labels/boundary_maps/train/fire/00174.png,0
fire/00175,Fire,00175,2022-10-26 18:37:42,42.853933000000005,-121.15260275,1,,,data/flame3/Fire/RGB/Corrected FOV/00175.JPG,data/flame3/Fire/Thermal/Raw JPG/00175.JPG,data/flame3/Fire/Thermal/Celsius TIFF/00175.TIFF,project_support/artifacts/flame3_manual_smoke_v2/machine_labels/labels/masks/train/fire/00175.png,project_support/artifacts/flame3_manual_smoke_v2/machine_labels/labels/boundary_maps/train/fire/00175.png,0
fire/00177,Fire,00177,2022-10-27 15:43:09,42.868239083333336,-121.13634194444445,5,,,data/flame3/Fire/RGB/Corrected FOV/00177.JPG,data/flame3/Fire/Thermal/Raw JPG/00177.JPG,data/flame3/Fire/Thermal/Celsius TIFF/00177.TIFF,project_support/artifacts/flame3_manual_smoke_v2/machine_labels/labels/masks/train/fire/00177.png,project_support/artifacts/flame3_manual_smoke_v2/machine_labels/labels/boundary_maps/train/fire/00177.png,0
fire/00178,Fire,00178,2022-10-26 18:39:00,42.85081252777778,-121.1525515,1,,,data/flame3/Fire/RGB/Corrected FOV/00178.JPG,data/flame3/Fire/Thermal/Raw JPG/00178.JPG,data/flame3/Fire/Thermal/Celsius TIFF/00178.TIFF,project_support/artifacts/flame3_manual_smoke_v2/machine_labels/labels/masks/train/fire/00178.png,project_support/artifacts/flame3_manual_smoke_v2/machine_labels/labels/boundary_maps/train/fire/00178.png,0
fire/00179,Fire,00179,2022-10-27 15:41:21,42.867964416666666,-121.13514502777778,5,,,data/flame3/Fire/RGB/Corrected FOV/00179.JPG,data/flame3/Fire/Thermal/Raw JPG/00179.JPG,data/flame3/Fire/Thermal/Celsius TIFF/00179.TIFF,project_support/artifacts/flame3_manual_smoke_v2/machine_labels/labels/masks/train/fire/00179.png,project_support/artifacts/flame3_manual_smoke_v2/machine_labels/labels/boundary_maps/train/fire/00179.png,0
fire/00180,Fire,00180,2022-10-26 18:44:06,42.85388422222223,-121.15174344444445,1,,,data/flame3/Fire/RGB/Corrected FOV/00180.JPG,data/flame3/Fire/Thermal/Raw JPG/00180.JPG,data/flame3/Fire/Thermal/Celsius TIFF/00180.TIFF,project_support/artifacts/flame3_manual_smoke_v2/machine_labels/labels/masks/train/fire/00180.png,project_support/artifacts/flame3_manual_smoke_v2/machine_labels/labels/boundary_maps/train/fire/00180.png,0
fire/00182,Fire,00182,2022-10-27 15:42:48,42.86691836111111,-121.13740894444445,5,,,data/flame3/Fire/RGB/Corrected FOV/00182.JPG,data/flame3/Fire/Thermal/Raw JPG/00182.JPG,data/flame3/Fire/Thermal/Celsius TIFF/00182.TIFF,project_support/artifacts/flame3_manual_smoke_v2/machine_labels/labels/masks/train/fire/00182.png,project_support/artifacts/flame3_manual_smoke_v2/machine_labels/labels/boundary_maps/train/fire/00182.png,0
fire/00185,Fire,00185,2022-10-26 18:44:18,42.85449991666667,-121.14945116666668,1,,,data/flame3/Fire/RGB/Corrected FOV/00185.JPG,data/flame3/Fire/Thermal/Raw JPG/00185.JPG,data/flame3/Fire/Thermal/Celsius TIFF/00185.TIFF,project_support/artifacts/flame3_manual_smoke_v2/machine_labels/labels/masks/train/fire/00185.png,project_support/artifacts/flame3_manual_smoke_v2/machine_labels/labels/boundary_maps/train/fire/00185.png,0
fire/00189,Fire,00189,2022-10-27 17:46:00,42.86668205555556,-121.13873027777778,7,,,data/flame3/Fire/RGB/Corrected FOV/00189.JPG,data/flame3/Fire/Thermal/Raw JPG/00189.JPG,data/flame3/Fire/Thermal/Celsius TIFF/00189.TIFF,project_support/artifacts/flame3_manual_smoke_v2/machine_labels/labels/masks/train/fire/00189.png,project_support/artifacts/flame3_manual_smoke_v2/machine_labels/labels/boundary_maps/train/fire/00189.png,0
fire/00190,Fire,00190,2022-10-26 18:31:48,42.85099430555556,-121.15246388888889,1,,,data/flame3/Fire/RGB/Corrected FOV/00190.JPG,data/flame3/Fire/Thermal/Raw JPG/00190.JPG,data/flame3/Fire/Thermal/Celsius TIFF/00190.TIFF,project_support/artifacts/flame3_manual_smoke_v2/machine_labels/labels/masks/train/fire/00190.png,project_support/artifacts/flame3_manual_smoke_v2/machine_labels/labels/boundary_maps/train/fire/00190.png,0
fire/00193,Fire,00193,2022-10-27 17:46:42,42.864721555555555,-121.13980438888889,7,,,data/flame3/Fire/RGB/Corrected FOV/00193.JPG,data/flame3/Fire/Thermal/Raw JPG/00193.JPG,data/flame3/Fire/Thermal/Celsius TIFF/00193.TIFF,project_support/artifacts/flame3_manual_smoke_v2/machine_labels/labels/masks/train/fire/00193.png,project_support/artifacts/flame3_manual_smoke_v2/machine_labels/labels/boundary_maps/train/fire/00193.png,0
fire/00196,Fire,00196,2022-10-27 17:45:36,42.86707197222222,-121.13710494444445,7,,,data/flame3/Fire/RGB/Corrected FOV/00196.JPG,data/flame3/Fire/Thermal/Raw JPG/00196.JPG,data/flame3/Fire/Thermal/Celsius TIFF/00196.TIFF,project_support/artifacts/flame3_manual_smoke_v2/machine_labels/labels/masks/train/fire/00196.png,project_support/artifacts/flame3_manual_smoke_v2/machine_labels/labels/boundary_maps/train/fire/00196.png,0
fire/00198,Fire,00198,2022-10-27 17:47:14,42.863062694444444,-121.13808083333333,7,,,data/flame3/Fire/RGB/Corrected FOV/00198.JPG,data/flame3/Fire/Thermal/Raw JPG/00198.JPG,data/flame3/Fire/Thermal/Celsius TIFF/00198.TIFF,project_support/artifacts/flame3_manual_smoke_v2/machine_labels/labels/masks/train/fire/00198.png,project_support/artifacts/flame3_manual_smoke_v2/machine_labels/labels/boundary_maps/train/fire/00198.png,0
fire/00200,Fire,00200,2022-10-25 17:00:29,42.85152058333333,-121.14825558333334,0b,,,data/flame3/Fire/RGB/Corrected FOV/00200.JPG,data/flame3/Fire/Thermal/Raw JPG/00200.JPG,data/flame3/Fire/Thermal/Celsius TIFF/00200.TIFF,project_support/artifacts/flame3_manual_smoke_v2/machine_labels/labels/masks/train/fire/00200.png,project_support/artifacts/flame3_manual_smoke_v2/machine_labels/labels/boundary_maps/train/fire/00200.png,0
fire/00201,Fire,00201,2022-10-27 15:38:16,42.86442802777778,-121.13547369444446,5,,,data/flame3/Fire/RGB/Corrected FOV/00201.JPG,data/flame3/Fire/Thermal/Raw JPG/00201.JPG,data/flame3/Fire/Thermal/Celsius TIFF/00201.TIFF,project_support/artifacts/flame3_manual_smoke_v2/machine_labels/labels/masks/train/fire/00201.png,project_support/artifacts/flame3_manual_smoke_v2/machine_labels/labels/boundary_maps/train/fire/00201.png,0
fire/00202,Fire,00202,2022-10-27 17:46:22,42.86651538888889,-121.13920211111112,7,,,data/flame3/Fire/RGB/Corrected FOV/00202.JPG,data/flame3/Fire/Thermal/Raw JPG/00202.JPG,data/flame3/Fire/Thermal/Celsius TIFF/00202.TIFF,project_support/artifacts/flame3_manual_smoke_v2/machine_labels/labels/masks/train/fire/00202.png,project_support/artifacts/flame3_manual_smoke_v2/machine_labels/labels/boundary_maps/train/fire/00202.png,0
fire/00203,Fire,00203,2022-10-25 16:59:44,42.85197544444445,-121.14612619444445,0b,,,data/flame3/Fire/RGB/Corrected FOV/00203.JPG,data/flame3/Fire/Thermal/Raw JPG/00203.JPG,data/flame3/Fire/Thermal/Celsius TIFF/00203.TIFF,project_support/artifacts/flame3_manual_smoke_v2/machine_labels/labels/masks/train/fire/00203.png,project_support/artifacts/flame3_manual_smoke_v2/machine_labels/labels/boundary_maps/train/fire/00203.png,0
fire/00205,Fire,00205,2022-10-26 18:37:18,42.85096458333334,-121.15281475,1,,,data/flame3/Fire/RGB/Corrected FOV/00205.JPG,data/flame3/Fire/Thermal/Raw JPG/00205.JPG,data/flame3/Fire/Thermal/Celsius TIFF/00205.TIFF,project_support/artifacts/flame3_manual_smoke_v2/machine_labels/labels/masks/train/fire/00205.png,project_support/artifacts/flame3_manual_smoke_v2/machine_labels/labels/boundary_maps/train/fire/00205.png,0
fire/00207,Fire,00207,2022-10-26 18:44:12,42.85437,-121.15066155555556,1,,,data/flame3/Fire/RGB/Corrected FOV/00207.JPG,data/flame3/Fire/Thermal/Raw JPG/00207.JPG,data/flame3/Fire/Thermal/Celsius TIFF/00207.TIFF,project_support/artifacts/flame3_manual_smoke_v2/machine_labels/labels/masks/train/fire/00207.png,project_support/artifacts/flame3_manual_smoke_v2/machine_labels/labels/boundary_maps/train/fire/00207.png,0
fire/00209,Fire,00209,2022-10-27 17:48:05,42.864815194444446,-121.13488347222223,7,,,data/flame3/Fire/RGB/Corrected FOV/00209.JPG,data/flame3/Fire/Thermal/Raw JPG/00209.JPG,data/flame3/Fire/Thermal/Celsius TIFF/00209.TIFF,project_support/artifacts/flame3_manual_smoke_v2/machine_labels/labels/masks/train/fire/00209.png,project_support/artifacts/flame3_manual_smoke_v2/machine_labels/labels/boundary_maps/train/fire/00209.png,0
fire/00210,Fire,00210,2022-10-26 18:32:39,42.85453163888889,-121.15069194444445,1,,,data/flame3/Fire/RGB/Corrected FOV/00210.JPG,data/flame3/Fire/Thermal/Raw JPG/00210.JPG,data/flame3/Fire/Thermal/Celsius TIFF/00210.TIFF,project_support/artifacts/flame3_manual_smoke_v2/machine_labels/labels/masks/train/fire/00210.png,project_support/artifacts/flame3_manual_smoke_v2/machine_labels/labels/boundary_maps/train/fire/00210.png,0
fire/00211,Fire,00211,2022-10-27 17:46:02,42.866669111111115,-121.138823,7,,,data/flame3/Fire/RGB/Corrected FOV/00211.JPG,data/flame3/Fire/Thermal/Raw JPG/00211.JPG,data/flame3/Fire/Thermal/Celsius TIFF/00211.TIFF,project_support/artifacts/flame3_manual_smoke_v2/machine_labels/labels/masks/train/fire/00211.png,project_support/artifacts/flame3_manual_smoke_v2/machine_labels/labels/boundary_maps/train/fire/00211.png,0
fire/00212,Fire,00212,2022-10-26 18:44:33,42.85302311111111,-121.14715608333334,1,,,data/flame3/Fire/RGB/Corrected FOV/00212.JPG,data/flame3/Fire/Thermal/Raw JPG/00212.JPG,data/flame3/Fire/Thermal/Celsius TIFF/00212.TIFF,project_support/artifacts/flame3_manual_smoke_v2/machine_labels/labels/masks/train/fire/00212.png,project_support/artifacts/flame3_manual_smoke_v2/machine_labels/labels/boundary_maps/train/fire/00212.png,0
fire/00213,Fire,00213,2022-10-27 17:46:18,42.86666625,-121.13884958333334,7,,,data/flame3/Fire/RGB/Corrected FOV/00213.JPG,data/flame3/Fire/Thermal/Raw JPG/00213.JPG,data/flame3/Fire/Thermal/Celsius TIFF/00213.TIFF,project_support/data/flame3_manual_smoke_v2_annotation/completed_masks/A080.png,project_support/artifacts/flame3_manual_smoke_v2/machine_labels/labels/boundary_maps/train/fire/00213.png,1
fire/00216,Fire,00216,2022-10-26 18:34:53,42.84958819444444,-121.15165344444445,1,,,data/flame3/Fire/RGB/Corrected FOV/00216.JPG,data/flame3/Fire/Thermal/Raw JPG/00216.JPG,data/flame3/Fire/Thermal/Celsius TIFF/00216.TIFF,project_support/data/flame3_manual_smoke_v2_annotation/completed_masks/A130.png,project_support/artifacts/flame3_manual_smoke_v2/machine_labels/labels/boundary_maps/train/fire/00216.png,1
fire/00218,Fire,00218,2022-10-27 17:46:20,42.86660613888889,-121.13898008333334,7,,,data/flame3/Fire/RGB/Corrected FOV/00218.JPG,data/flame3/Fire/Thermal/Raw JPG/00218.JPG,data/flame3/Fire/Thermal/Celsius TIFF/00218.TIFF,project_support/artifacts/flame3_manual_smoke_v2/machine_labels/labels/masks/train/fire/00218.png,project_support/artifacts/flame3_manual_smoke_v2/machine_labels/labels/boundary_maps/train/fire/00218.png,0
fire/00219,Fire,00219,2022-10-26 18:33:48,42.84956541666667,-121.15156961111111,1,,,data/flame3/Fire/RGB/Corrected FOV/00219.JPG,data/flame3/Fire/Thermal/Raw JPG/00219.JPG,data/flame3/Fire/Thermal/Celsius TIFF/00219.TIFF,project_support/artifacts/flame3_manual_smoke_v2/machine_labels/labels/masks/train/fire/00219.png,project_support/artifacts/flame3_manual_smoke_v2/machine_labels/labels/boundary_maps/train/fire/00219.png,0
fire/00220,Fire,00220,2022-10-26 18:38:57,42.850813111111115,-121.1525518888889,1,,,data/flame3/Fire/RGB/Corrected FOV/00220.JPG,data/flame3/Fire/Thermal/Raw JPG/00220.JPG,data/flame3/Fire/Thermal/Celsius TIFF/00220.TIFF,project_support/artifacts/flame3_manual_smoke_v2/machine_labels/labels/masks/train/fire/00220.png,project_support/artifacts/flame3_manual_smoke_v2/machine_labels/labels/boundary_maps/train/fire/00220.png,0
fire/00221,Fire,00221,2022-10-26 18:37:27,42.85204844444445,-121.15380083333334,1,,,data/flame3/Fire/RGB/Corrected FOV/00221.JPG,data/flame3/Fire/Thermal/Raw JPG/00221.JPG,data/flame3/Fire/Thermal/Celsius TIFF/00221.TIFF,project_support/artifacts/flame3_manual_smoke_v2/machine_labels/labels/masks/train/fire/00221.png,project_support/artifacts/flame3_manual_smoke_v2/machine_labels/labels/boundary_maps/train/fire/00221.png,0
fire/00224,Fire,00224,2022-10-27 19:00:37,42.86320475,-121.13978747222222,8,,,data/flame3/Fire/RGB/Corrected FOV/00224.JPG,data/flame3/Fire/Thermal/Raw JPG/00224.JPG,data/flame3/Fire/Thermal/Celsius TIFF/00224.TIFF,project_support/data/flame3_manual_smoke_v2_annotation/completed_masks/A083.png,project_support/artifacts/flame3_manual_smoke_v2/machine_labels/labels/boundary_maps/train/fire/00224.png,1
fire/00225,Fire,00225,2022-10-27 15:39:14,42.868169888888886,-121.13597547222223,5,,,data/flame3/Fire/RGB/Corrected FOV/00225.JPG,data/flame3/Fire/Thermal/Raw JPG/00225.JPG,data/flame3/Fire/Thermal/Celsius TIFF/00225.TIFF,project_support/artifacts/flame3_manual_smoke_v2/machine_labels/labels/masks/train/fire/00225.png,project_support/artifacts/flame3_manual_smoke_v2/machine_labels/labels/boundary_maps/train/fire/00225.png,0
fire/00226,Fire,00226,2022-10-27 17:47:44,42.86358102777778,-121.13637622222222,7,,,data/flame3/Fire/RGB/Corrected FOV/00226.JPG,data/flame3/Fire/Thermal/Raw JPG/00226.JPG,data/flame3/Fire/Thermal/Celsius TIFF/00226.TIFF,project_support/artifacts/flame3_manual_smoke_v2/machine_labels/labels/masks/train/fire/00226.png,project_support/artifacts/flame3_manual_smoke_v2/machine_labels/labels/boundary_maps/train/fire/00226.png,0
fire/00227,Fire,00227,2022-10-26 18:38:21,42.851638916666666,-121.14752027777779,1,,,data/flame3/Fire/RGB/Corrected FOV/00227.JPG,data/flame3/Fire/Thermal/Raw JPG/00227.JPG,data/flame3/Fire/Thermal/Celsius TIFF/00227.TIFF,project_support/artifacts/flame3_manual_smoke_v2/machine_labels/labels/masks/train/fire/00227.png,project_support/artifacts/flame3_manual_smoke_v2/machine_labels/labels/boundary_maps/train/fire/00227.png,0
fire/00228,Fire,00228,2022-10-26 18:38:06,42.85379838888889,-121.14832177777778,1,,,data/flame3/Fire/RGB/Corrected FOV/00228.JPG,data/flame3/Fire/Thermal/Raw JPG/00228.JPG,data/flame3/Fire/Thermal/Celsius TIFF/00228.TIFF,project_support/artifacts/flame3_manual_smoke_v2/machine_labels/labels/masks/train/fire/00228.png,project_support/artifacts/flame3_manual_smoke_v2/machine_labels/labels/boundary_maps/train/fire/00228.png,0
fire/00229,Fire,00229,2022-10-26 18:32:54,42.85380861111111,-121.14814377777779,1,,,data/flame3/Fire/RGB/Corrected FOV/00229.JPG,data/flame3/Fire/Thermal/Raw JPG/00229.JPG,data/flame3/Fire/Thermal/Celsius TIFF/00229.TIFF,project_support/artifacts/flame3_manual_smoke_v2/machine_labels/labels/masks/train/fire/00229.png,project_support/artifacts/flame3_manual_smoke_v2/machine_labels/labels/boundary_maps/train/fire/00229.png,0
fire/00230,Fire,00230,2022-10-27 17:47:56,42.864925166666666,-121.13595680555557,7,,,data/flame3/Fire/RGB/Corrected FOV/00230.JPG,data/flame3/Fire/Thermal/Raw JPG/00230.JPG,data/flame3/Fire/Thermal/Celsius TIFF/00230.TIFF,project_support/artifacts/flame3_manual_smoke_v2/machine_labels/labels/masks/train/fire/00230.png,project_support/artifacts/flame3_manual_smoke_v2/machine_labels/labels/boundary_maps/train/fire/00230.png,0
fire/00233,Fire,00233,2022-10-27 17:48:56,42.86206816666667,-121.12889902777778,7,,,data/flame3/Fire/RGB/Corrected FOV/00233.JPG,data/flame3/Fire/Thermal/Raw JPG/00233.JPG,data/flame3/Fire/Thermal/Celsius TIFF/00233.TIFF,project_support/data/flame3_manual_smoke_v2_annotation/completed_masks/A123.png,project_support/artifacts/flame3_manual_smoke_v2/machine_labels/labels/boundary_maps/train/fire/00233.png,1
fire/00234,Fire,00234,2022-10-26 18:31:57,42.85188930555556,-121.15349472222223,1,,,data/flame3/Fire/RGB/Corrected FOV/00234.JPG,data/flame3/Fire/Thermal/Raw JPG/00234.JPG,data/flame3/Fire/Thermal/Celsius TIFF/00234.TIFF,project_support/artifacts/flame3_manual_smoke_v2/machine_labels/labels/masks/train/fire/00234.png,project_support/artifacts/flame3_manual_smoke_v2/machine_labels/labels/boundary_maps/train/fire/00234.png,0
fire/00235,Fire,00235,2022-10-27 17:47:18,42.86278363888889,-121.13751219444445,7,,,data/flame3/Fire/RGB/Corrected FOV/00235.JPG,data/flame3/Fire/Thermal/Raw JPG/00235.JPG,data/flame3/Fire/Thermal/Celsius TIFF/00235.TIFF,project_support/artifacts/flame3_manual_smoke_v2/machine_labels/labels/masks/train/fire/00235.png,project_support/artifacts/flame3_manual_smoke_v2/machine_labels/labels/boundary_maps/train/fire/00235.png,0
fire/00236,Fire,00236,2022-10-27 15:42:09,42.867111694444446,-121.14056566666667,5,,,data/flame3/Fire/RGB/Corrected FOV/00236.JPG,data/flame3/Fire/Thermal/Raw JPG/00236.JPG,data/flame3/Fire/Thermal/Celsius TIFF/00236.TIFF,project_support/artifacts/flame3_manual_smoke_v2/machine_labels/labels/masks/train/fire/00236.png,project_support/artifacts/flame3_manual_smoke_v2/machine_labels/labels/boundary_maps/train/fire/00236.png,0
fire/00239,Fire,00239,2022-10-27 17:48:53,42.862122472222225,-121.12939058333333,7,,,data/flame3/Fire/RGB/Corrected FOV/00239.JPG,data/flame3/Fire/Thermal/Raw JPG/00239.JPG,data/flame3/Fire/Thermal/Celsius TIFF/00239.TIFF,project_support/artifacts/flame3_manual_smoke_v2/machine_labels/labels/masks/train/fire/00239.png,project_support/artifacts/flame3_manual_smoke_v2/machine_labels/labels/boundary_maps/train/fire/00239.png,0
fire/00241,Fire,00241,2022-10-27 17:47:02,42.86266638888889,-121.13954961111112,7,,,data/flame3/Fire/RGB/Corrected FOV/00241.JPG,data/flame3/Fire/Thermal/Raw JPG/00241.JPG,data/flame3/Fire/Thermal/Celsius TIFF/00241.TIFF,project_support/artifacts/flame3_manual_smoke_v2/machine_labels/labels/masks/train/fire/00241.png,project_support/artifacts/flame3_manual_smoke_v2/machine_labels/labels/boundary_maps/train/fire/00241.png,0
fire/00243,Fire,00243,2022-10-26 19:11:42,42.850694861111116,-121.14688002777778,3,,,data/flame3/Fire/RGB/Corrected FOV/00243.JPG,data/flame3/Fire/Thermal/Raw JPG/00243.JPG,data/flame3/Fire/Thermal/Celsius TIFF/00243.TIFF,project_support/data/flame3_manual_smoke_v2_annotation/completed_masks/A114.png,project_support/artifacts/flame3_manual_smoke_v2/machine_labels/labels/boundary_maps/train/fire/00243.png,1
fire/00246,Fire,00246,2022-10-27 15:41:42,42.868827805555554,-121.13847002777779,5,,,data/flame3/Fire/RGB/Corrected FOV/00246.JPG,data/flame3/Fire/Thermal/Raw JPG/00246.JPG,data/flame3/Fire/Thermal/Celsius TIFF/00246.TIFF,project_support/artifacts/flame3_manual_smoke_v2/machine_labels/labels/masks/train/fire/00246.png,project_support/artifacts/flame3_manual_smoke_v2/machine_labels/labels/boundary_maps/train/fire/00246.png,0
fire/00247,Fire,00247,2022-10-25 17:00:05,42.85049377777778,-121.1469396388889,0b,,,data/flame3/Fire/RGB/Corrected FOV/00247.JPG,data/flame3/Fire/Thermal/Raw JPG/00247.JPG,data/flame3/Fire/Thermal/Celsius TIFF/00247.TIFF,project_support/data/flame3_manual_smoke_v2_annotation/completed_masks/A068.png,project_support/artifacts/flame3_manual_smoke_v2/machine_labels/labels/boundary_maps/train/fire/00247.png,1
fire/00248,Fire,00248,2022-10-26 18:33:06,42.852371,-121.14737752777778,1,,,data/flame3/Fire/RGB/Corrected FOV/00248.JPG,data/flame3/Fire/Thermal/Raw JPG/00248.JPG,data/flame3/Fire/Thermal/Celsius TIFF/00248.TIFF,project_support/artifacts/flame3_manual_smoke_v2/machine_labels/labels/masks/train/fire/00248.png,project_support/artifacts/flame3_manual_smoke_v2/machine_labels/labels/boundary_maps/train/fire/00248.png,0
fire/00250,Fire,00250,2022-10-27 17:49:38,42.85805675,-121.12983205555555,7,,,data/flame3/Fire/RGB/Corrected FOV/00250.JPG,data/flame3/Fire/Thermal/Raw JPG/00250.JPG,data/flame3/Fire/Thermal/Celsius TIFF/00250.TIFF,project_support/artifacts/flame3_manual_smoke_v2/machine_labels/labels/masks/train/fire/00250.png,project_support/artifacts/flame3_manual_smoke_v2/machine_labels/labels/boundary_maps/train/fire/00250.png,0
fire/00251,Fire,00251,2022-10-25 17:02:26,42.85044358333334,-121.14335086111112,0b,,,data/flame3/Fire/RGB/Corrected FOV/00251.JPG,data/flame3/Fire/Thermal/Raw JPG/00251.JPG,data/flame3/Fire/Thermal/Celsius TIFF/00251.TIFF,project_support/data/flame3_manual_smoke_v2_annotation/completed_masks/A064.png,project_support/artifacts/flame3_manual_smoke_v2/machine_labels/labels/boundary_maps/train/fire/00251.png,1
fire/00252,Fire,00252,2022-10-27 17:49:59,42.85829483333333,-121.13020283333333,7,,,data/flame3/Fire/RGB/Corrected FOV/00252.JPG,data/flame3/Fire/Thermal/Raw JPG/00252.JPG,data/flame3/Fire/Thermal/Celsius TIFF/00252.TIFF,project_support/artifacts/flame3_manual_smoke_v2/machine_labels/labels/masks/train/fire/00252.png,project_support/artifacts/flame3_manual_smoke_v2/machine_labels/labels/boundary_maps/train/fire/00252.png,0
fire/00253,Fire,00253,2022-10-25 17:01:45,42.85154252777778,-121.14845502777779,0b,,,data/flame3/Fire/RGB/Corrected FOV/00253.JPG,data/flame3/Fire/Thermal/Raw JPG/00253.JPG,data/flame3/Fire/Thermal/Celsius TIFF/00253.TIFF,project_support/data/flame3_manual_smoke_v2_annotation/completed_masks/A066.png,project_support/artifacts/flame3_manual_smoke_v2/machine_labels/labels/boundary_maps/train/fire/00253.png,1
fire/00254,Fire,00254,2022-10-27 17:46:48,42.86404786111111,-121.14000719444445,7,,,data/flame3/Fire/RGB/Corrected FOV/00254.JPG,data/flame3/Fire/Thermal/Raw JPG/00254.JPG,data/flame3/Fire/Thermal/Celsius TIFF/00254.TIFF,project_support/artifacts/flame3_manual_smoke_v2/machine_labels/labels/masks/train/fire/00254.png,project_support/artifacts/flame3_manual_smoke_v2/machine_labels/labels/boundary_maps/train/fire/00254.png,0
fire/00255,Fire,00255,2022-10-26 18:31:36,42.85076322222223,-121.15192283333334,1,,,data/flame3/Fire/RGB/Corrected FOV/00255.JPG,data/flame3/Fire/Thermal/Raw JPG/00255.JPG,data/flame3/Fire/Thermal/Celsius TIFF/00255.TIFF,project_support/artifacts/flame3_manual_smoke_v2/machine_labels/labels/masks/train/fire/00255.png,project_support/artifacts/flame3_manual_smoke_v2/machine_labels/labels/boundary_maps/train/fire/00255.png,0
fire/00258,Fire,00258,2022-10-25 17:00:24,42.85145272222223,-121.14838188888889,0b,,,data/flame3/Fire/RGB/Corrected FOV/00258.JPG,data/flame3/Fire/Thermal/Raw JPG/00258.JPG,data/flame3/Fire/Thermal/Celsius TIFF/00258.TIFF,project_support/data/flame3_manual_smoke_v2_annotation/completed_masks/A056.png,project_support/artifacts/flame3_manual_smoke_v2/machine_labels/labels/boundary_maps/train/fire/00258.png,1
fire/00260,Fire,00260,2022-10-27 15:39:20,42.86773652777778,-121.13520094444445,5,,,data/flame3/Fire/RGB/Corrected FOV/00260.JPG,data/flame3/Fire/Thermal/Raw JPG/00260.JPG,data/flame3/Fire/Thermal/Celsius TIFF/00260.TIFF,project_support/artifacts/flame3_manual_smoke_v2/machine_labels/labels/masks/train/fire/00260.png,project_support/artifacts/flame3_manual_smoke_v2/machine_labels/labels/boundary_maps/train/fire/00260.png,0
fire/00261,Fire,00261,2022-10-26 18:38:51,42.85060144444444,-121.15218141666668,1,,,data/flame3/Fire/RGB/Corrected FOV/00261.JPG,data/flame3/Fire/Thermal/Raw JPG/00261.JPG,data/flame3/Fire/Thermal/Celsius TIFF/00261.TIFF,project_support/artifacts/flame3_manual_smoke_v2/machine_labels/labels/masks/train/fire/00261.png,project_support/artifacts/flame3_manual_smoke_v2/machine_labels/labels/boundary_maps/train/fire/00261.png,0
fire/00264,Fire,00264,2022-10-26 18:32:36,42.854431222222225,-121.15125036111111,1,,,data/flame3/Fire/RGB/Corrected FOV/00264.JPG,data/flame3/Fire/Thermal/Raw JPG/00264.JPG,data/flame3/Fire/Thermal/Celsius TIFF/00264.TIFF,project_support/artifacts/flame3_manual_smoke_v2/machine_labels/labels/masks/train/fire/00264.png,project_support/artifacts/flame3_manual_smoke_v2/machine_labels/labels/boundary_maps/train/fire/00264.png,0
fire/00265,Fire,00265,2022-10-27 17:47:59,42.86506405555556,-121.13567905555556,7,,,data/flame3/Fire/RGB/Corrected FOV/00265.JPG,data/flame3/Fire/Thermal/Raw JPG/00265.JPG,data/flame3/Fire/Thermal/Celsius TIFF/00265.TIFF,project_support/artifacts/flame3_manual_smoke_v2/machine_labels/labels/masks/train/fire/00265.png,project_support/artifacts/flame3_manual_smoke_v2/machine_labels/labels/boundary_maps/train/fire/00265.png,0
fire/00266,Fire,00266,2022-10-27 15:42:57,42.867741611111114,-121.13778388888889,5,,,data/flame3/Fire/RGB/Corrected FOV/00266.JPG,data/flame3/Fire/Thermal/Raw JPG/00266.JPG,data/flame3/Fire/Thermal/Celsius TIFF/00266.TIFF,project_support/artifacts/flame3_manual_smoke_v2/machine_labels/labels/masks/train/fire/00266.png,project_support/artifacts/flame3_manual_smoke_v2/machine_labels/labels/boundary_maps/train/fire/00266.png,0
fire/00267,Fire,00267,2022-10-27 15:42:06,42.86744755555556,-121.14042963888889,5,,,data/flame3/Fire/RGB/Corrected FOV/00267.JPG,data/flame3/Fire/Thermal/Raw JPG/00267.JPG,data/flame3/Fire/Thermal/Celsius TIFF/00267.TIFF,project_support/artifacts/flame3_manual_smoke_v2/machine_labels/labels/masks/train/fire/00267.png,project_support/artifacts/flame3_manual_smoke_v2/machine_labels/labels/boundary_maps/train/fire/00267.png,0
fire/00268,Fire,00268,2022-10-27 17:45:52,42.86682891666667,-121.13811183333334,7,,,data/flame3/Fire/RGB/Corrected FOV/00268.JPG,data/flame3/Fire/Thermal/Raw JPG/00268.JPG,data/flame3/Fire/Thermal/Celsius TIFF/00268.TIFF,project_support/artifacts/flame3_manual_smoke_v2/machine_labels/labels/masks/train/fire/00268.png,project_support/artifacts/flame3_manual_smoke_v2/machine_labels/labels/boundary_maps/train/fire/00268.png,0
fire/00270,Fire,00270,2022-10-27 17:46:26,42.86626552777778,-121.1396673888889,7,,,data/flame3/Fire/RGB/Corrected FOV/00270.JPG,data/flame3/Fire/Thermal/Raw JPG/00270.JPG,data/flame3/Fire/Thermal/Celsius TIFF/00270.TIFF,project_support/artifacts/flame3_manual_smoke_v2/machine_labels/labels/masks/train/fire/00270.png,project_support/artifacts/flame3_manual_smoke_v2/machine_labels/labels/boundary_maps/train/fire/00270.png,0
fire/00272,Fire,00272,2022-10-27 17:46:44,42.86450630555556,-121.13984747222223,7,,,data/flame3/Fire/RGB/Corrected FOV/00272.JPG,data/flame3/Fire/Thermal/Raw JPG/00272.JPG,data/flame3/Fire/Thermal/Celsius TIFF/00272.TIFF,project_support/artifacts/flame3_manual_smoke_v2/machine_labels/labels/masks/train/fire/00272.png,project_support/artifacts/flame3_manual_smoke_v2/machine_labels/labels/boundary_maps/train/fire/00272.png,0
fire/00273,Fire,00273,2022-10-26 18:44:39,42.852143472222224,-121.14686316666668,1,,,data/flame3/Fire/RGB/Corrected FOV/00273.JPG,data/flame3/Fire/Thermal/Raw JPG/00273.JPG,data/flame3/Fire/Thermal/Celsius TIFF/00273.TIFF,project_support/artifacts/flame3_manual_smoke_v2/machine_labels/labels/masks/train/fire/00273.png,project_support/artifacts/flame3_manual_smoke_v2/machine_labels/labels/boundary_maps/train/fire/00273.png,0
fire/00275,Fire,00275,2022-10-26 18:44:36,42.85259686111111,-121.14698647222222,1,,,data/flame3/Fire/RGB/Corrected FOV/00275.JPG,data/flame3/Fire/Thermal/Raw JPG/00275.JPG,data/flame3/Fire/Thermal/Celsius TIFF/00275.TIFF,project_support/artifacts/flame3_manual_smoke_v2/machine_labels/labels/masks/train/fire/00275.png,project_support/artifacts/flame3_manual_smoke_v2/machine_labels/labels/boundary_maps/train/fire/00275.png,0
fire/00276,Fire,00276,2022-10-27 15:40:23,42.866843555555555,-121.1343706388889,5,,,data/flame3/Fire/RGB/Corrected FOV/00276.JPG,data/flame3/Fire/Thermal/Raw JPG/00276.JPG,data/flame3/Fire/Thermal/Celsius TIFF/00276.TIFF,project_support/artifacts/flame3_manual_smoke_v2/machine_labels/labels/masks/train/fire/00276.png,project_support/artifacts/flame3_manual_smoke_v2/machine_labels/labels/boundary_maps/train/fire/00276.png,0
fire/00277,Fire,00277,2022-10-26 18:32:15,42.85238066666667,-121.15367591666667,1,,,data/flame3/Fire/RGB/Corrected FOV/00277.JPG,data/flame3/Fire/Thermal/Raw JPG/00277.JPG,data/flame3/Fire/Thermal/Celsius TIFF/00277.TIFF,project_support/data/flame3_manual_smoke_v2_annotation/completed_masks/A100.png,project_support/artifacts/flame3_manual_smoke_v2/machine_labels/labels/boundary_maps/train/fire/00277.png,1
fire/00279,Fire,00279,2022-10-26 18:34:12,42.84959077777778,-121.15165602777779,1,,,data/flame3/Fire/RGB/Corrected FOV/00279.JPG,data/flame3/Fire/Thermal/Raw JPG/00279.JPG,data/flame3/Fire/Thermal/Celsius TIFF/00279.TIFF,project_support/artifacts/flame3_manual_smoke_v2/machine_labels/labels/masks/train/fire/00279.png,project_support/artifacts/flame3_manual_smoke_v2/machine_labels/labels/boundary_maps/train/fire/00279.png,0
fire/00281,Fire,00281,2022-10-27 17:45:54,42.86682277777778,-121.13816161111112,7,,,data/flame3/Fire/RGB/Corrected FOV/00281.JPG,data/flame3/Fire/Thermal/Raw JPG/00281.JPG,data/flame3/Fire/Thermal/Celsius TIFF/00281.TIFF,project_support/data/flame3_manual_smoke_v2_annotation/completed_masks/A081.png,project_support/artifacts/flame3_manual_smoke_v2/machine_labels/labels/boundary_maps/train/fire/00281.png,1
fire/00282,Fire,00282,2022-10-26 19:11:48,42.85069469444445,-121.14687841666667,3,,,data/flame3/Fire/RGB/Corrected FOV/00282.JPG,data/flame3/Fire/Thermal/Raw JPG/00282.JPG,data/flame3/Fire/Thermal/Celsius TIFF/00282.TIFF,project_support/data/flame3_manual_smoke_v2_annotation/completed_masks/A135.png,project_support/artifacts/flame3_manual_smoke_v2/machine_labels/labels/boundary_maps/train/fire/00282.png,1
fire/00285,Fire,00285,2022-10-27 17:46:16,42.866670666666664,-121.13883075000001,7,,,data/flame3/Fire/RGB/Corrected FOV/00285.JPG,data/flame3/Fire/Thermal/Raw JPG/00285.JPG,data/flame3/Fire/Thermal/Celsius TIFF/00285.TIFF,project_support/artifacts/flame3_manual_smoke_v2/machine_labels/labels/masks/train/fire/00285.png,project_support/artifacts/flame3_manual_smoke_v2/machine_labels/labels/boundary_maps/train/fire/00285.png,0
fire/00286,Fire,00286,2022-10-27 19:00:31,42.863203444444444,-121.13879708333334,8,,,data/flame3/Fire/RGB/Corrected FOV/00286.JPG,data/flame3/Fire/Thermal/Raw JPG/00286.JPG,data/flame3/Fire/Thermal/Celsius TIFF/00286.TIFF,project_support/artifacts/flame3_manual_smoke_v2/machine_labels/labels/masks/train/fire/00286.png,project_support/artifacts/flame3_manual_smoke_v2/machine_labels/labels/boundary_maps/train/fire/00286.png,0
fire/00287,Fire,00287,2022-10-25 17:02:47,42.85178694444445,-121.14102433333333,0b,,,data/flame3/Fire/RGB/Corrected FOV/00287.JPG,data/flame3/Fire/Thermal/Raw JPG/00287.JPG,data/flame3/Fire/Thermal/Celsius TIFF/00287.TIFF,project_support/data/flame3_manual_smoke_v2_annotation/completed_masks/A065.png,project_support/artifacts/flame3_manual_smoke_v2/machine_labels/labels/boundary_maps/train/fire/00287.png,1
fire/00290,Fire,00290,2022-10-27 17:49:23,42.85886413888889,-121.12888941666667,7,,,data/flame3/Fire/RGB/Corrected FOV/00290.JPG,data/flame3/Fire/Thermal/Raw JPG/00290.JPG,data/flame3/Fire/Thermal/Celsius TIFF/00290.TIFF,project_support/artifacts/flame3_manual_smoke_v2/machine_labels/labels/masks/train/fire/00290.png,project_support/artifacts/flame3_manual_smoke_v2/machine_labels/labels/boundary_maps/train/fire/00290.png,0
fire/00291,Fire,00291,2022-10-27 15:41:12,42.86687122222222,-121.13461033333334,5,,,data/flame3/Fire/RGB/Corrected FOV/00291.JPG,data/flame3/Fire/Thermal/Raw JPG/00291.JPG,data/flame3/Fire/Thermal/Celsius TIFF/00291.TIFF,project_support/artifacts/flame3_manual_smoke_v2/machine_labels/labels/masks/train/fire/00291.png,project_support/artifacts/flame3_manual_smoke_v2/machine_labels/labels/boundary_maps/train/fire/00291.png,0
fire/00292,Fire,00292,2022-10-26 18:33:30,42.84955519444445,-121.14871297222223,1,,,data/flame3/Fire/RGB/Corrected FOV/00292.JPG,data/flame3/Fire/Thermal/Raw JPG/00292.JPG,data/flame3/Fire/Thermal/Celsius TIFF/00292.TIFF,project_support/artifacts/flame3_manual_smoke_v2/machine_labels/labels/masks/train/fire/00292.png,project_support/artifacts/flame3_manual_smoke_v2/machine_labels/labels/boundary_maps/train/fire/00292.png,0
fire/00293,Fire,00293,2022-10-27 19:00:52,42.863661694444446,-121.14257175,8,,,data/flame3/Fire/RGB/Corrected FOV/00293.JPG,data/flame3/Fire/Thermal/Raw JPG/00293.JPG,data/flame3/Fire/Thermal/Celsius TIFF/00293.TIFF,project_support/data/flame3_manual_smoke_v2_annotation/completed_masks/A133.png,project_support/artifacts/flame3_manual_smoke_v2/machine_labels/labels/boundary_maps/train/fire/00293.png,1
fire/00294,Fire,00294,2022-10-26 18:32:00,42.85204644444445,-121.15362319444445,1,,,data/flame3/Fire/RGB/Corrected FOV/00294.JPG,data/flame3/Fire/Thermal/Raw JPG/00294.JPG,data/flame3/Fire/Thermal/Celsius TIFF/00294.TIFF,project_support/artifacts/flame3_manual_smoke_v2/machine_labels/labels/masks/train/fire/00294.png,project_support/artifacts/flame3_manual_smoke_v2/machine_labels/labels/boundary_maps/train/fire/00294.png,0
fire/00295,Fire,00295,2022-10-26 18:38:36,42.85001441666667,-121.14934258333334,1,,,data/flame3/Fire/RGB/Corrected FOV/00295.JPG,data/flame3/Fire/Thermal/Raw JPG/00295.JPG,data/flame3/Fire/Thermal/Celsius TIFF/00295.TIFF,project_support/artifacts/flame3_manual_smoke_v2/machine_labels/labels/masks/train/fire/00295.png,project_support/artifacts/flame3_manual_smoke_v2/machine_labels/labels/boundary_maps/train/fire/00295.png,0
fire/00296,Fire,00296,2022-10-27 15:42:30,42.866245444444445,-121.13824908333333,5,,,data/flame3/Fire/RGB/Corrected FOV/00296.JPG,data/flame3/Fire/Thermal/Raw JPG/00296.JPG,data/flame3/Fire/Thermal/Celsius TIFF/00296.TIFF,project_support/artifacts/flame3_manual_smoke_v2/machine_labels/labels/masks/train/fire/00296.png,project_support/artifacts/flame3_manual_smoke_v2/machine_labels/labels/boundary_maps/train/fire/00296.png,0
fire/00297,Fire,00297,2022-10-27 19:00:49,42.86351330555556,-121.14201955555556,8,,,data/flame3/Fire/RGB/Corrected FOV/00297.JPG,data/flame3/Fire/Thermal/Raw JPG/00297.JPG,data/flame3/Fire/Thermal/Celsius TIFF/00297.TIFF,project_support/data/flame3_manual_smoke_v2_annotation/completed_masks/A084.png,project_support/artifacts/flame3_manual_smoke_v2/machine_labels/labels/boundary_maps/train/fire/00297.png,1
fire/00298,Fire,00298,2022-10-26 19:12:22,42.85069302777778,-121.14687888888889,3,,,data/flame3/Fire/RGB/Corrected FOV/00298.JPG,data/flame3/Fire/Thermal/Raw JPG/00298.JPG,data/flame3/Fire/Thermal/Celsius TIFF/00298.TIFF,project_support/data/flame3_manual_smoke_v2_annotation/completed_masks/A136.png,project_support/artifacts/flame3_manual_smoke_v2/machine_labels/labels/boundary_maps/train/fire/00298.png,1
fire/00299,Fire,00299,2022-10-27 17:46:58,42.863056972222225,-121.13962055555557,7,,,data/flame3/Fire/RGB/Corrected FOV/00299.JPG,data/flame3/Fire/Thermal/Raw JPG/00299.JPG,data/flame3/Fire/Thermal/Celsius TIFF/00299.TIFF,project_support/data/flame3_manual_smoke_v2_annotation/completed_masks/A122.png,project_support/artifacts/flame3_manual_smoke_v2/machine_labels/labels/boundary_maps/train/fire/00299.png,1
fire/00300,Fire,00300,2022-10-27 17:46:52,42.86357786111111,-121.14001275000001,7,,,data/flame3/Fire/RGB/Corrected FOV/00300.JPG,data/flame3/Fire/Thermal/Raw JPG/00300.JPG,data/flame3/Fire/Thermal/Celsius TIFF/00300.TIFF,project_support/artifacts/flame3_manual_smoke_v2/machine_labels/labels/masks/train/fire/00300.png,project_support/artifacts/flame3_manual_smoke_v2/machine_labels/labels/boundary_maps/train/fire/00300.png,0
fire/00301,Fire,00301,2022-10-27 15:43:03,42.867959666666664,-121.13739380555556,5,,,data/flame3/Fire/RGB/Corrected FOV/00301.JPG,data/flame3/Fire/Thermal/Raw JPG/00301.JPG,data/flame3/Fire/Thermal/Celsius TIFF/00301.TIFF,project_support/artifacts/flame3_manual_smoke_v2/machine_labels/labels/masks/train/fire/00301.png,project_support/artifacts/flame3_manual_smoke_v2/machine_labels/labels/boundary_maps/train/fire/00301.png,0
fire/00302,Fire,00302,2022-10-25 16:59:20,42.85331677777778,-121.147299,0b,,,data/flame3/Fire/RGB/Corrected FOV/00302.JPG,data/flame3/Fire/Thermal/Raw JPG/00302.JPG,data/flame3/Fire/Thermal/Celsius TIFF/00302.TIFF,project_support/data/flame3_manual_smoke_v2_annotation/completed_masks/A069.png,project_support/artifacts/flame3_manual_smoke_v2/machine_labels/labels/boundary_maps/train/fire/00302.png,1
fire/00303,Fire,00303,2022-10-27 15:43:39,42.86552619444445,-121.13389897222223,5,,,data/flame3/Fire/RGB/Corrected FOV/00303.JPG,data/flame3/Fire/Thermal/Raw JPG/00303.JPG,data/flame3/Fire/Thermal/Celsius TIFF/00303.TIFF,project_support/artifacts/flame3_manual_smoke_v2/machine_labels/labels/masks/train/fire/00303.png,project_support/artifacts/flame3_manual_smoke_v2/machine_labels/labels/boundary_maps/train/fire/00303.png,0
fire/00306,Fire,00306,2022-10-27 15:38:34,42.865777361111114,-121.13399797222223,5,,,data/flame3/Fire/RGB/Corrected FOV/00306.JPG,data/flame3/Fire/Thermal/Raw JPG/00306.JPG,data/flame3/Fire/Thermal/Celsius TIFF/00306.TIFF,project_support/artifacts/flame3_manual_smoke_v2/machine_labels/labels/masks/train/fire/00306.png,project_support/artifacts/flame3_manual_smoke_v2/machine_labels/labels/boundary_maps/train/fire/00306.png,0
fire/00309,Fire,00309,2022-10-26 18:32:09,42.85205258333333,-121.15363141666667,1,,,data/flame3/Fire/RGB/Corrected FOV/00309.JPG,data/flame3/Fire/Thermal/Raw JPG/00309.JPG,data/flame3/Fire/Thermal/Celsius TIFF/00309.TIFF,project_support/artifacts/flame3_manual_smoke_v2/machine_labels/labels/masks/train/fire/00309.png,project_support/artifacts/flame3_manual_smoke_v2/machine_labels/labels/boundary_maps/train/fire/00309.png,0
fire/00311,Fire,00311,2022-10-27 15:42:18,42.86625872222223,-121.13977108333334,5,,,data/flame3/Fire/RGB/Corrected FOV/00311.JPG,data/flame3/Fire/Thermal/Raw JPG/00311.JPG,data/flame3/Fire/Thermal/Celsius TIFF/00311.TIFF,project_support/artifacts/flame3_manual_smoke_v2/machine_labels/labels/masks/train/fire/00311.png,project_support/artifacts/flame3_manual_smoke_v2/machine_labels/labels/boundary_maps/train/fire/00311.png,0
fire/00312,Fire,00312,2022-10-27 17:49:26,42.85846108333333,-121.129132,7,,,data/flame3/Fire/RGB/Corrected FOV/00312.JPG,data/flame3/Fire/Thermal/Raw JPG/00312.JPG,data/flame3/Fire/Thermal/Celsius TIFF/00312.TIFF,project_support/artifacts/flame3_manual_smoke_v2/machine_labels/labels/masks/train/fire/00312.png,project_support/artifacts/flame3_manual_smoke_v2/machine_labels/labels/boundary_maps/train/fire/00312.png,0
fire/00313,Fire,00313,2022-10-25 17:02:59,42.85173616666667,-121.14270986111111,0b,,,data/flame3/Fire/RGB/Corrected FOV/00313.JPG,data/flame3/Fire/Thermal/Raw JPG/00313.JPG,data/flame3/Fire/Thermal/Celsius TIFF/00313.TIFF,project_support/data/flame3_manual_smoke_v2_annotation/completed_masks/A054.png,project_support/artifacts/flame3_manual_smoke_v2/machine_labels/labels/boundary_maps/train/fire/00313.png,1
fire/00318,Fire,00318,2022-10-27 17:48:44,42.86179916666667,-121.13095675,7,,,data/flame3/Fire/RGB/Corrected FOV/00318.JPG,data/flame3/Fire/Thermal/Raw JPG/00318.JPG,data/flame3/Fire/Thermal/Celsius TIFF/00318.TIFF,project_support/data/flame3_manual_smoke_v2_annotation/completed_masks/A107.png,project_support/artifacts/flame3_manual_smoke_v2/machine_labels/labels/boundary_maps/train/fire/00318.png,1
fire/00319,Fire,00319,2022-10-27 17:47:16,42.86296244444445,-121.13777352777778,7,,,data/flame3/Fire/RGB/Corrected FOV/00319.JPG,data/flame3/Fire/Thermal/Raw JPG/00319.JPG,data/flame3/Fire/Thermal/Celsius TIFF/00319.TIFF,project_support/artifacts/flame3_manual_smoke_v2/machine_labels/labels/masks/train/fire/00319.png,project_support/artifacts/flame3_manual_smoke_v2/machine_labels/labels/boundary_maps/train/fire/00319.png,0
fire/00321,Fire,00321,2022-10-27 15:38:19,42.86457575,-121.13514375000001,5,,,data/flame3/Fire/RGB/Corrected FOV/00321.JPG,data/flame3/Fire/Thermal/Raw JPG/00321.JPG,data/flame3/Fire/Thermal/Celsius TIFF/00321.TIFF,project_support/artifacts/flame3_manual_smoke_v2/machine_labels/labels/masks/train/fire/00321.png,project_support/artifacts/flame3_manual_smoke_v2/machine_labels/labels/boundary_maps/train/fire/00321.png,0
fire/00324,Fire,00324,2022-10-26 18:32:12,42.85212747222222,-121.15363133333334,1,,,data/flame3/Fire/RGB/Corrected FOV/00324.JPG,data/flame3/Fire/Thermal/Raw JPG/00324.JPG,data/flame3/Fire/Thermal/Celsius TIFF/00324.TIFF,project_support/artifacts/flame3_manual_smoke_v2/machine_labels/labels/masks/train/fire/00324.png,project_support/artifacts/flame3_manual_smoke_v2/machine_labels/labels/boundary_maps/train/fire/00324.png,0
fire/00326,Fire,00326,2022-10-26 18:32:42,42.854534055555554,-121.15013280555556,1,,,data/flame3/Fire/RGB/Corrected FOV/00326.JPG,data/flame3/Fire/Thermal/Raw JPG/00326.JPG,data/flame3/Fire/Thermal/Celsius TIFF/00326.TIFF,project_support/artifacts/flame3_manual_smoke_v2/machine_labels/labels/masks/train/fire/00326.png,project_support/artifacts/flame3_manual_smoke_v2/machine_labels/labels/boundary_maps/train/fire/00326.png,0
fire/00327,Fire,00327,2022-10-26 18:44:00,42.853262666666666,-121.1526516388889,1,,,data/flame3/Fire/RGB/Corrected FOV/00327.JPG,data/flame3/Fire/Thermal/Raw JPG/00327.JPG,data/flame3/Fire/Thermal/Celsius TIFF/00327.TIFF,project_support/artifacts/flame3_manual_smoke_v2/machine_labels/labels/masks/train/fire/00327.png,project_support/artifacts/flame3_manual_smoke_v2/machine_labels/labels/boundary_maps/train/fire/00327.png,0
fire/00328,Fire,00328,2022-10-26 18:33:18,42.85090530555556,-121.14773316666667,1,,,data/flame3/Fire/RGB/Corrected FOV/00328.JPG,data/flame3/Fire/Thermal/Raw JPG/00328.JPG,data/flame3/Fire/Thermal/Celsius TIFF/00328.TIFF,project_support/artifacts/flame3_manual_smoke_v2/machine_labels/labels/masks/train/fire/00328.png,project_support/artifacts/flame3_manual_smoke_v2/machine_labels/labels/boundary_maps/train/fire/00328.png,0
fire/00329,Fire,00329,2022-10-27 17:49:53,42.85829483333333,-121.1302016111111,7,,,data/flame3/Fire/RGB/Corrected FOV/00329.JPG,data/flame3/Fire/Thermal/Raw JPG/00329.JPG,data/flame3/Fire/Thermal/Celsius TIFF/00329.TIFF,project_support/data/flame3_manual_smoke_v2_annotation/completed_masks/A121.png,project_support/artifacts/flame3_manual_smoke_v2/machine_labels/labels/boundary_maps/train/fire/00329.png,1
fire/00330,Fire,00330,2022-10-27 17:46:10,42.86667113888889,-121.13883016666668,7,,,data/flame3/Fire/RGB/Corrected FOV/00330.JPG,data/flame3/Fire/Thermal/Raw JPG/00330.JPG,data/flame3/Fire/Thermal/Celsius TIFF/00330.TIFF,project_support/artifacts/flame3_manual_smoke_v2/machine_labels/labels/masks/train/fire/00330.png,project_support/artifacts/flame3_manual_smoke_v2/machine_labels/labels/boundary_maps/train/fire/00330.png,0
fire/00331,Fire,00331,2022-10-26 18:32:21,42.85313247222222,-121.15344722222223,1,,,data/flame3/Fire/RGB/Corrected FOV/00331.JPG,data/flame3/Fire/Thermal/Raw JPG/00331.JPG,data/flame3/Fire/Thermal/Celsius TIFF/00331.TIFF,project_support/artifacts/flame3_manual_smoke_v2/machine_labels/labels/masks/train/fire/00331.png,project_support/artifacts/flame3_manual_smoke_v2/machine_labels/labels/boundary_maps/train/fire/00331.png,0
fire/00334,Fire,00334,2022-10-25 17:00:48,42.85157430555556,-121.14810977777779,0b,,,data/flame3/Fire/RGB/Corrected FOV/00334.JPG,data/flame3/Fire/Thermal/Raw JPG/00334.JPG,data/flame3/Fire/Thermal/Celsius TIFF/00334.TIFF,project_support/data/flame3_manual_smoke_v2_annotation/completed_masks/A052.png,project_support/artifacts/flame3_manual_smoke_v2/machine_labels/labels/boundary_maps/train/fire/00334.png,1
fire/00335,Fire,00335,2022-10-25 16:59:32,42.852609722222226,-121.14672105555556,0b,,,data/flame3/Fire/RGB/Corrected FOV/00335.JPG,data/flame3/Fire/Thermal/Raw JPG/00335.JPG,data/flame3/Fire/Thermal/Celsius TIFF/00335.TIFF,project_support/data/flame3_manual_smoke_v2_annotation/completed_masks/A075.png,project_support/artifacts/flame3_manual_smoke_v2/machine_labels/labels/boundary_maps/train/fire/00335.png,1
fire/00336,Fire,00336,2022-10-27 15:39:26,42.867126222222225,-121.13461402777779,5,,,data/flame3/Fire/RGB/Corrected FOV/00336.JPG,data/flame3/Fire/Thermal/Raw JPG/00336.JPG,data/flame3/Fire/Thermal/Celsius TIFF/00336.TIFF,project_support/artifacts/flame3_manual_smoke_v2/machine_labels/labels/masks/train/fire/00336.png,project_support/artifacts/flame3_manual_smoke_v2/machine_labels/labels/boundary_maps/train/fire/00336.png,0
fire/00337,Fire,00337,2022-10-25 16:59:56,42.85111052777778,-121.14625319444445,0b,,,data/flame3/Fire/RGB/Corrected FOV/00337.JPG,data/flame3/Fire/Thermal/Raw JPG/00337.JPG,data/flame3/Fire/Thermal/Celsius TIFF/00337.TIFF,project_support/artifacts/flame3_manual_smoke_v2/machine_labels/labels/masks/train/fire/00337.png,project_support/artifacts/flame3_manual_smoke_v2/machine_labels/labels/boundary_maps/train/fire/00337.png,0
fire/00338,Fire,00338,2022-10-27 19:01:19,42.86522630555556,-121.14564647222223,8,,,data/flame3/Fire/RGB/Corrected FOV/00338.JPG,data/flame3/Fire/Thermal/Raw JPG/00338.JPG,data/flame3/Fire/Thermal/Celsius TIFF/00338.TIFF,project_support/artifacts/flame3_manual_smoke_v2/machine_labels/labels/masks/train/fire/00338.png,project_support/artifacts/flame3_manual_smoke_v2/machine_labels/labels/boundary_maps/train/fire/00338.png,0
fire/00340,Fire,00340,2022-10-26 19:11:45,42.85069430555556,-121.14687922222222,3,,,data/flame3/Fire/RGB/Corrected FOV/00340.JPG,data/flame3/Fire/Thermal/Raw JPG/00340.JPG,data/flame3/Fire/Thermal/Celsius TIFF/00340.TIFF,project_support/artifacts/flame3_manual_smoke_v2/machine_labels/labels/masks/train/fire/00340.png,project_support/artifacts/flame3_manual_smoke_v2/machine_labels/labels/boundary_maps/train/fire/00340.png,0
fire/00341,Fire,00341,2022-10-26 18:33:33,42.84943972222222,-121.14919405555557,1,,,data/flame3/Fire/RGB/Corrected FOV/00341.JPG,data/flame3/Fire/Thermal/Raw JPG/00341.JPG,data/flame3/Fire/Thermal/Celsius TIFF/00341.TIFF,project_support/data/flame3_manual_smoke_v2_annotation/completed_masks/A127.png,project_support/artifacts/flame3_manual_smoke_v2/machine_labels/labels/boundary_maps/train/fire/00341.png,1
fire/00343,Fire,00343,2022-10-27 15:42:45,42.86659094444445,-121.1376513888889,5,,,data/flame3/Fire/RGB/Corrected FOV/00343.JPG,data/flame3/Fire/Thermal/Raw JPG/00343.JPG,data/flame3/Fire/Thermal/Celsius TIFF/00343.TIFF,project_support/artifacts/flame3_manual_smoke_v2/machine_labels/labels/masks/train/fire/00343.png,project_support/artifacts/flame3_manual_smoke_v2/machine_labels/labels/boundary_maps/train/fire/00343.png,0
fire/00345,Fire,00345,2022-10-27 17:45:38,42.86707369444444,-121.13710619444446,7,,,data/flame3/Fire/RGB/Corrected FOV/00345.JPG,data/flame3/Fire/Thermal/Raw JPG/00345.JPG,data/flame3/Fire/Thermal/Celsius TIFF/00345.TIFF,project_support/artifacts/flame3_manual_smoke_v2/machine_labels/labels/masks/train/fire/00345.png,project_support/artifacts/flame3_manual_smoke_v2/machine_labels/labels/boundary_maps/train/fire/00345.png,0
fire/00346,Fire,00346,2022-10-27 17:47:20,42.86261363888889,-121.13721272222223,7,,,data/flame3/Fire/RGB/Corrected FOV/00346.JPG,data/flame3/Fire/Thermal/Raw JPG/00346.JPG,data/flame3/Fire/Thermal/Celsius TIFF/00346.TIFF,project_support/artifacts/flame3_manual_smoke_v2/machine_labels/labels/masks/train/fire/00346.png,project_support/artifacts/flame3_manual_smoke_v2/machine_labels/labels/boundary_maps/train/fire/00346.png,0
fire/00347,Fire,00347,2022-10-27 17:48:29,42.86202983333334,-121.13381052777778,7,,,data/flame3/Fire/RGB/Corrected FOV/00347.JPG,data/flame3/Fire/Thermal/Raw JPG/00347.JPG,data/flame3/Fire/Thermal/Celsius TIFF/00347.TIFF,project_support/artifacts/flame3_manual_smoke_v2/machine_labels/labels/masks/train/fire/00347.png,project_support/artifacts/flame3_manual_smoke_v2/machine_labels/labels/boundary_maps/train/fire/00347.png,0
fire/00348,Fire,00348,2022-10-25 17:00:14,42.85094072222223,-121.14772252777779,0b,,,data/flame3/Fire/RGB/Corrected FOV/00348.JPG,data/flame3/Fire/Thermal/Raw JPG/00348.JPG,data/flame3/Fire/Thermal/Celsius TIFF/00348.TIFF,project_support/artifacts/flame3_manual_smoke_v2/machine_labels/labels/masks/train/fire/00348.png,project_support/artifacts/flame3_manual_smoke_v2/machine_labels/labels/boundary_maps/train/fire/00348.png,0
fire/00349,Fire,00349,2022-10-26 18:38:18,42.85208572222222,-121.14760872222223,1,,,data/flame3/Fire/RGB/Corrected FOV/00349.JPG,data/flame3/Fire/Thermal/Raw JPG/00349.JPG,data/flame3/Fire/Thermal/Celsius TIFF/00349.TIFF,project_support/artifacts/flame3_manual_smoke_v2/machine_labels/labels/masks/train/fire/00349.png,project_support/artifacts/flame3_manual_smoke_v2/machine_labels/labels/boundary_maps/train/fire/00349.png,0
fire/00350,Fire,00350,2022-10-27 19:00:16,42.86331575,-121.13639030555557,8,,,data/flame3/Fire/RGB/Corrected FOV/00350.JPG,data/flame3/Fire/Thermal/Raw JPG/00350.JPG,data/flame3/Fire/Thermal/Celsius TIFF/00350.TIFF,project_support/artifacts/flame3_manual_smoke_v2/machine_labels/labels/masks/train/fire/00350.png,project_support/artifacts/flame3_manual_smoke_v2/machine_labels/labels/boundary_maps/train/fire/00350.png,0
fire/00351,Fire,00351,2022-10-27 15:39:01,42.86826036111111,-121.13665491666667,5,,,data/flame3/Fire/RGB/Corrected FOV/00351.JPG,data/flame3/Fire/Thermal/Raw JPG/00351.JPG,data/flame3/Fire/Thermal/Celsius TIFF/00351.TIFF,project_support/artifacts/flame3_manual_smoke_v2/machine_labels/labels/masks/train/fire/00351.png,project_support/artifacts/flame3_manual_smoke_v2/machine_labels/labels/boundary_maps/train/fire/00351.png,0
fire/00353,Fire,00353,2022-10-25 17:01:35,42.85114516666667,-121.14989255555557,0b,,,data/flame3/Fire/RGB/Corrected FOV/00353.JPG,data/flame3/Fire/Thermal/Raw JPG/00353.JPG,data/flame3/Fire/Thermal/Celsius TIFF/00353.TIFF,project_support/artifacts/flame3_manual_smoke_v2/machine_labels/labels/masks/train/fire/00353.png,project_support/artifacts/flame3_manual_smoke_v2/machine_labels/labels/boundary_maps/train/fire/00353.png,0
fire/00355,Fire,00355,2022-10-26 18:31:54,42.851542583333334,-121.15321425,1,,,data/flame3/Fire/RGB/Corrected FOV/00355.JPG,data/flame3/Fire/Thermal/Raw JPG/00355.JPG,data/flame3/Fire/Thermal/Celsius TIFF/00355.TIFF,project_support/artifacts/flame3_manual_smoke_v2/machine_labels/labels/masks/train/fire/00355.png,project_support/artifacts/flame3_manual_smoke_v2/machine_labels/labels/boundary_maps/train/fire/00355.png,0
fire/00357,Fire,00357,2022-10-27 15:38:49,42.86767761111111,-121.13470441666668,5,,,data/flame3/Fire/RGB/Corrected FOV/00357.JPG,data/flame3/Fire/Thermal/Raw JPG/00357.JPG,data/flame3/Fire/Thermal/Celsius TIFF/00357.TIFF,project_support/artifacts/flame3_manual_smoke_v2/machine_labels/labels/masks/train/fire/00357.png,project_support/artifacts/flame3_manual_smoke_v2/machine_labels/labels/boundary_maps/train/fire/00357.png,0
fire/00360,Fire,00360,2022-10-27 17:49:47,42.8582945,-121.13020291666666,7,,,data/flame3/Fire/RGB/Corrected FOV/00360.JPG,data/flame3/Fire/Thermal/Raw JPG/00360.JPG,data/flame3/Fire/Thermal/Celsius TIFF/00360.TIFF,project_support/artifacts/flame3_manual_smoke_v2/machine_labels/labels/masks/train/fire/00360.png,project_support/artifacts/flame3_manual_smoke_v2/machine_labels/labels/boundary_maps/train/fire/00360.png,0
fire/00361,Fire,00361,2022-10-27 17:49:29,42.858050500000004,-121.12937261111111,7,,,data/flame3/Fire/RGB/Corrected FOV/00361.JPG,data/flame3/Fire/Thermal/Raw JPG/00361.JPG,data/flame3/Fire/Thermal/Celsius TIFF/00361.TIFF,project_support/data/flame3_manual_smoke_v2_annotation/completed_masks/A094.png,project_support/artifacts/flame3_manual_smoke_v2/machine_labels/labels/boundary_maps/train/fire/00361.png,1
fire/00362,Fire,00362,2022-10-26 18:43:42,42.85089197222222,-121.15267494444446,1,,,data/flame3/Fire/RGB/Corrected FOV/00362.JPG,data/flame3/Fire/Thermal/Raw JPG/00362.JPG,data/flame3/Fire/Thermal/Celsius TIFF/00362.TIFF,project_support/artifacts/flame3_manual_smoke_v2/machine_labels/labels/masks/train/fire/00362.png,project_support/artifacts/flame3_manual_smoke_v2/machine_labels/labels/boundary_maps/train/fire/00362.png,0
fire/00363,Fire,00363,2022-10-27 17:46:46,42.864272166666666,-121.13994558333334,7,,,data/flame3/Fire/RGB/Corrected FOV/00363.JPG,data/flame3/Fire/Thermal/Raw JPG/00363.JPG,data/flame3/Fire/Thermal/Celsius TIFF/00363.TIFF,project_support/artifacts/flame3_manual_smoke_v2/machine_labels/labels/masks/train/fire/00363.png,project_support/artifacts/flame3_manual_smoke_v2/machine_labels/labels/boundary_maps/train/fire/00363.png,0
fire/00364,Fire,00364,2022-10-26 18:34:09,42.84959077777778,-121.15165705555556,1,,,data/flame3/Fire/RGB/Corrected FOV/00364.JPG,data/flame3/Fire/Thermal/Raw JPG/00364.JPG,data/flame3/Fire/Thermal/Celsius TIFF/00364.TIFF,project_support/data/flame3_manual_smoke_v2_annotation/completed_masks/A103.png,project_support/artifacts/flame3_manual_smoke_v2/machine_labels/labels/boundary_maps/train/fire/00364.png,1
fire/00365,Fire,00365,2022-10-27 15:41:33,42.86891658333333,-121.13685036111112,5,,,data/flame3/Fire/RGB/Corrected FOV/00365.JPG,data/flame3/Fire/Thermal/Raw JPG/00365.JPG,data/flame3/Fire/Thermal/Celsius TIFF/00365.TIFF,project_support/artifacts/flame3_manual_smoke_v2/machine_labels/labels/masks/train/fire/00365.png,project_support/artifacts/flame3_manual_smoke_v2/machine_labels/labels/boundary_maps/train/fire/00365.png,0
fire/00366,Fire,00366,2022-10-27 17:48:41,42.86178686111111,-121.13155466666666,7,,,data/flame3/Fire/RGB/Corrected FOV/00366.JPG,data/flame3/Fire/Thermal/Raw JPG/00366.JPG,data/flame3/Fire/Thermal/Celsius TIFF/00366.TIFF,project_support/artifacts/flame3_manual_smoke_v2/machine_labels/labels/masks/train/fire/00366.png,project_support/artifacts/flame3_manual_smoke_v2/machine_labels/labels/boundary_maps/train/fire/00366.png,0
fire/00367,Fire,00367,2022-10-27 17:48:26,42.86231102777778,-121.13418302777778,7,,,data/flame3/Fire/RGB/Corrected FOV/00367.JPG,data/flame3/Fire/Thermal/Raw JPG/00367.JPG,data/flame3/Fire/Thermal/Celsius TIFF/00367.TIFF,project_support/artifacts/flame3_manual_smoke_v2/machine_labels/labels/masks/train/fire/00367.png,project_support/artifacts/flame3_manual_smoke_v2/machine_labels/labels/boundary_maps/train/fire/00367.png,0
fire/00369,Fire,00369,2022-10-27 17:47:32,42.862737083333336,-121.13657347222222,7,,,data/flame3/Fire/RGB/Corrected FOV/00369.JPG,data/flame3/Fire/Thermal/Raw JPG/00369.JPG,data/flame3/Fire/Thermal/Celsius TIFF/00369.TIFF,project_support/artifacts/flame3_manual_smoke_v2/machine_labels/labels/masks/train/fire/00369.png,project_support/artifacts/flame3_manual_smoke_v2/machine_labels/labels/boundary_maps/train/fire/00369.png,0
fire/00370,Fire,00370,2022-10-26 18:32:06,42.85205144444445,-121.15362955555557,1,,,data/flame3/Fire/RGB/Corrected FOV/00370.JPG,data/flame3/Fire/Thermal/Raw JPG/00370.JPG,data/flame3/Fire/Thermal/Celsius TIFF/00370.TIFF,project_support/data/flame3_manual_smoke_v2_annotation/completed_masks/A126.png,project_support/artifacts/flame3_manual_smoke_v2/machine_labels/labels/boundary_maps/train/fire/00370.png,1
fire/00371,Fire,00371,2022-10-27 17:48:17,42.863435333333335,-121.13429036111111,7,,,data/flame3/Fire/RGB/Corrected FOV/00371.JPG,data/flame3/Fire/Thermal/Raw JPG/00371.JPG,data/flame3/Fire/Thermal/Celsius TIFF/00371.TIFF,project_support/artifacts/flame3_manual_smoke_v2/machine_labels/labels/masks/train/fire/00371.png,project_support/artifacts/flame3_manual_smoke_v2/machine_labels/labels/boundary_maps/train/fire/00371.png,0
fire/00372,Fire,00372,2022-10-27 15:38:22,42.86470791666667,-121.13490558333334,5,,,data/flame3/Fire/RGB/Corrected FOV/00372.JPG,data/flame3/Fire/Thermal/Raw JPG/00372.JPG,data/flame3/Fire/Thermal/Celsius TIFF/00372.TIFF,project_support/artifacts/flame3_manual_smoke_v2/machine_labels/labels/masks/train/fire/00372.png,project_support/artifacts/flame3_manual_smoke_v2/machine_labels/labels/boundary_maps/train/fire/00372.png,0
fire/00373,Fire,00373,2022-10-27 15:43:36,42.86593283333333,-121.13373452777779,5,,,data/flame3/Fire/RGB/Corrected FOV/00373.JPG,data/flame3/Fire/Thermal/Raw JPG/00373.JPG,data/flame3/Fire/Thermal/Celsius TIFF/00373.TIFF,project_support/artifacts/flame3_manual_smoke_v2/machine_labels/labels/masks/train/fire/00373.png,project_support/artifacts/flame3_manual_smoke_v2/machine_labels/labels/boundary_maps/train/fire/00373.png,0
fire/00376,Fire,00376,2022-10-26 18:38:00,42.854424333333334,-121.14921555555556,1,,,data/flame3/Fire/RGB/Corrected FOV/00376.JPG,data/flame3/Fire/Thermal/Raw JPG/00376.JPG,data/flame3/Fire/Thermal/Celsius TIFF/00376.TIFF,project_support/artifacts/flame3_manual_smoke_v2/machine_labels/labels/masks/train/fire/00376.png,project_support/artifacts/flame3_manual_smoke_v2/machine_labels/labels/boundary_maps/train/fire/00376.png,0
fire/00377,Fire,00377,2022-10-27 17:49:32,42.85785666666667,-121.12951505555554,7,,,data/flame3/Fire/RGB/Corrected FOV/00377.JPG,data/flame3/Fire/Thermal/Raw JPG/00377.JPG,data/flame3/Fire/Thermal/Celsius TIFF/00377.TIFF,project_support/artifacts/flame3_manual_smoke_v2/machine_labels/labels/masks/train/fire/00377.png,project_support/artifacts/flame3_manual_smoke_v2/machine_labels/labels/boundary_maps/train/fire/00377.png,0
fire/00378,Fire,00378,2022-10-26 19:12:00,42.85069402777778,-121.14687875000001,3,,,data/flame3/Fire/RGB/Corrected FOV/00378.JPG,data/flame3/Fire/Thermal/Raw JPG/00378.JPG,data/flame3/Fire/Thermal/Celsius TIFF/00378.TIFF,project_support/data/flame3_manual_smoke_v2_annotation/completed_masks/A137.png,project_support/artifacts/flame3_manual_smoke_v2/machine_labels/labels/boundary_maps/train/fire/00378.png,1
fire/00379,Fire,00379,2022-10-27 17:45:50,42.866875444444446,-121.13792233333334,7,,,data/flame3/Fire/RGB/Corrected FOV/00379.JPG,data/flame3/Fire/Thermal/Raw JPG/00379.JPG,data/flame3/Fire/Thermal/Celsius TIFF/00379.TIFF,project_support/artifacts/flame3_manual_smoke_v2/machine_labels/labels/masks/train/fire/00379.png,project_support/artifacts/flame3_manual_smoke_v2/machine_labels/labels/boundary_maps/train/fire/00379.png,0
fire/00384,Fire,00384,2022-10-26 18:34:18,42.84959002777778,-121.15165583333334,1,,,data/flame3/Fire/RGB/Corrected FOV/00384.JPG,data/flame3/Fire/Thermal/Raw JPG/00384.JPG,data/flame3/Fire/Thermal/Celsius TIFF/00384.TIFF,project_support/data/flame3_manual_smoke_v2_annotation/completed_masks/A125.png,project_support/artifacts/flame3_manual_smoke_v2/machine_labels/labels/boundary_maps/train/fire/00384.png,1
fire/00385,Fire,00385,2022-10-26 18:38:09,42.85339744444445,-121.14801516666667,1,,,data/flame3/Fire/RGB/Corrected FOV/00385.JPG,data/flame3/Fire/Thermal/Raw JPG/00385.JPG,data/flame3/Fire/Thermal/Celsius TIFF/00385.TIFF,project_support/artifacts/flame3_manual_smoke_v2/machine_labels/labels/masks/train/fire/00385.png,project_support/artifacts/flame3_manual_smoke_v2/machine_labels/labels/boundary_maps/train/fire/00385.png,0
fire/00386,Fire,00386,2022-10-27 15:41:09,42.866518472222225,-121.13462752777778,5,,,data/flame3/Fire/RGB/Corrected FOV/00386.JPG,data/flame3/Fire/Thermal/Raw JPG/00386.JPG,data/flame3/Fire/Thermal/Celsius TIFF/00386.TIFF,project_support/artifacts/flame3_manual_smoke_v2/machine_labels/labels/masks/train/fire/00386.png,project_support/artifacts/flame3_manual_smoke_v2/machine_labels/labels/boundary_maps/train/fire/00386.png,0
fire/00387,Fire,00387,2022-10-26 18:34:44,42.84958805555556,-121.15165441666667,1,,,data/flame3/Fire/RGB/Corrected FOV/00387.JPG,data/flame3/Fire/Thermal/Raw JPG/00387.JPG,data/flame3/Fire/Thermal/Celsius TIFF/00387.TIFF,project_support/data/flame3_manual_smoke_v2_annotation/completed_masks/A105.png,project_support/artifacts/flame3_manual_smoke_v2/machine_labels/labels/boundary_maps/train/fire/00387.png,1
fire/00388,Fire,00388,2022-10-27 15:41:48,42.868413833333335,-121.13942802777778,5,,,data/flame3/Fire/RGB/Corrected FOV/00388.JPG,data/flame3/Fire/Thermal/Raw JPG/00388.JPG,data/flame3/Fire/Thermal/Celsius TIFF/00388.TIFF,project_support/artifacts/flame3_manual_smoke_v2/machine_labels/labels/masks/train/fire/00388.png,project_support/artifacts/flame3_manual_smoke_v2/machine_labels/labels/boundary_maps/train/fire/00388.png,0
fire/00389,Fire,00389,2022-10-27 17:47:53,42.86473613888889,-121.13593141666668,7,,,data/flame3/Fire/RGB/Corrected FOV/00389.JPG,data/flame3/Fire/Thermal/Raw JPG/00389.JPG,data/flame3/Fire/Thermal/Celsius TIFF/00389.TIFF,project_support/artifacts/flame3_manual_smoke_v2/machine_labels/labels/masks/train/fire/00389.png,project_support/artifacts/flame3_manual_smoke_v2/machine_labels/labels/boundary_maps/train/fire/00389.png,0
fire/00392,Fire,00392,2022-10-27 15:39:11,42.86824336111111,-121.13643275000001,5,,,data/flame3/Fire/RGB/Corrected FOV/00392.JPG,data/flame3/Fire/Thermal/Raw JPG/00392.JPG,data/flame3/Fire/Thermal/Celsius TIFF/00392.TIFF,project_support/artifacts/flame3_manual_smoke_v2/machine_labels/labels/masks/train/fire/00392.png,project_support/artifacts/flame3_manual_smoke_v2/machine_labels/labels/boundary_maps/train/fire/00392.png,0
fire/00395,Fire,00395,2022-10-26 18:31:42,42.850763055555554,-121.15192566666667,1,,,data/flame3/Fire/RGB/Corrected FOV/00395.JPG,data/flame3/Fire/Thermal/Raw JPG/00395.JPG,data/flame3/Fire/Thermal/Celsius TIFF/00395.TIFF,project_support/artifacts/flame3_manual_smoke_v2/machine_labels/labels/masks/train/fire/00395.png,project_support/artifacts/flame3_manual_smoke_v2/machine_labels/labels/boundary_maps/train/fire/00395.png,0
fire/00398,Fire,00398,2022-10-27 17:49:41,42.85825502777778,-121.13015519444444,7,,,data/flame3/Fire/RGB/Corrected FOV/00398.JPG,data/flame3/Fire/Thermal/Raw JPG/00398.JPG,data/flame3/Fire/Thermal/Celsius TIFF/00398.TIFF,project_support/data/flame3_manual_smoke_v2_annotation/completed_masks/A097.png,project_support/artifacts/flame3_manual_smoke_v2/machine_labels/labels/boundary_maps/train/fire/00398.png,1
fire/00399,Fire,00399,2022-10-27 15:40:29,42.86684338888889,-121.13437061111112,5,,,data/flame3/Fire/RGB/Corrected FOV/00399.JPG,data/flame3/Fire/Thermal/Raw JPG/00399.JPG,data/flame3/Fire/Thermal/Celsius TIFF/00399.TIFF,project_support/artifacts/flame3_manual_smoke_v2/machine_labels/labels/masks/train/fire/00399.png,project_support/artifacts/flame3_manual_smoke_v2/machine_labels/labels/boundary_maps/train/fire/00399.png,0
fire/00401,Fire,00401,2022-10-27 17:47:12,42.86306758333333,-121.13838533333335,7,,,data/flame3/Fire/RGB/Corrected FOV/00401.JPG,data/flame3/Fire/Thermal/Raw JPG/00401.JPG,data/flame3/Fire/Thermal/Celsius TIFF/00401.TIFF,project_support/artifacts/flame3_manual_smoke_v2/machine_labels/labels/masks/train/fire/00401.png,project_support/artifacts/flame3_manual_smoke_v2/machine_labels/labels/boundary_maps/train/fire/00401.png,0
fire/00403,Fire,00403,2022-10-26 18:43:51,42.851974750000004,-121.15322108333334,1,,,data/flame3/Fire/RGB/Corrected FOV/00403.JPG,data/flame3/Fire/Thermal/Raw JPG/00403.JPG,data/flame3/Fire/Thermal/Celsius TIFF/00403.TIFF,project_support/artifacts/flame3_manual_smoke_v2/machine_labels/labels/masks/train/fire/00403.png,project_support/artifacts/flame3_manual_smoke_v2/machine_labels/labels/boundary_maps/train/fire/00403.png,0
fire/00404,Fire,00404,2022-10-26 19:11:54,42.85069461111111,-121.14687822222223,3,,,data/flame3/Fire/RGB/Corrected FOV/00404.JPG,data/flame3/Fire/Thermal/Raw JPG/00404.JPG,data/flame3/Fire/Thermal/Celsius TIFF/00404.TIFF,project_support/artifacts/flame3_manual_smoke_v2/machine_labels/labels/masks/train/fire/00404.png,project_support/artifacts/flame3_manual_smoke_v2/machine_labels/labels/boundary_maps/train/fire/00404.png,0
fire/00405,Fire,00405,2022-10-27 15:41:51,42.86817091666667,-121.13978825000001,5,,,data/flame3/Fire/RGB/Corrected FOV/00405.JPG,data/flame3/Fire/Thermal/Raw JPG/00405.JPG,data/flame3/Fire/Thermal/Celsius TIFF/00405.TIFF,project_support/data/flame3_manual_smoke_v2_annotation/completed_masks/A099.png,project_support/artifacts/flame3_manual_smoke_v2/machine_labels/labels/boundary_maps/train/fire/00405.png,1
fire/00406,Fire,00406,2022-10-26 18:33:27,42.84976269444444,-121.14830316666668,1,,,data/flame3/Fire/RGB/Corrected FOV/00406.JPG,data/flame3/Fire/Thermal/Raw JPG/00406.JPG,data/flame3/Fire/Thermal/Celsius TIFF/00406.TIFF,project_support/artifacts/flame3_manual_smoke_v2/machine_labels/labels/masks/train/fire/00406.png,project_support/artifacts/flame3_manual_smoke_v2/machine_labels/labels/boundary_maps/train/fire/00406.png,0
fire/00408,Fire,00408,2022-10-25 17:02:50,42.85178672222222,-121.14114816666667,0b,,,data/flame3/Fire/RGB/Corrected FOV/00408.JPG,data/flame3/Fire/Thermal/Raw JPG/00408.JPG,data/flame3/Fire/Thermal/Celsius TIFF/00408.TIFF,project_support/artifacts/flame3_manual_smoke_v2/machine_labels/labels/masks/train/fire/00408.png,project_support/artifacts/flame3_manual_smoke_v2/machine_labels/labels/boundary_maps/train/fire/00408.png,0
fire/00410,Fire,00410,2022-10-27 15:40:54,42.86684077777778,-121.13437094444446,5,,,data/flame3/Fire/RGB/Corrected FOV/00410.JPG,data/flame3/Fire/Thermal/Raw JPG/00410.JPG,data/flame3/Fire/Thermal/Celsius TIFF/00410.TIFF,project_support/artifacts/flame3_manual_smoke_v2/machine_labels/labels/masks/train/fire/00410.png,project_support/artifacts/flame3_manual_smoke_v2/machine_labels/labels/boundary_maps/train/fire/00410.png,0
fire/00412,Fire,00412,2022-10-26 18:38:12,42.85295927777778,-121.14783138888889,1,,,data/flame3/Fire/RGB/Corrected FOV/00412.JPG,data/flame3/Fire/Thermal/Raw JPG/00412.JPG,data/flame3/Fire/Thermal/Celsius TIFF/00412.TIFF,project_support/artifacts/flame3_manual_smoke_v2/machine_labels/labels/masks/train/fire/00412.png,project_support/artifacts/flame3_manual_smoke_v2/machine_labels/labels/boundary_maps/train/fire/00412.png,0
fire/00414,Fire,00414,2022-10-27 15:40:50,42.86684088888889,-121.13437086111112,5,,,data/flame3/Fire/RGB/Corrected FOV/00414.JPG,data/flame3/Fire/Thermal/Raw JPG/00414.JPG,data/flame3/Fire/Thermal/Celsius TIFF/00414.TIFF,project_support/artifacts/flame3_manual_smoke_v2/machine_labels/labels/masks/train/fire/00414.png,project_support/artifacts/flame3_manual_smoke_v2/machine_labels/labels/boundary_maps/train/fire/00414.png,0
fire/00415,Fire,00415,2022-10-26 18:43:33,42.85080958333334,-121.15254969444445,1,,,data/flame3/Fire/RGB/Corrected FOV/00415.JPG,data/flame3/Fire/Thermal/Raw JPG/00415.JPG,data/flame3/Fire/Thermal/Celsius TIFF/00415.TIFF,project_support/artifacts/flame3_manual_smoke_v2/machine_labels/labels/masks/train/fire/00415.png,project_support/artifacts/flame3_manual_smoke_v2/machine_labels/labels/boundary_maps/train/fire/00415.png,0
fire/00416,Fire,00416,2022-10-26 18:33:51,42.84959261111111,-121.15165402777778,1,,,data/flame3/Fire/RGB/Corrected FOV/00416.JPG,data/flame3/Fire/Thermal/Raw JPG/00416.JPG,data/flame3/Fire/Thermal/Celsius TIFF/00416.TIFF,project_support/data/flame3_manual_smoke_v2_annotation/completed_masks/A102.png,project_support/artifacts/flame3_manual_smoke_v2/machine_labels/labels/boundary_maps/train/fire/00416.png,1
fire/00417,Fire,00417,2022-10-27 15:42:36,42.86624527777778,-121.13824944444445,5,,,data/flame3/Fire/RGB/Corrected FOV/00417.JPG,data/flame3/Fire/Thermal/Raw JPG/00417.JPG,data/flame3/Fire/Thermal/Celsius TIFF/00417.TIFF,project_support/artifacts/flame3_manual_smoke_v2/machine_labels/labels/masks/train/fire/00417.png,project_support/artifacts/flame3_manual_smoke_v2/machine_labels/labels/boundary_maps/train/fire/00417.png,0
fire/00418,Fire,00418,2022-10-25 17:00:27,42.851448500000004,-121.14838102777779,0b,,,data/flame3/Fire/RGB/Corrected FOV/00418.JPG,data/flame3/Fire/Thermal/Raw JPG/00418.JPG,data/flame3/Fire/Thermal/Celsius TIFF/00418.TIFF,project_support/artifacts/flame3_manual_smoke_v2/machine_labels/labels/masks/train/fire/00418.png,project_support/artifacts/flame3_manual_smoke_v2/machine_labels/labels/boundary_maps/train/fire/00418.png,0
fire/00419,Fire,00419,2022-10-26 18:31:39,42.85076241666667,-121.15192202777779,1,,,data/flame3/Fire/RGB/Corrected FOV/00419.JPG,data/flame3/Fire/Thermal/Raw JPG/00419.JPG,data/flame3/Fire/Thermal/Celsius TIFF/00419.TIFF,project_support/data/flame3_manual_smoke_v2_annotation/completed_masks/A090.png,project_support/artifacts/flame3_manual_smoke_v2/machine_labels/labels/boundary_maps/train/fire/00419.png,1
fire/00421,Fire,00421,2022-10-25 17:01:54,42.851800222222224,-121.1477366388889,0b,,,data/flame3/Fire/RGB/Corrected FOV/00421.JPG,data/flame3/Fire/Thermal/Raw JPG/00421.JPG,data/flame3/Fire/Thermal/Celsius TIFF/00421.TIFF,project_support/data/flame3_manual_smoke_v2_annotation/completed_masks/A058.png,project_support/artifacts/flame3_manual_smoke_v2/machine_labels/labels/boundary_maps/train/fire/00421.png,1
fire/00423,Fire,00423,2022-10-27 17:47:30,42.86253466666667,-121.13668638888889,7,,,data/flame3/Fire/RGB/Corrected FOV/00423.JPG,data/flame3/Fire/Thermal/Raw JPG/00423.JPG,data/flame3/Fire/Thermal/Celsius TIFF/00423.TIFF,project_support/artifacts/flame3_manual_smoke_v2/machine_labels/labels/masks/train/fire/00423.png,project_support/artifacts/flame3_manual_smoke_v2/machine_labels/labels/boundary_maps/train/fire/00423.png,0
fire/00424,Fire,00424,2022-10-26 18:43:57,42.85287697222223,-121.15294755555556,1,,,data/flame3/Fire/RGB/Corrected FOV/00424.JPG,data/flame3/Fire/Thermal/Raw JPG/00424.JPG,data/flame3/Fire/Thermal/Celsius TIFF/00424.TIFF,project_support/artifacts/flame3_manual_smoke_v2/machine_labels/labels/masks/train/fire/00424.png,project_support/artifacts/flame3_manual_smoke_v2/machine_labels/labels/boundary_maps/train/fire/00424.png,0
fire/00425,Fire,00425,2022-10-27 17:49:08,42.86082925,-121.1277388611111,7,,,data/flame3/Fire/RGB/Corrected FOV/00425.JPG,data/flame3/Fire/Thermal/Raw JPG/00425.JPG,data/flame3/Fire/Thermal/Celsius TIFF/00425.TIFF,project_support/data/flame3_manual_smoke_v2_annotation/completed_masks/A120.png,project_support/artifacts/flame3_manual_smoke_v2/machine_labels/labels/boundary_maps/train/fire/00425.png,1
fire/00426,Fire,00426,2022-10-27 17:49:14,42.86005894444445,-121.12808963888888,7,,,data/flame3/Fire/RGB/Corrected FOV/00426.JPG,data/flame3/Fire/Thermal/Raw JPG/00426.JPG,data/flame3/Fire/Thermal/Celsius TIFF/00426.TIFF,project_support/data/flame3_manual_smoke_v2_annotation/completed_masks/A093.png,project_support/artifacts/flame3_manual_smoke_v2/machine_labels/labels/boundary_maps/train/fire/00426.png,1
fire/00429,Fire,00429,2022-10-27 17:46:56,42.86323202777778,-121.13960836111112,7,,,data/flame3/Fire/RGB/Corrected FOV/00429.JPG,data/flame3/Fire/Thermal/Raw JPG/00429.JPG,data/flame3/Fire/Thermal/Celsius TIFF/00429.TIFF,project_support/artifacts/flame3_manual_smoke_v2/machine_labels/labels/masks/train/fire/00429.png,project_support/artifacts/flame3_manual_smoke_v2/machine_labels/labels/boundary_maps/train/fire/00429.png,0
fire/00430,Fire,00430,2022-10-27 17:46:08,42.86667108333334,-121.13883019444445,7,,,data/flame3/Fire/RGB/Corrected FOV/00430.JPG,data/flame3/Fire/Thermal/Raw JPG/00430.JPG,data/flame3/Fire/Thermal/Celsius TIFF/00430.TIFF,project_support/artifacts/flame3_manual_smoke_v2/machine_labels/labels/masks/train/fire/00430.png,project_support/artifacts/flame3_manual_smoke_v2/machine_labels/labels/boundary_maps/train/fire/00430.png,0
fire/00432,Fire,00432,2022-10-27 17:46:14,42.86667116666667,-121.13882980555556,7,,,data/flame3/Fire/RGB/Corrected FOV/00432.JPG,data/flame3/Fire/Thermal/Raw JPG/00432.JPG,data/flame3/Fire/Thermal/Celsius TIFF/00432.TIFF,project_support/artifacts/flame3_manual_smoke_v2/machine_labels/labels/masks/train/fire/00432.png,project_support/artifacts/flame3_manual_smoke_v2/machine_labels/labels/boundary_maps/train/fire/00432.png,0
fire/00433,Fire,00433,2022-10-26 18:37:03,42.8496815,-121.15159922222223,1,,,data/flame3/Fire/RGB/Corrected FOV/00433.JPG,data/flame3/Fire/Thermal/Raw JPG/00433.JPG,data/flame3/Fire/Thermal/Celsius TIFF/00433.TIFF,project_support/artifacts/flame3_manual_smoke_v2/machine_labels/labels/masks/train/fire/00433.png,project_support/artifacts/flame3_manual_smoke_v2/machine_labels/labels/boundary_maps/train/fire/00433.png,0
fire/00436,Fire,00436,2022-10-26 18:33:57,42.84959166666667,-121.15165561111111,1,,,data/flame3/Fire/RGB/Corrected FOV/00436.JPG,data/flame3/Fire/Thermal/Raw JPG/00436.JPG,data/flame3/Fire/Thermal/Celsius TIFF/00436.TIFF,project_support/artifacts/flame3_manual_smoke_v2/machine_labels/labels/masks/train/fire/00436.png,project_support/artifacts/flame3_manual_smoke_v2/machine_labels/labels/boundary_maps/train/fire/00436.png,0
fire/00438,Fire,00438,2022-10-27 15:40:20,42.86684352777778,-121.1343708888889,5,,,data/flame3/Fire/RGB/Corrected FOV/00438.JPG,data/flame3/Fire/Thermal/Raw JPG/00438.JPG,data/flame3/Fire/Thermal/Celsius TIFF/00438.TIFF,project_support/artifacts/flame3_manual_smoke_v2/machine_labels/labels/masks/train/fire/00438.png,project_support/artifacts/flame3_manual_smoke_v2/machine_labels/labels/boundary_maps/train/fire/00438.png,0
fire/00439,Fire,00439,2022-10-27 15:40:32,42.86684275,-121.13437102777779,5,,,data/flame3/Fire/RGB/Corrected FOV/00439.JPG,data/flame3/Fire/Thermal/Raw JPG/00439.JPG,data/flame3/Fire/Thermal/Celsius TIFF/00439.TIFF,project_support/artifacts/flame3_manual_smoke_v2/machine_labels/labels/masks/train/fire/00439.png,project_support/artifacts/flame3_manual_smoke_v2/machine_labels/labels/boundary_maps/train/fire/00439.png,0
fire/00440,Fire,00440,2022-10-27 17:47:41,42.86331977777778,-121.13651244444445,7,,,data/flame3/Fire/RGB/Corrected FOV/00440.JPG,data/flame3/Fire/Thermal/Raw JPG/00440.JPG,data/flame3/Fire/Thermal/Celsius TIFF/00440.TIFF,project_support/artifacts/flame3_manual_smoke_v2/machine_labels/labels/masks/train/fire/00440.png,project_support/artifacts/flame3_manual_smoke_v2/machine_labels/labels/boundary_maps/train/fire/00440.png,0
fire/00445,Fire,00445,2022-10-26 19:12:28,42.850692888888894,-121.14687994444445,3,,,data/flame3/Fire/RGB/Corrected FOV/00445.JPG,data/flame3/Fire/Thermal/Raw JPG/00445.JPG,data/flame3/Fire/Thermal/Celsius TIFF/00445.TIFF,project_support/artifacts/flame3_manual_smoke_v2/machine_labels/labels/masks/train/fire/00445.png,project_support/artifacts/flame3_manual_smoke_v2/machine_labels/labels/boundary_maps/train/fire/00445.png,0
fire/00446,Fire,00446,2022-10-25 17:00:33,42.851574444444445,-121.14811261111112,0b,,,data/flame3/Fire/RGB/Corrected FOV/00446.JPG,data/flame3/Fire/Thermal/Raw JPG/00446.JPG,data/flame3/Fire/Thermal/Celsius TIFF/00446.TIFF,project_support/data/flame3_manual_smoke_v2_annotation/completed_masks/A063.png,project_support/artifacts/flame3_manual_smoke_v2/machine_labels/labels/boundary_maps/train/fire/00446.png,1
fire/00448,Fire,00448,2022-10-25 17:00:08,42.85052705555556,-121.14702308333334,0b,,,data/flame3/Fire/RGB/Corrected FOV/00448.JPG,data/flame3/Fire/Thermal/Raw JPG/00448.JPG,data/flame3/Fire/Thermal/Celsius TIFF/00448.TIFF,project_support/artifacts/flame3_manual_smoke_v2/machine_labels/labels/masks/train/fire/00448.png,project_support/artifacts/flame3_manual_smoke_v2/machine_labels/labels/boundary_maps/train/fire/00448.png,0
fire/00449,Fire,00449,2022-10-25 16:59:47,42.85165752777778,-121.14622663888889,0b,,,data/flame3/Fire/RGB/Corrected FOV/00449.JPG,data/flame3/Fire/Thermal/Raw JPG/00449.JPG,data/flame3/Fire/Thermal/Celsius TIFF/00449.TIFF,project_support/data/flame3_manual_smoke_v2_annotation/completed_masks/A072.png,project_support/artifacts/flame3_manual_smoke_v2/machine_labels/labels/boundary_maps/train/fire/00449.png,1
fire/00450,Fire,00450,2022-10-25 17:02:32,42.850713694444444,-121.14227075000001,0b,,,data/flame3/Fire/RGB/Corrected FOV/00450.JPG,data/flame3/Fire/Thermal/Raw JPG/00450.JPG,data/flame3/Fire/Thermal/Celsius TIFF/00450.TIFF,project_support/data/flame3_manual_smoke_v2_annotation/completed_masks/A071.png,project_support/artifacts/flame3_manual_smoke_v2/machine_labels/labels/boundary_maps/train/fire/00450.png,1
fire/00451,Fire,00451,2022-10-27 17:48:08,42.86450122222222,-121.13455852777778,7,,,data/flame3/Fire/RGB/Corrected FOV/00451.JPG,data/flame3/Fire/Thermal/Raw JPG/00451.JPG,data/flame3/Fire/Thermal/Celsius TIFF/00451.TIFF,project_support/artifacts/flame3_manual_smoke_v2/machine_labels/labels/masks/train/fire/00451.png,project_support/artifacts/flame3_manual_smoke_v2/machine_labels/labels/boundary_maps/train/fire/00451.png,0
fire/00452,Fire,00452,2022-10-26 18:33:15,42.851324,-121.14778330555556,1,,,data/flame3/Fire/RGB/Corrected FOV/00452.JPG,data/flame3/Fire/Thermal/Raw JPG/00452.JPG,data/flame3/Fire/Thermal/Celsius TIFF/00452.TIFF,project_support/artifacts/flame3_manual_smoke_v2/machine_labels/labels/masks/train/fire/00452.png,project_support/artifacts/flame3_manual_smoke_v2/machine_labels/labels/boundary_maps/train/fire/00452.png,0
fire/00454,Fire,00454,2022-10-27 19:00:55,42.86382372222222,-121.14308875,8,,,data/flame3/Fire/RGB/Corrected FOV/00454.JPG,data/flame3/Fire/Thermal/Raw JPG/00454.JPG,data/flame3/Fire/Thermal/Celsius TIFF/00454.TIFF,project_support/artifacts/flame3_manual_smoke_v2/machine_labels/labels/masks/train/fire/00454.png,project_support/artifacts/flame3_manual_smoke_v2/machine_labels/labels/boundary_maps/train/fire/00454.png,0
fire/00456,Fire,00456,2022-10-27 15:42:21,42.86614708333334,-121.13929722222223,5,,,data/flame3/Fire/RGB/Corrected FOV/00456.JPG,data/flame3/Fire/Thermal/Raw JPG/00456.JPG,data/flame3/Fire/Thermal/Celsius TIFF/00456.TIFF,project_support/artifacts/flame3_manual_smoke_v2/machine_labels/labels/masks/train/fire/00456.png,project_support/artifacts/flame3_manual_smoke_v2/machine_labels/labels/boundary_maps/train/fire/00456.png,0
fire/00457,Fire,00457,2022-10-26 18:38:24,42.85119777777778,-121.14764883333334,1,,,data/flame3/Fire/RGB/Corrected FOV/00457.JPG,data/flame3/Fire/Thermal/Raw JPG/00457.JPG,data/flame3/Fire/Thermal/Celsius TIFF/00457.TIFF,project_support/artifacts/flame3_manual_smoke_v2/machine_labels/labels/masks/train/fire/00457.png,project_support/artifacts/flame3_manual_smoke_v2/machine_labels/labels/boundary_maps/train/fire/00457.png,0
fire/00459,Fire,00459,2022-10-25 16:59:03,42.8538385,-121.14876969444445,0b,,,data/flame3/Fire/RGB/Corrected FOV/00459.JPG,data/flame3/Fire/Thermal/Raw JPG/00459.JPG,data/flame3/Fire/Thermal/Celsius TIFF/00459.TIFF,project_support/data/flame3_manual_smoke_v2_annotation/completed_masks/A067.png,project_support/artifacts/flame3_manual_smoke_v2/machine_labels/labels/boundary_maps/train/fire/00459.png,1
fire/00460,Fire,00460,2022-10-27 15:41:45,42.86865541666667,-121.13894922222222,5,,,data/flame3/Fire/RGB/Corrected FOV/00460.JPG,data/flame3/Fire/Thermal/Raw JPG/00460.JPG,data/flame3/Fire/Thermal/Celsius TIFF/00460.TIFF,project_support/data/flame3_manual_smoke_v2_annotation/completed_masks/A134.png,project_support/artifacts/flame3_manual_smoke_v2/machine_labels/labels/boundary_maps/train/fire/00460.png,1
fire/00461,Fire,00461,2022-10-25 17:02:09,42.851410083333334,-121.14622566666668,0b,,,data/flame3/Fire/RGB/Corrected FOV/00461.JPG,data/flame3/Fire/Thermal/Raw JPG/00461.JPG,data/flame3/Fire/Thermal/Celsius TIFF/00461.TIFF,project_support/artifacts/flame3_manual_smoke_v2/machine_labels/labels/masks/train/fire/00461.png,project_support/artifacts/flame3_manual_smoke_v2/machine_labels/labels/boundary_maps/train/fire/00461.png,0
fire/00462,Fire,00462,2022-10-26 18:37:57,42.854584833333334,-121.14979205555557,1,,,data/flame3/Fire/RGB/Corrected FOV/00462.JPG,data/flame3/Fire/Thermal/Raw JPG/00462.JPG,data/flame3/Fire/Thermal/Celsius TIFF/00462.TIFF,project_support/artifacts/flame3_manual_smoke_v2/machine_labels/labels/masks/train/fire/00462.png,project_support/artifacts/flame3_manual_smoke_v2/machine_labels/labels/boundary_maps/train/fire/00462.png,0
fire/00464,Fire,00464,2022-10-26 19:11:51,42.85069488888889,-121.14687758333334,3,,,data/flame3/Fire/RGB/Corrected FOV/00464.JPG,data/flame3/Fire/Thermal/Raw JPG/00464.JPG,data/flame3/Fire/Thermal/Celsius TIFF/00464.TIFF,project_support/artifacts/flame3_manual_smoke_v2/machine_labels/labels/masks/train/fire/00464.png,project_support/artifacts/flame3_manual_smoke_v2/machine_labels/labels/boundary_maps/train/fire/00464.png,0
fire/00465,Fire,00465,2022-10-26 18:44:30,42.85344475,-121.14745911111112,1,,,data/flame3/Fire/RGB/Corrected FOV/00465.JPG,data/flame3/Fire/Thermal/Raw JPG/00465.JPG,data/flame3/Fire/Thermal/Celsius TIFF/00465.TIFF,project_support/artifacts/flame3_manual_smoke_v2/machine_labels/labels/masks/train/fire/00465.png,project_support/artifacts/flame3_manual_smoke_v2/machine_labels/labels/boundary_maps/train/fire/00465.png,0
fire/00466,Fire,00466,2022-10-27 17:46:06,42.86667033333333,-121.13883069444445,7,,,data/flame3/Fire/RGB/Corrected FOV/00466.JPG,data/flame3/Fire/Thermal/Raw JPG/00466.JPG,data/flame3/Fire/Thermal/Celsius TIFF/00466.TIFF,project_support/data/flame3_manual_smoke_v2_annotation/completed_masks/A079.png,project_support/artifacts/flame3_manual_smoke_v2/machine_labels/labels/boundary_maps/train/fire/00466.png,1
fire/00467,Fire,00467,2022-10-27 17:46:30,42.86586827777778,-121.13980500000001,7,,,data/flame3/Fire/RGB/Corrected FOV/00467.JPG,data/flame3/Fire/Thermal/Raw JPG/00467.JPG,data/flame3/Fire/Thermal/Celsius TIFF/00467.TIFF,project_support/data/flame3_manual_smoke_v2_annotation/completed_masks/A082.png,project_support/artifacts/flame3_manual_smoke_v2/machine_labels/labels/boundary_maps/train/fire/00467.png,1
fire/00468,Fire,00468,2022-10-25 16:59:17,42.85332944444445,-121.14744722222223,0b,,,data/flame3/Fire/RGB/Corrected FOV/00468.JPG,data/flame3/Fire/Thermal/Raw JPG/00468.JPG,data/flame3/Fire/Thermal/Celsius TIFF/00468.TIFF,project_support/artifacts/flame3_manual_smoke_v2/machine_labels/labels/masks/train/fire/00468.png,project_support/artifacts/flame3_manual_smoke_v2/machine_labels/labels/boundary_maps/train/fire/00468.png,0
fire/00469,Fire,00469,2022-10-27 15:38:43,42.86700369444444,-121.134101,5,,,data/flame3/Fire/RGB/Corrected FOV/00469.JPG,data/flame3/Fire/Thermal/Raw JPG/00469.JPG,data/flame3/Fire/Thermal/Celsius TIFF/00469.TIFF,project_support/artifacts/flame3_manual_smoke_v2/machine_labels/labels/masks/train/fire/00469.png,project_support/artifacts/flame3_manual_smoke_v2/machine_labels/labels/boundary_maps/train/fire/00469.png,0
fire/00470,Fire,00470,2022-10-27 15:38:13,42.86439683333334,-121.13555552777778,5,,,data/flame3/Fire/RGB/Corrected FOV/00470.JPG,data/flame3/Fire/Thermal/Raw JPG/00470.JPG,data/flame3/Fire/Thermal/Celsius TIFF/00470.TIFF,project_support/artifacts/flame3_manual_smoke_v2/machine_labels/labels/masks/train/fire/00470.png,project_support/artifacts/flame3_manual_smoke_v2/machine_labels/labels/boundary_maps/train/fire/00470.png,0
fire/00471,Fire,00471,2022-10-27 17:47:38,42.86324041666667,-121.13653005555557,7,,,data/flame3/Fire/RGB/Corrected FOV/00471.JPG,data/flame3/Fire/Thermal/Raw JPG/00471.JPG,data/flame3/Fire/Thermal/Celsius TIFF/00471.TIFF,project_support/artifacts/flame3_manual_smoke_v2/machine_labels/labels/masks/train/fire/00471.png,project_support/artifacts/flame3_manual_smoke_v2/machine_labels/labels/boundary_maps/train/fire/00471.png,0
fire/00472,Fire,00472,2022-10-27 17:46:28,42.86607980555556,-121.1397498888889,7,,,data/flame3/Fire/RGB/Corrected FOV/00472.JPG,data/flame3/Fire/Thermal/Raw JPG/00472.JPG,data/flame3/Fire/Thermal/Celsius TIFF/00472.TIFF,project_support/artifacts/flame3_manual_smoke_v2/machine_labels/labels/masks/train/fire/00472.png,project_support/artifacts/flame3_manual_smoke_v2/machine_labels/labels/boundary_maps/train/fire/00472.png,0
fire/00474,Fire,00474,2022-10-26 18:32:27,42.85378502777778,-121.15274069444445,1,,,data/flame3/Fire/RGB/Corrected FOV/00474.JPG,data/flame3/Fire/Thermal/Raw JPG/00474.JPG,data/flame3/Fire/Thermal/Celsius TIFF/00474.TIFF,project_support/artifacts/flame3_manual_smoke_v2/machine_labels/labels/masks/train/fire/00474.png,project_support/artifacts/flame3_manual_smoke_v2/machine_labels/labels/boundary_maps/train/fire/00474.png,0
fire/00475,Fire,00475,2022-10-27 17:46:40,42.86492069444444,-121.13987527777779,7,,,data/flame3/Fire/RGB/Corrected FOV/00475.JPG,data/flame3/Fire/Thermal/Raw JPG/00475.JPG,data/flame3/Fire/Thermal/Celsius TIFF/00475.TIFF,project_support/artifacts/flame3_manual_smoke_v2/machine_labels/labels/masks/train/fire/00475.png,project_support/artifacts/flame3_manual_smoke_v2/machine_labels/labels/boundary_maps/train/fire/00475.png,0
fire/00477,Fire,00477,2022-10-25 17:02:35,42.85095841666667,-121.14181275,0b,,,data/flame3/Fire/RGB/Corrected FOV/00477.JPG,data/flame3/Fire/Thermal/Raw JPG/00477.JPG,data/flame3/Fire/Thermal/Celsius TIFF/00477.TIFF,project_support/artifacts/flame3_manual_smoke_v2/machine_labels/labels/masks/train/fire/00477.png,project_support/artifacts/flame3_manual_smoke_v2/machine_labels/labels/boundary_maps/train/fire/00477.png,0
fire/00478,Fire,00478,2022-10-26 18:34:00,42.84959144444445,-121.15165552777778,1,,,data/flame3/Fire/RGB/Corrected FOV/00478.JPG,data/flame3/Fire/Thermal/Raw JPG/00478.JPG,data/flame3/Fire/Thermal/Celsius TIFF/00478.TIFF,project_support/data/flame3_manual_smoke_v2_annotation/completed_masks/A124.png,project_support/artifacts/flame3_manual_smoke_v2/machine_labels/labels/boundary_maps/train/fire/00478.png,1
fire/00479,Fire,00479,2022-10-27 17:45:42,42.867061972222224,-121.13717416666667,7,,,data/flame3/Fire/RGB/Corrected FOV/00479.JPG,data/flame3/Fire/Thermal/Raw JPG/00479.JPG,data/flame3/Fire/Thermal/Celsius TIFF/00479.TIFF,project_support/artifacts/flame3_manual_smoke_v2/machine_labels/labels/masks/train/fire/00479.png,project_support/artifacts/flame3_manual_smoke_v2/machine_labels/labels/boundary_maps/train/fire/00479.png,0
fire/00480,Fire,00480,2022-10-27 15:43:00,42.867794833333335,-121.13774336111112,5,,,data/flame3/Fire/RGB/Corrected FOV/00480.JPG,data/flame3/Fire/Thermal/Raw JPG/00480.JPG,data/flame3/Fire/Thermal/Celsius TIFF/00480.TIFF,project_support/artifacts/flame3_manual_smoke_v2/machine_labels/labels/masks/train/fire/00480.png,project_support/artifacts/flame3_manual_smoke_v2/machine_labels/labels/boundary_maps/train/fire/00480.png,0
fire/00482,Fire,00482,2022-10-27 15:43:24,42.867511722222226,-121.13402005555557,5,,,data/flame3/Fire/RGB/Corrected FOV/00482.JPG,data/flame3/Fire/Thermal/Raw JPG/00482.JPG,data/flame3/Fire/Thermal/Celsius TIFF/00482.TIFF,project_support/artifacts/flame3_manual_smoke_v2/machine_labels/labels/masks/train/fire/00482.png,project_support/artifacts/flame3_manual_smoke_v2/machine_labels/labels/boundary_maps/train/fire/00482.png,0
fire/00484,Fire,00484,2022-10-26 19:12:34,42.85069136111111,-121.14687983333334,3,,,data/flame3/Fire/RGB/Corrected FOV/00484.JPG,data/flame3/Fire/Thermal/Raw JPG/00484.JPG,data/flame3/Fire/Thermal/Celsius TIFF/00484.TIFF,project_support/artifacts/flame3_manual_smoke_v2/machine_labels/labels/masks/train/fire/00484.png,project_support/artifacts/flame3_manual_smoke_v2/machine_labels/labels/boundary_maps/train/fire/00484.png,0
fire/00485,Fire,00485,2022-10-27 17:48:20,42.86305302777778,-121.13444544444445,7,,,data/flame3/Fire/RGB/Corrected FOV/00485.JPG,data/flame3/Fire/Thermal/Raw JPG/00485.JPG,data/flame3/Fire/Thermal/Celsius TIFF/00485.TIFF,project_support/artifacts/flame3_manual_smoke_v2/machine_labels/labels/masks/train/fire/00485.png,project_support/artifacts/flame3_manual_smoke_v2/machine_labels/labels/boundary_maps/train/fire/00485.png,0
fire/00486,Fire,00486,2022-10-25 16:59:53,42.85119180555556,-121.14621416666667,0b,,,data/flame3/Fire/RGB/Corrected FOV/00486.JPG,data/flame3/Fire/Thermal/Raw JPG/00486.JPG,data/flame3/Fire/Thermal/Celsius TIFF/00486.TIFF,project_support/data/flame3_manual_smoke_v2_annotation/completed_masks/A073.png,project_support/artifacts/flame3_manual_smoke_v2/machine_labels/labels/boundary_maps/train/fire/00486.png,1
fire/00487,Fire,00487,2022-10-27 17:47:24,42.862382805555555,-121.13682619444445,7,,,data/flame3/Fire/RGB/Corrected FOV/00487.JPG,data/flame3/Fire/Thermal/Raw JPG/00487.JPG,data/flame3/Fire/Thermal/Celsius TIFF/00487.TIFF,project_support/artifacts/flame3_manual_smoke_v2/machine_labels/labels/masks/train/fire/00487.png,project_support/artifacts/flame3_manual_smoke_v2/machine_labels/labels/boundary_maps/train/fire/00487.png,0
fire/00488,Fire,00488,2022-10-26 18:37:30,42.85249397222223,-121.15386169444444,1,,,data/flame3/Fire/RGB/Corrected FOV/00488.JPG,data/flame3/Fire/Thermal/Raw JPG/00488.JPG,data/flame3/Fire/Thermal/Celsius TIFF/00488.TIFF,project_support/artifacts/flame3_manual_smoke_v2/machine_labels/labels/masks/train/fire/00488.png,project_support/artifacts/flame3_manual_smoke_v2/machine_labels/labels/boundary_maps/train/fire/00488.png,0
fire/00489,Fire,00489,2022-10-27 17:48:50,42.861987694444444,-121.12989527777778,7,,,data/flame3/Fire/RGB/Corrected FOV/00489.JPG,data/flame3/Fire/Thermal/Raw JPG/00489.JPG,data/flame3/Fire/Thermal/Celsius TIFF/00489.TIFF,project_support/artifacts/flame3_manual_smoke_v2/machine_labels/labels/masks/train/fire/00489.png,project_support/artifacts/flame3_manual_smoke_v2/machine_labels/labels/boundary_maps/train/fire/00489.png,0
fire/00490,Fire,00490,2022-10-26 18:33:12,42.85169863888889,-121.14770830555557,1,,,data/flame3/Fire/RGB/Corrected FOV/00490.JPG,data/flame3/Fire/Thermal/Raw JPG/00490.JPG,data/flame3/Fire/Thermal/Celsius TIFF/00490.TIFF,project_support/artifacts/flame3_manual_smoke_v2/machine_labels/labels/masks/train/fire/00490.png,project_support/artifacts/flame3_manual_smoke_v2/machine_labels/labels/boundary_maps/train/fire/00490.png,0
fire/00493,Fire,00493,2022-10-26 18:32:03,42.85205225,-121.15363008333334,1,,,data/flame3/Fire/RGB/Corrected FOV/00493.JPG,data/flame3/Fire/Thermal/Raw JPG/00493.JPG,data/flame3/Fire/Thermal/Celsius TIFF/00493.TIFF,project_support/data/flame3_manual_smoke_v2_annotation/completed_masks/A106.png,project_support/artifacts/flame3_manual_smoke_v2/machine_labels/labels/boundary_maps/train/fire/00493.png,1
fire/00494,Fire,00494,2022-10-26 18:43:36,42.85080836111111,-121.15254997222223,1,,,data/flame3/Fire/RGB/Corrected FOV/00494.JPG,data/flame3/Fire/Thermal/Raw JPG/00494.JPG,data/flame3/Fire/Thermal/Celsius TIFF/00494.TIFF,project_support/artifacts/flame3_manual_smoke_v2/machine_labels/labels/masks/train/fire/00494.png,project_support/artifacts/flame3_manual_smoke_v2/machine_labels/labels/boundary_maps/train/fire/00494.png,0
fire/00495,Fire,00495,2022-10-25 16:59:05,42.85383727777778,-121.14877252777778,0b,,,data/flame3/Fire/RGB/Corrected FOV/00495.JPG,data/flame3/Fire/Thermal/Raw JPG/00495.JPG,data/flame3/Fire/Thermal/Celsius TIFF/00495.TIFF,project_support/artifacts/flame3_manual_smoke_v2/machine_labels/labels/masks/train/fire/00495.png,project_support/artifacts/flame3_manual_smoke_v2/machine_labels/labels/boundary_maps/train/fire/00495.png,0
fire/00497,Fire,00497,2022-10-26 18:44:24,42.854087694444445,-121.14834502777778,1,,,data/flame3/Fire/RGB/Corrected FOV/00497.JPG,data/flame3/Fire/Thermal/Raw JPG/00497.JPG,data/flame3/Fire/Thermal/Celsius TIFF/00497.TIFF,project_support/artifacts/flame3_manual_smoke_v2/machine_labels/labels/masks/train/fire/00497.png,project_support/artifacts/flame3_manual_smoke_v2/machine_labels/labels/boundary_maps/train/fire/00497.png,0
fire/00498,Fire,00498,2022-10-25 16:59:23,42.85328008333334,-121.14729563888889,0b,,,data/flame3/Fire/RGB/Corrected FOV/00498.JPG,data/flame3/Fire/Thermal/Raw JPG/00498.JPG,data/flame3/Fire/Thermal/Celsius TIFF/00498.TIFF,project_support/artifacts/flame3_manual_smoke_v2/machine_labels/labels/masks/train/fire/00498.png,project_support/artifacts/flame3_manual_smoke_v2/machine_labels/labels/boundary_maps/train/fire/00498.png,0
fire/00500,Fire,00500,2022-10-27 19:01:16,42.86524991666667,-121.14546861111111,8,,,data/flame3/Fire/RGB/Corrected FOV/00500.JPG,data/flame3/Fire/Thermal/Raw JPG/00500.JPG,data/flame3/Fire/Thermal/Celsius TIFF/00500.TIFF,project_support/artifacts/flame3_manual_smoke_v2/machine_labels/labels/masks/train/fire/00500.png,project_support/artifacts/flame3_manual_smoke_v2/machine_labels/labels/boundary_maps/train/fire/00500.png,0
fire/00501,Fire,00501,2022-10-26 18:33:00,42.853149555555554,-121.14749566666667,1,,,data/flame3/Fire/RGB/Corrected FOV/00501.JPG,data/flame3/Fire/Thermal/Raw JPG/00501.JPG,data/flame3/Fire/Thermal/Celsius TIFF/00501.TIFF,project_support/artifacts/flame3_manual_smoke_v2/machine_labels/labels/masks/train/fire/00501.png,project_support/artifacts/flame3_manual_smoke_v2/machine_labels/labels/boundary_maps/train/fire/00501.png,0
fire/00502,Fire,00502,2022-10-26 18:32:33,42.85426075,-121.15179002777778,1,,,data/flame3/Fire/RGB/Corrected FOV/00502.JPG,data/flame3/Fire/Thermal/Raw JPG/00502.JPG,data/flame3/Fire/Thermal/Celsius TIFF/00502.TIFF,project_support/artifacts/flame3_manual_smoke_v2/machine_labels/labels/masks/train/fire/00502.png,project_support/artifacts/flame3_manual_smoke_v2/machine_labels/labels/boundary_maps/train/fire/00502.png,0
fire/00503,Fire,00503,2022-10-26 18:32:51,42.854076,-121.14858705555557,1,,,data/flame3/Fire/RGB/Corrected FOV/00503.JPG,data/flame3/Fire/Thermal/Raw JPG/00503.JPG,data/flame3/Fire/Thermal/Celsius TIFF/00503.TIFF,project_support/artifacts/flame3_manual_smoke_v2/machine_labels/labels/masks/train/fire/00503.png,project_support/artifacts/flame3_manual_smoke_v2/machine_labels/labels/boundary_maps/train/fire/00503.png,0
fire/00504,Fire,00504,2022-10-26 18:37:48,42.85425052777778,-121.15149772222223,1,,,data/flame3/Fire/RGB/Corrected FOV/00504.JPG,data/flame3/Fire/Thermal/Raw JPG/00504.JPG,data/flame3/Fire/Thermal/Celsius TIFF/00504.TIFF,project_support/artifacts/flame3_manual_smoke_v2/machine_labels/labels/masks/train/fire/00504.png,project_support/artifacts/flame3_manual_smoke_v2/machine_labels/labels/boundary_maps/train/fire/00504.png,0
fire/00505,Fire,00505,2022-10-27 15:42:54,42.867555583333335,-121.13753925,5,,,data/flame3/Fire/RGB/Corrected FOV/00505.JPG,data/flame3/Fire/Thermal/Raw JPG/00505.JPG,data/flame3/Fire/Thermal/Celsius TIFF/00505.TIFF,project_support/artifacts/flame3_manual_smoke_v2/machine_labels/labels/masks/train/fire/00505.png,project_support/artifacts/flame3_manual_smoke_v2/machine_labels/labels/boundary_maps/train/fire/00505.png,0
fire/00507,Fire,00507,2022-10-27 17:45:58,42.86672908333333,-121.13849416666667,7,,,data/flame3/Fire/RGB/Corrected FOV/00507.JPG,data/flame3/Fire/Thermal/Raw JPG/00507.JPG,data/flame3/Fire/Thermal/Celsius TIFF/00507.TIFF,project_support/artifacts/flame3_manual_smoke_v2/machine_labels/labels/masks/train/fire/00507.png,project_support/artifacts/flame3_manual_smoke_v2/machine_labels/labels/boundary_maps/train/fire/00507.png,0
fire/00509,Fire,00509,2022-10-27 17:49:35,42.857888305555555,-121.12957408333332,7,,,data/flame3/Fire/RGB/Corrected FOV/00509.JPG,data/flame3/Fire/Thermal/Raw JPG/00509.JPG,data/flame3/Fire/Thermal/Celsius TIFF/00509.TIFF,project_support/data/flame3_manual_smoke_v2_annotation/completed_masks/A119.png,project_support/artifacts/flame3_manual_smoke_v2/machine_labels/labels/boundary_maps/train/fire/00509.png,1
fire/00510,Fire,00510,2022-10-25 17:02:29,42.85054794444444,-121.1428011388889,0b,,,data/flame3/Fire/RGB/Corrected FOV/00510.JPG,data/flame3/Fire/Thermal/Raw JPG/00510.JPG,data/flame3/Fire/Thermal/Celsius TIFF/00510.TIFF,project_support/artifacts/flame3_manual_smoke_v2/machine_labels/labels/masks/train/fire/00510.png,project_support/artifacts/flame3_manual_smoke_v2/machine_labels/labels/boundary_maps/train/fire/00510.png,0
fire/00512,Fire,00512,2022-10-26 19:12:25,42.85069308333333,-121.14687961111112,3,,,data/flame3/Fire/RGB/Corrected FOV/00512.JPG,data/flame3/Fire/Thermal/Raw JPG/00512.JPG,data/flame3/Fire/Thermal/Celsius TIFF/00512.TIFF,project_support/data/flame3_manual_smoke_v2_annotation/completed_masks/A112.png,project_support/artifacts/flame3_manual_smoke_v2/machine_labels/labels/boundary_maps/train/fire/00512.png,1
fire/00513,Fire,00513,2022-10-26 18:37:54,42.854599138888894,-121.15040405555555,1,,,data/flame3/Fire/RGB/Corrected FOV/00513.JPG,data/flame3/Fire/Thermal/Raw JPG/00513.JPG,data/flame3/Fire/Thermal/Celsius TIFF/00513.TIFF,project_support/artifacts/flame3_manual_smoke_v2/machine_labels/labels/masks/train/fire/00513.png,project_support/artifacts/flame3_manual_smoke_v2/machine_labels/labels/boundary_maps/train/fire/00513.png,0
fire/00514,Fire,00514,2022-10-27 15:41:06,42.866333222222224,-121.13463597222223,5,,,data/flame3/Fire/RGB/Corrected FOV/00514.JPG,data/flame3/Fire/Thermal/Raw JPG/00514.JPG,data/flame3/Fire/Thermal/Celsius TIFF/00514.TIFF,project_support/artifacts/flame3_manual_smoke_v2/machine_labels/labels/masks/train/fire/00514.png,project_support/artifacts/flame3_manual_smoke_v2/machine_labels/labels/boundary_maps/train/fire/00514.png,0
fire/00516,Fire,00516,2022-10-27 15:40:47,42.86684122222222,-121.13437066666667,5,,,data/flame3/Fire/RGB/Corrected FOV/00516.JPG,data/flame3/Fire/Thermal/Raw JPG/00516.JPG,data/flame3/Fire/Thermal/Celsius TIFF/00516.TIFF,project_support/artifacts/flame3_manual_smoke_v2/machine_labels/labels/masks/train/fire/00516.png,project_support/artifacts/flame3_manual_smoke_v2/machine_labels/labels/boundary_maps/train/fire/00516.png,0
fire/00517,Fire,00517,2022-10-25 17:01:39,42.85128672222223,-121.14951372222222,0b,,,data/flame3/Fire/RGB/Corrected FOV/00517.JPG,data/flame3/Fire/Thermal/Raw JPG/00517.JPG,data/flame3/Fire/Thermal/Celsius TIFF/00517.TIFF,project_support/data/flame3_manual_smoke_v2_annotation/completed_masks/A076.png,project_support/artifacts/flame3_manual_smoke_v2/machine_labels/labels/boundary_maps/train/fire/00517.png,1
fire/00518,Fire,00518,2022-10-27 17:45:56,42.86678883333333,-121.13827950000001,7,,,data/flame3/Fire/RGB/Corrected FOV/00518.JPG,data/flame3/Fire/Thermal/Raw JPG/00518.JPG,data/flame3/Fire/Thermal/Celsius TIFF/00518.TIFF,project_support/artifacts/flame3_manual_smoke_v2/machine_labels/labels/masks/train/fire/00518.png,project_support/artifacts/flame3_manual_smoke_v2/machine_labels/labels/boundary_maps/train/fire/00518.png,0
fire/00519,Fire,00519,2022-10-27 15:40:44,42.86684202777778,-121.13437116666667,5,,,data/flame3/Fire/RGB/Corrected FOV/00519.JPG,data/flame3/Fire/Thermal/Raw JPG/00519.JPG,data/flame3/Fire/Thermal/Celsius TIFF/00519.TIFF,project_support/artifacts/flame3_manual_smoke_v2/machine_labels/labels/masks/train/fire/00519.png,project_support/artifacts/flame3_manual_smoke_v2/machine_labels/labels/boundary_maps/train/fire/00519.png,0
fire/00520,Fire,00520,2022-10-26 18:33:24,42.85006788888889,-121.14802702777779,1,,,data/flame3/Fire/RGB/Corrected FOV/00520.JPG,data/flame3/Fire/Thermal/Raw JPG/00520.JPG,data/flame3/Fire/Thermal/Celsius TIFF/00520.TIFF,project_support/artifacts/flame3_manual_smoke_v2/machine_labels/labels/masks/train/fire/00520.png,project_support/artifacts/flame3_manual_smoke_v2/machine_labels/labels/boundary_maps/train/fire/00520.png,0
fire/00521,Fire,00521,2022-10-27 15:38:58,42.86822130555556,-121.13615266666667,5,,,data/flame3/Fire/RGB/Corrected FOV/00521.JPG,data/flame3/Fire/Thermal/Raw JPG/00521.JPG,data/flame3/Fire/Thermal/Celsius TIFF/00521.TIFF,project_support/artifacts/flame3_manual_smoke_v2/machine_labels/labels/masks/train/fire/00521.png,project_support/artifacts/flame3_manual_smoke_v2/machine_labels/labels/boundary_maps/train/fire/00521.png,0
fire/00522,Fire,00522,2022-10-26 18:31:45,42.85082902777778,-121.15211725,1,,,data/flame3/Fire/RGB/Corrected FOV/00522.JPG,data/flame3/Fire/Thermal/Raw JPG/00522.JPG,data/flame3/Fire/Thermal/Celsius TIFF/00522.TIFF,project_support/artifacts/flame3_manual_smoke_v2/machine_labels/labels/masks/train/fire/00522.png,project_support/artifacts/flame3_manual_smoke_v2/machine_labels/labels/boundary_maps/train/fire/00522.png,0
fire/00523,Fire,00523,2022-10-27 15:39:35,42.86728383333333,-121.1347823888889,5,,,data/flame3/Fire/RGB/Corrected FOV/00523.JPG,data/flame3/Fire/Thermal/Raw JPG/00523.JPG,data/flame3/Fire/Thermal/Celsius TIFF/00523.TIFF,project_support/artifacts/flame3_manual_smoke_v2/machine_labels/labels/masks/train/fire/00523.png,project_support/artifacts/flame3_manual_smoke_v2/machine_labels/labels/boundary_maps/train/fire/00523.png,0
fire/00527,Fire,00527,2022-10-27 17:46:34,42.86546805555556,-121.13984947222222,7,,,data/flame3/Fire/RGB/Corrected FOV/00527.JPG,data/flame3/Fire/Thermal/Raw JPG/00527.JPG,data/flame3/Fire/Thermal/Celsius TIFF/00527.TIFF,project_support/artifacts/flame3_manual_smoke_v2/machine_labels/labels/masks/train/fire/00527.png,project_support/artifacts/flame3_manual_smoke_v2/machine_labels/labels/boundary_maps/train/fire/00527.png,0
fire/00529,Fire,00529,2022-10-27 17:46:12,42.86667122222222,-121.13883038888889,7,,,data/flame3/Fire/RGB/Corrected FOV/00529.JPG,data/flame3/Fire/Thermal/Raw JPG/00529.JPG,data/flame3/Fire/Thermal/Celsius TIFF/00529.TIFF,project_support/artifacts/flame3_manual_smoke_v2/machine_labels/labels/masks/train/fire/00529.png,project_support/artifacts/flame3_manual_smoke_v2/machine_labels/labels/boundary_maps/train/fire/00529.png,0
fire/00530,Fire,00530,2022-10-26 18:38:30,42.85045183333334,-121.14834177777779,1,,,data/flame3/Fire/RGB/Corrected FOV/00530.JPG,data/flame3/Fire/Thermal/Raw JPG/00530.JPG,data/flame3/Fire/Thermal/Celsius TIFF/00530.TIFF,project_support/artifacts/flame3_manual_smoke_v2/machine_labels/labels/masks/train/fire/00530.png,project_support/artifacts/flame3_manual_smoke_v2/machine_labels/labels/boundary_maps/train/fire/00530.png,0
fire/00531,Fire,00531,2022-10-25 17:04:36,42.85193666666667,-121.14996388888889,0b,,,data/flame3/Fire/RGB/Corrected FOV/00531.JPG,data/flame3/Fire/Thermal/Raw JPG/00531.JPG,data/flame3/Fire/Thermal/Celsius TIFF/00531.TIFF,project_support/data/flame3_manual_smoke_v2_annotation/completed_masks/A049.png,project_support/artifacts/flame3_manual_smoke_v2/machine_labels/labels/boundary_maps/train/fire/00531.png,1
fire/00532,Fire,00532,2022-10-26 18:38:45,42.85029161111111,-121.1510265,1,,,data/flame3/Fire/RGB/Corrected FOV/00532.JPG,data/flame3/Fire/Thermal/Raw JPG/00532.JPG,data/flame3/Fire/Thermal/Celsius TIFF/00532.TIFF,project_support/artifacts/flame3_manual_smoke_v2/machine_labels/labels/masks/train/fire/00532.png,project_support/artifacts/flame3_manual_smoke_v2/machine_labels/labels/boundary_maps/train/fire/00532.png,0
fire/00534,Fire,00534,2022-10-27 17:46:32,42.86566352777778,-121.13986072222222,7,,,data/flame3/Fire/RGB/Corrected FOV/00534.JPG,data/flame3/Fire/Thermal/Raw JPG/00534.JPG,data/flame3/Fire/Thermal/Celsius TIFF/00534.TIFF,project_support/artifacts/flame3_manual_smoke_v2/machine_labels/labels/masks/train/fire/00534.png,project_support/artifacts/flame3_manual_smoke_v2/machine_labels/labels/boundary_maps/train/fire/00534.png,0
fire/00535,Fire,00535,2022-10-27 15:40:38,42.866842472222224,-121.13437083333334,5,,,data/flame3/Fire/RGB/Corrected FOV/00535.JPG,data/flame3/Fire/Thermal/Raw JPG/00535.JPG,data/flame3/Fire/Thermal/Celsius TIFF/00535.TIFF,project_support/artifacts/flame3_manual_smoke_v2/machine_labels/labels/masks/train/fire/00535.png,project_support/artifacts/flame3_manual_smoke_v2/machine_labels/labels/boundary_maps/train/fire/00535.png,0
fire/00536,Fire,00536,2022-10-26 18:38:42,42.85014972222223,-121.15046444444445,1,,,data/flame3/Fire/RGB/Corrected FOV/00536.JPG,data/flame3/Fire/Thermal/Raw JPG/00536.JPG,data/flame3/Fire/Thermal/Celsius TIFF/00536.TIFF,project_support/artifacts/flame3_manual_smoke_v2/machine_labels/labels/masks/train/fire/00536.png,project_support/artifacts/flame3_manual_smoke_v2/machine_labels/labels/boundary_maps/train/fire/00536.png,0
fire/00538,Fire,00538,2022-10-25 17:02:11,42.85109080555556,-121.14587486111112,0b,,,data/flame3/Fire/RGB/Corrected FOV/00538.JPG,data/flame3/Fire/Thermal/Raw JPG/00538.JPG,data/flame3/Fire/Thermal/Celsius TIFF/00538.TIFF,project_support/data/flame3_manual_smoke_v2_annotation/completed_masks/A077.png,project_support/artifacts/flame3_manual_smoke_v2/machine_labels/labels/boundary_maps/train/fire/00538.png,1
fire/00539,Fire,00539,2022-10-26 18:37:24,42.851637833333335,-121.15356283333334,1,,,data/flame3/Fire/RGB/Corrected FOV/00539.JPG,data/flame3/Fire/Thermal/Raw JPG/00539.JPG,data/flame3/Fire/Thermal/Celsius TIFF/00539.TIFF,project_support/artifacts/flame3_manual_smoke_v2/machine_labels/labels/masks/train/fire/00539.png,project_support/artifacts/flame3_manual_smoke_v2/machine_labels/labels/boundary_maps/train/fire/00539.png,0
fire/00540,Fire,00540,2022-10-27 15:38:28,42.86506522222222,-121.1344606388889,5,,,data/flame3/Fire/RGB/Corrected FOV/00540.JPG,data/flame3/Fire/Thermal/Raw JPG/00540.JPG,data/flame3/Fire/Thermal/Celsius TIFF/00540.TIFF,project_support/artifacts/flame3_manual_smoke_v2/machine_labels/labels/masks/train/fire/00540.png,project_support/artifacts/flame3_manual_smoke_v2/machine_labels/labels/boundary_maps/train/fire/00540.png,0
fire/00542,Fire,00542,2022-10-26 18:44:42,42.85168344444445,-121.14686258333334,1,,,data/flame3/Fire/RGB/Corrected FOV/00542.JPG,data/flame3/Fire/Thermal/Raw JPG/00542.JPG,data/flame3/Fire/Thermal/Celsius TIFF/00542.TIFF,project_support/artifacts/flame3_manual_smoke_v2/machine_labels/labels/masks/train/fire/00542.png,project_support/artifacts/flame3_manual_smoke_v2/machine_labels/labels/boundary_maps/train/fire/00542.png,0
fire/00543,Fire,00543,2022-10-27 15:43:21,42.86786133333333,-121.13430769444444,5,,,data/flame3/Fire/RGB/Corrected FOV/00543.JPG,data/flame3/Fire/Thermal/Raw JPG/00543.JPG,data/flame3/Fire/Thermal/Celsius TIFF/00543.TIFF,project_support/artifacts/flame3_manual_smoke_v2/machine_labels/labels/masks/train/fire/00543.png,project_support/artifacts/flame3_manual_smoke_v2/machine_labels/labels/boundary_maps/train/fire/00543.png,0
fire/00544,Fire,00544,2022-10-25 17:00:18,42.851235055555556,-121.14811197222222,0b,,,data/flame3/Fire/RGB/Corrected FOV/00544.JPG,data/flame3/Fire/Thermal/Raw JPG/00544.JPG,data/flame3/Fire/Thermal/Celsius TIFF/00544.TIFF,project_support/data/flame3_manual_smoke_v2_annotation/completed_masks/A070.png,project_support/artifacts/flame3_manual_smoke_v2/machine_labels/labels/boundary_maps/train/fire/00544.png,1
fire/00545,Fire,00545,2022-10-26 19:12:31,42.8506925,-121.14687972222222,3,,,data/flame3/Fire/RGB/Corrected FOV/00545.JPG,data/flame3/Fire/Thermal/Raw JPG/00545.JPG,data/flame3/Fire/Thermal/Celsius TIFF/00545.TIFF,project_support/artifacts/flame3_manual_smoke_v2/machine_labels/labels/masks/train/fire/00545.png,project_support/artifacts/flame3_manual_smoke_v2/machine_labels/labels/boundary_maps/train/fire/00545.png,0
fire/00546,Fire,00546,2022-10-26 18:33:21,42.850479444444446,-121.14781705555556,1,,,data/flame3/Fire/RGB/Corrected FOV/00546.JPG,data/flame3/Fire/Thermal/Raw JPG/00546.JPG,data/flame3/Fire/Thermal/Celsius TIFF/00546.TIFF,project_support/artifacts/flame3_manual_smoke_v2/machine_labels/labels/masks/train/fire/00546.png,project_support/artifacts/flame3_manual_smoke_v2/machine_labels/labels/boundary_maps/train/fire/00546.png,0
fire/00549,Fire,00549,2022-10-27 15:43:06,42.86814233333333,-121.13691525,5,,,data/flame3/Fire/RGB/Corrected FOV/00549.JPG,data/flame3/Fire/Thermal/Raw JPG/00549.JPG,data/flame3/Fire/Thermal/Celsius TIFF/00549.TIFF,project_support/artifacts/flame3_manual_smoke_v2/machine_labels/labels/masks/train/fire/00549.png,project_support/artifacts/flame3_manual_smoke_v2/machine_labels/labels/boundary_maps/train/fire/00549.png,0
fire/00550,Fire,00550,2022-10-26 18:43:54,42.852445333333335,-121.153142,1,,,data/flame3/Fire/RGB/Corrected FOV/00550.JPG,data/flame3/Fire/Thermal/Raw JPG/00550.JPG,data/flame3/Fire/Thermal/Celsius TIFF/00550.TIFF,project_support/artifacts/flame3_manual_smoke_v2/machine_labels/labels/masks/train/fire/00550.png,project_support/artifacts/flame3_manual_smoke_v2/machine_labels/labels/boundary_maps/train/fire/00550.png,0
fire/00551,Fire,00551,2022-10-26 18:37:06,42.84972127777778,-121.151649,1,,,data/flame3/Fire/RGB/Corrected FOV/00551.JPG,data/flame3/Fire/Thermal/Raw JPG/00551.JPG,data/flame3/Fire/Thermal/Celsius TIFF/00551.TIFF,project_support/artifacts/flame3_manual_smoke_v2/machine_labels/labels/masks/train/fire/00551.png,project_support/artifacts/flame3_manual_smoke_v2/machine_labels/labels/boundary_maps/train/fire/00551.png,0
fire/00552,Fire,00552,2022-10-26 18:33:03,42.85276944444445,-121.14737680555557,1,,,data/flame3/Fire/RGB/Corrected FOV/00552.JPG,data/flame3/Fire/Thermal/Raw JPG/00552.JPG,data/flame3/Fire/Thermal/Celsius TIFF/00552.TIFF,project_support/artifacts/flame3_manual_smoke_v2/machine_labels/labels/masks/train/fire/00552.png,project_support/artifacts/flame3_manual_smoke_v2/machine_labels/labels/boundary_maps/train/fire/00552.png,0
fire/00554,Fire,00554,2022-10-27 15:39:23,42.86745327777778,-121.13489927777779,5,,,data/flame3/Fire/RGB/Corrected FOV/00554.JPG,data/flame3/Fire/Thermal/Raw JPG/00554.JPG,data/flame3/Fire/Thermal/Celsius TIFF/00554.TIFF,project_support/artifacts/flame3_manual_smoke_v2/machine_labels/labels/masks/train/fire/00554.png,project_support/artifacts/flame3_manual_smoke_v2/machine_labels/labels/boundary_maps/train/fire/00554.png,0
fire/00555,Fire,00555,2022-10-27 15:40:41,42.866842194444445,-121.13437172222223,5,,,data/flame3/Fire/RGB/Corrected FOV/00555.JPG,data/flame3/Fire/Thermal/Raw JPG/00555.JPG,data/flame3/Fire/Thermal/Celsius TIFF/00555.TIFF,project_support/artifacts/flame3_manual_smoke_v2/machine_labels/labels/masks/train/fire/00555.png,project_support/artifacts/flame3_manual_smoke_v2/machine_labels/labels/boundary_maps/train/fire/00555.png,0
fire/00556,Fire,00556,2022-10-25 16:59:41,42.85220436111111,-121.14599461111112,0b,,,data/flame3/Fire/RGB/Corrected FOV/00556.JPG,data/flame3/Fire/Thermal/Raw JPG/00556.JPG,data/flame3/Fire/Thermal/Celsius TIFF/00556.TIFF,project_support/data/flame3_manual_smoke_v2_annotation/completed_masks/A059.png,project_support/artifacts/flame3_manual_smoke_v2/machine_labels/labels/boundary_maps/train/fire/00556.png,1
fire/00557,Fire,00557,2022-10-27 15:42:03,42.86777841666667,-121.14013444444446,5,,,data/flame3/Fire/RGB/Corrected FOV/00557.JPG,data/flame3/Fire/Thermal/Raw JPG/00557.JPG,data/flame3/Fire/Thermal/Celsius TIFF/00557.TIFF,project_support/data/flame3_manual_smoke_v2_annotation/completed_masks/A095.png,project_support/artifacts/flame3_manual_smoke_v2/machine_labels/labels/boundary_maps/train/fire/00557.png,1
fire/00558,Fire,00558,2022-10-27 15:39:38,42.867210972222225,-121.13466747222223,5,,,data/flame3/Fire/RGB/Corrected FOV/00558.JPG,data/flame3/Fire/Thermal/Raw JPG/00558.JPG,data/flame3/Fire/Thermal/Celsius TIFF/00558.TIFF,project_support/artifacts/flame3_manual_smoke_v2/machine_labels/labels/masks/train/fire/00558.png,project_support/artifacts/flame3_manual_smoke_v2/machine_labels/labels/boundary_maps/train/fire/00558.png,0
fire/00559,Fire,00559,2022-10-26 18:34:03,42.84959147222222,-121.15165686111112,1,,,data/flame3/Fire/RGB/Corrected FOV/00559.JPG,data/flame3/Fire/Thermal/Raw JPG/00559.JPG,data/flame3/Fire/Thermal/Celsius TIFF/00559.TIFF,project_support/artifacts/flame3_manual_smoke_v2/machine_labels/labels/masks/train/fire/00559.png,project_support/artifacts/flame3_manual_smoke_v2/machine_labels/labels/boundary_maps/train/fire/00559.png,0
fire/00560,Fire,00560,2022-10-27 15:41:18,42.86762383333333,-121.13487283333335,5,,,data/flame3/Fire/RGB/Corrected FOV/00560.JPG,data/flame3/Fire/Thermal/Raw JPG/00560.JPG,data/flame3/Fire/Thermal/Celsius TIFF/00560.TIFF,project_support/artifacts/flame3_manual_smoke_v2/machine_labels/labels/masks/train/fire/00560.png,project_support/artifacts/flame3_manual_smoke_v2/machine_labels/labels/boundary_maps/train/fire/00560.png,0
fire/00561,Fire,00561,2022-10-26 18:38:33,42.85014413888889,-121.14879936111112,1,,,data/flame3/Fire/RGB/Corrected FOV/00561.JPG,data/flame3/Fire/Thermal/Raw JPG/00561.JPG,data/flame3/Fire/Thermal/Celsius TIFF/00561.TIFF,project_support/artifacts/flame3_manual_smoke_v2/machine_labels/labels/masks/train/fire/00561.png,project_support/artifacts/flame3_manual_smoke_v2/machine_labels/labels/boundary_maps/train/fire/00561.png,0
fire/00562,Fire,00562,2022-10-25 17:01:51,42.851658,-121.14803058333334,0b,,,data/flame3/Fire/RGB/Corrected FOV/00562.JPG,data/flame3/Fire/Thermal/Raw JPG/00562.JPG,data/flame3/Fire/Thermal/Celsius TIFF/00562.TIFF,project_support/artifacts/flame3_manual_smoke_v2/machine_labels/labels/masks/train/fire/00562.png,project_support/artifacts/flame3_manual_smoke_v2/machine_labels/labels/boundary_maps/train/fire/00562.png,0
fire/00563,Fire,00563,2022-10-27 19:00:40,42.86322008333333,-121.14037883333334,8,,,data/flame3/Fire/RGB/Corrected FOV/00563.JPG,data/flame3/Fire/Thermal/Raw JPG/00563.JPG,data/flame3/Fire/Thermal/Celsius TIFF/00563.TIFF,project_support/data/flame3_manual_smoke_v2_annotation/completed_masks/A132.png,project_support/artifacts/flame3_manual_smoke_v2/machine_labels/labels/boundary_maps/train/fire/00563.png,1
fire/00564,Fire,00564,2022-10-25 17:02:20,42.85047894444445,-121.14447475,0b,,,data/flame3/Fire/RGB/Corrected FOV/00564.JPG,data/flame3/Fire/Thermal/Raw JPG/00564.JPG,data/flame3/Fire/Thermal/Celsius TIFF/00564.TIFF,project_support/artifacts/flame3_manual_smoke_v2/machine_labels/labels/masks/train/fire/00564.png,project_support/artifacts/flame3_manual_smoke_v2/machine_labels/labels/boundary_maps/train/fire/00564.png,0
fire/00567,Fire,00567,2022-10-25 16:59:29,42.85284719444444,-121.14704436111111,0b,,,data/flame3/Fire/RGB/Corrected FOV/00567.JPG,data/flame3/Fire/Thermal/Raw JPG/00567.JPG,data/flame3/Fire/Thermal/Celsius TIFF/00567.TIFF,project_support/artifacts/flame3_manual_smoke_v2/machine_labels/labels/masks/train/fire/00567.png,project_support/artifacts/flame3_manual_smoke_v2/machine_labels/labels/boundary_maps/train/fire/00567.png,0
fire/00569,Fire,00569,2022-10-25 17:00:12,42.85069861111111,-121.14731866666668,0b,,,data/flame3/Fire/RGB/Corrected FOV/00569.JPG,data/flame3/Fire/Thermal/Raw JPG/00569.JPG,data/flame3/Fire/Thermal/Celsius TIFF/00569.TIFF,project_support/data/flame3_manual_smoke_v2_annotation/completed_masks/A061.png,project_support/artifacts/flame3_manual_smoke_v2/machine_labels/labels/boundary_maps/train/fire/00569.png,1
fire/00570,Fire,00570,2022-10-26 18:34:50,42.84958833333334,-121.1516545,1,,,data/flame3/Fire/RGB/Corrected FOV/00570.JPG,data/flame3/Fire/Thermal/Raw JPG/00570.JPG,data/flame3/Fire/Thermal/Celsius TIFF/00570.TIFF,project_support/artifacts/flame3_manual_smoke_v2/machine_labels/labels/masks/train/fire/00570.png,project_support/artifacts/flame3_manual_smoke_v2/machine_labels/labels/boundary_maps/train/fire/00570.png,0
fire/00571,Fire,00571,2022-10-25 16:59:11,42.85364088888889,-121.14835552777778,0b,,,data/flame3/Fire/RGB/Corrected FOV/00571.JPG,data/flame3/Fire/Thermal/Raw JPG/00571.JPG,data/flame3/Fire/Thermal/Celsius TIFF/00571.TIFF,project_support/data/flame3_manual_smoke_v2_annotation/completed_masks/A060.png,project_support/artifacts/flame3_manual_smoke_v2/machine_labels/labels/boundary_maps/train/fire/00571.png,1
fire/00574,Fire,00574,2022-10-27 19:01:13,42.865167666666665,-121.14530341666668,8,,,data/flame3/Fire/RGB/Corrected FOV/00574.JPG,data/flame3/Fire/Thermal/Raw JPG/00574.JPG,data/flame3/Fire/Thermal/Celsius TIFF/00574.TIFF,project_support/data/flame3_manual_smoke_v2_annotation/completed_masks/A117.png,project_support/artifacts/flame3_manual_smoke_v2/machine_labels/labels/boundary_maps/train/fire/00574.png,1
fire/00575,Fire,00575,2022-10-25 17:01:42,42.851428694444444,-121.14900916666667,0b,,,data/flame3/Fire/RGB/Corrected FOV/00575.JPG,data/flame3/Fire/Thermal/Raw JPG/00575.JPG,data/flame3/Fire/Thermal/Celsius TIFF/00575.TIFF,project_support/artifacts/flame3_manual_smoke_v2/machine_labels/labels/masks/train/fire/00575.png,project_support/artifacts/flame3_manual_smoke_v2/machine_labels/labels/boundary_maps/train/fire/00575.png,0
fire/00576,Fire,00576,2022-10-26 18:31:51,42.85124263888889,-121.15284816666667,1,,,data/flame3/Fire/RGB/Corrected FOV/00576.JPG,data/flame3/Fire/Thermal/Raw JPG/00576.JPG,data/flame3/Fire/Thermal/Celsius TIFF/00576.TIFF,project_support/artifacts/flame3_manual_smoke_v2/machine_labels/labels/masks/train/fire/00576.png,project_support/artifacts/flame3_manual_smoke_v2/machine_labels/labels/boundary_maps/train/fire/00576.png,0
fire/00577,Fire,00577,2022-10-27 15:43:18,42.86815605555556,-121.13466366666667,5,,,data/flame3/Fire/RGB/Corrected FOV/00577.JPG,data/flame3/Fire/Thermal/Raw JPG/00577.JPG,data/flame3/Fire/Thermal/Celsius TIFF/00577.TIFF,project_support/data/flame3_manual_smoke_v2_annotation/completed_masks/A115.png,project_support/artifacts/flame3_manual_smoke_v2/machine_labels/labels/boundary_maps/train/fire/00577.png,1
fire/00578,Fire,00578,2022-10-27 15:42:51,42.86727002777778,-121.13735352777779,5,,,data/flame3/Fire/RGB/Corrected FOV/00578.JPG,data/flame3/Fire/Thermal/Raw JPG/00578.JPG,data/flame3/Fire/Thermal/Celsius TIFF/00578.TIFF,project_support/artifacts/flame3_manual_smoke_v2/machine_labels/labels/masks/train/fire/00578.png,project_support/artifacts/flame3_manual_smoke_v2/machine_labels/labels/boundary_maps/train/fire/00578.png,0
fire/00579,Fire,00579,2022-10-26 18:33:45,42.84946197222222,-121.15122805555556,1,,,data/flame3/Fire/RGB/Corrected FOV/00579.JPG,data/flame3/Fire/Thermal/Raw JPG/00579.JPG,data/flame3/Fire/Thermal/Celsius TIFF/00579.TIFF,project_support/data/flame3_manual_smoke_v2_annotation/completed_masks/A128.png,project_support/artifacts/flame3_manual_smoke_v2/machine_labels/labels/boundary_maps/train/fire/00579.png,1
fire/00580,Fire,00580,2022-10-27 17:47:04,42.8626135,-121.1393736388889,7,,,data/flame3/Fire/RGB/Corrected FOV/00580.JPG,data/flame3/Fire/Thermal/Raw JPG/00580.JPG,data/flame3/Fire/Thermal/Celsius TIFF/00580.TIFF,project_support/artifacts/flame3_manual_smoke_v2/machine_labels/labels/masks/train/fire/00580.png,project_support/artifacts/flame3_manual_smoke_v2/machine_labels/labels/boundary_maps/train/fire/00580.png,0
fire/00581,Fire,00581,2022-10-26 18:37:33,42.85294388888889,-121.15379547222223,1,,,data/flame3/Fire/RGB/Corrected FOV/00581.JPG,data/flame3/Fire/Thermal/Raw JPG/00581.JPG,data/flame3/Fire/Thermal/Celsius TIFF/00581.TIFF,project_support/artifacts/flame3_manual_smoke_v2/machine_labels/labels/masks/train/fire/00581.png,project_support/artifacts/flame3_manual_smoke_v2/machine_labels/labels/boundary_maps/train/fire/00581.png,0
fire/00582,Fire,00582,2022-10-27 17:49:50,42.85829483333333,-121.13020169444444,7,,,data/flame3/Fire/RGB/Corrected FOV/00582.JPG,data/flame3/Fire/Thermal/Raw JPG/00582.JPG,data/flame3/Fire/Thermal/Celsius TIFF/00582.TIFF,project_support/artifacts/flame3_manual_smoke_v2/machine_labels/labels/masks/train/fire/00582.png,project_support/artifacts/flame3_manual_smoke_v2/machine_labels/labels/boundary_maps/train/fire/00582.png,0
fire/00585,Fire,00585,2022-10-27 15:38:46,42.86737,-121.13435022222222,5,,,data/flame3/Fire/RGB/Corrected FOV/00585.JPG,data/flame3/Fire/Thermal/Raw JPG/00585.JPG,data/flame3/Fire/Thermal/Celsius TIFF/00585.TIFF,project_support/artifacts/flame3_manual_smoke_v2/machine_labels/labels/masks/train/fire/00585.png,project_support/artifacts/flame3_manual_smoke_v2/machine_labels/labels/boundary_maps/train/fire/00585.png,0
fire/00586,Fire,00586,2022-10-27 17:45:47,42.86702316666667,-121.13750275000001,7,,,data/flame3/Fire/RGB/Corrected FOV/00586.JPG,data/flame3/Fire/Thermal/Raw JPG/00586.JPG,data/flame3/Fire/Thermal/Celsius TIFF/00586.TIFF,project_support/artifacts/flame3_manual_smoke_v2/machine_labels/labels/masks/train/fire/00586.png,project_support/artifacts/flame3_manual_smoke_v2/machine_labels/labels/boundary_maps/train/fire/00586.png,0
fire/00587,Fire,00587,2022-10-26 18:44:03,42.85360416666667,-121.15223675,1,,,data/flame3/Fire/RGB/Corrected FOV/00587.JPG,data/flame3/Fire/Thermal/Raw JPG/00587.JPG,data/flame3/Fire/Thermal/Celsius TIFF/00587.TIFF,project_support/artifacts/flame3_manual_smoke_v2/machine_labels/labels/masks/train/fire/00587.png,project_support/artifacts/flame3_manual_smoke_v2/machine_labels/labels/boundary_maps/train/fire/00587.png,0
fire/00588,Fire,00588,2022-10-26 18:32:18,42.852750694444445,-121.15364236111111,1,,,data/flame3/Fire/RGB/Corrected FOV/00588.JPG,data/flame3/Fire/Thermal/Raw JPG/00588.JPG,data/flame3/Fire/Thermal/Celsius TIFF/00588.TIFF,project_support/artifacts/flame3_manual_smoke_v2/machine_labels/labels/masks/train/fire/00588.png,project_support/artifacts/flame3_manual_smoke_v2/machine_labels/labels/boundary_maps/train/fire/00588.png,0
fire/00589,Fire,00589,2022-10-27 15:38:25,42.86481538888889,-121.13475500000001,5,,,data/flame3/Fire/RGB/Corrected FOV/00589.JPG,data/flame3/Fire/Thermal/Raw JPG/00589.JPG,data/flame3/Fire/Thermal/Celsius TIFF/00589.TIFF,project_support/artifacts/flame3_manual_smoke_v2/machine_labels/labels/masks/train/fire/00589.png,project_support/artifacts/flame3_manual_smoke_v2/machine_labels/labels/boundary_maps/train/fire/00589.png,0
fire/00590,Fire,00590,2022-10-27 15:41:54,42.86811544444444,-121.13986661111112,5,,,data/flame3/Fire/RGB/Corrected FOV/00590.JPG,data/flame3/Fire/Thermal/Raw JPG/00590.JPG,data/flame3/Fire/Thermal/Celsius TIFF/00590.TIFF,project_support/artifacts/flame3_manual_smoke_v2/machine_labels/labels/masks/train/fire/00590.png,project_support/artifacts/flame3_manual_smoke_v2/machine_labels/labels/boundary_maps/train/fire/00590.png,0
fire/00592,Fire,00592,2022-10-27 17:47:34,42.862998861111116,-121.13654777777778,7,,,data/flame3/Fire/RGB/Corrected FOV/00592.JPG,data/flame3/Fire/Thermal/Raw JPG/00592.JPG,data/flame3/Fire/Thermal/Celsius TIFF/00592.TIFF,project_support/artifacts/flame3_manual_smoke_v2/machine_labels/labels/masks/train/fire/00592.png,project_support/artifacts/flame3_manual_smoke_v2/machine_labels/labels/boundary_maps/train/fire/00592.png,0
fire/00593,Fire,00593,2022-10-25 17:00:21,42.851438083333335,-121.14835975000001,0b,,,data/flame3/Fire/RGB/Corrected FOV/00593.JPG,data/flame3/Fire/Thermal/Raw JPG/00593.JPG,data/flame3/Fire/Thermal/Celsius TIFF/00593.TIFF,project_support/artifacts/flame3_manual_smoke_v2/machine_labels/labels/masks/train/fire/00593.png,project_support/artifacts/flame3_manual_smoke_v2/machine_labels/labels/boundary_maps/train/fire/00593.png,0
fire/00594,Fire,00594,2022-10-27 17:48:14,42.86378669444444,-121.13419788888889,7,,,data/flame3/Fire/RGB/Corrected FOV/00594.JPG,data/flame3/Fire/Thermal/Raw JPG/00594.JPG,data/flame3/Fire/Thermal/Celsius TIFF/00594.TIFF,project_support/artifacts/flame3_manual_smoke_v2/machine_labels/labels/masks/train/fire/00594.png,project_support/artifacts/flame3_manual_smoke_v2/machine_labels/labels/boundary_maps/train/fire/00594.png,0
fire/00595,Fire,00595,2022-10-25 17:01:59,42.85203491666667,-121.1470016388889,0b,,,data/flame3/Fire/RGB/Corrected FOV/00595.JPG,data/flame3/Fire/Thermal/Raw JPG/00595.JPG,data/flame3/Fire/Thermal/Celsius TIFF/00595.TIFF,project_support/artifacts/flame3_manual_smoke_v2/machine_labels/labels/masks/train/fire/00595.png,project_support/artifacts/flame3_manual_smoke_v2/machine_labels/labels/boundary_maps/train/fire/00595.png,0
fire/00596,Fire,00596,2022-10-26 18:38:39,42.85004363888889,-121.1498993888889,1,,,data/flame3/Fire/RGB/Corrected FOV/00596.JPG,data/flame3/Fire/Thermal/Raw JPG/00596.JPG,data/flame3/Fire/Thermal/Celsius TIFF/00596.TIFF,project_support/artifacts/flame3_manual_smoke_v2/machine_labels/labels/masks/train/fire/00596.png,project_support/artifacts/flame3_manual_smoke_v2/machine_labels/labels/boundary_maps/train/fire/00596.png,0
fire/00597,Fire,00597,2022-10-26 18:37:09,42.849930666666666,-121.15187236111112,1,,,data/flame3/Fire/RGB/Corrected FOV/00597.JPG,data/flame3/Fire/Thermal/Raw JPG/00597.JPG,data/flame3/Fire/Thermal/Celsius TIFF/00597.TIFF,project_support/artifacts/flame3_manual_smoke_v2/machine_labels/labels/masks/train/fire/00597.png,project_support/artifacts/flame3_manual_smoke_v2/machine_labels/labels/boundary_maps/train/fire/00597.png,0
fire/00598,Fire,00598,2022-10-27 17:47:28,42.86240441666667,-121.13679341666668,7,,,data/flame3/Fire/RGB/Corrected FOV/00598.JPG,data/flame3/Fire/Thermal/Raw JPG/00598.JPG,data/flame3/Fire/Thermal/Celsius TIFF/00598.TIFF,project_support/artifacts/flame3_manual_smoke_v2/machine_labels/labels/masks/train/fire/00598.png,project_support/artifacts/flame3_manual_smoke_v2/machine_labels/labels/boundary_maps/train/fire/00598.png,0
fire/00599,Fire,00599,2022-10-26 18:38:27,42.85080111111111,-121.14794825000001,1,,,data/flame3/Fire/RGB/Corrected FOV/00599.JPG,data/flame3/Fire/Thermal/Raw JPG/00599.JPG,data/flame3/Fire/Thermal/Celsius TIFF/00599.TIFF,project_support/artifacts/flame3_manual_smoke_v2/machine_labels/labels/masks/train/fire/00599.png,project_support/artifacts/flame3_manual_smoke_v2/machine_labels/labels/boundary_maps/train/fire/00599.png,0
fire/00601,Fire,00601,2022-10-26 18:44:27,42.853793055555556,-121.14786183333334,1,,,data/flame3/Fire/RGB/Corrected FOV/00601.JPG,data/flame3/Fire/Thermal/Raw JPG/00601.JPG,data/flame3/Fire/Thermal/Celsius TIFF/00601.TIFF,project_support/artifacts/flame3_manual_smoke_v2/machine_labels/labels/masks/train/fire/00601.png,project_support/artifacts/flame3_manual_smoke_v2/machine_labels/labels/boundary_maps/train/fire/00601.png,0
fire/00602,Fire,00602,2022-10-26 19:12:16,42.85069336111111,-121.14687816666667,3,,,data/flame3/Fire/RGB/Corrected FOV/00602.JPG,data/flame3/Fire/Thermal/Raw JPG/00602.JPG,data/flame3/Fire/Thermal/Celsius TIFF/00602.TIFF,project_support/artifacts/flame3_manual_smoke_v2/machine_labels/labels/masks/train/fire/00602.png,project_support/artifacts/flame3_manual_smoke_v2/machine_labels/labels/boundary_maps/train/fire/00602.png,0
fire/00604,Fire,00604,2022-10-25 17:02:15,42.85080247222222,-121.14548069444444,0b,,,data/flame3/Fire/RGB/Corrected FOV/00604.JPG,data/flame3/Fire/Thermal/Raw JPG/00604.JPG,data/flame3/Fire/Thermal/Celsius TIFF/00604.TIFF,project_support/artifacts/flame3_manual_smoke_v2/machine_labels/labels/masks/train/fire/00604.png,project_support/artifacts/flame3_manual_smoke_v2/machine_labels/labels/boundary_maps/train/fire/00604.png,0
fire/00609,Fire,00609,2022-10-27 15:41:03,42.86644997222222,-121.13450791666668,5,,,data/flame3/Fire/RGB/Corrected FOV/00609.JPG,data/flame3/Fire/Thermal/Raw JPG/00609.JPG,data/flame3/Fire/Thermal/Celsius TIFF/00609.TIFF,project_support/artifacts/flame3_manual_smoke_v2/machine_labels/labels/masks/train/fire/00609.png,project_support/artifacts/flame3_manual_smoke_v2/machine_labels/labels/boundary_maps/train/fire/00609.png,0
fire/00610,Fire,00610,2022-10-26 18:43:48,42.851543416666665,-121.15313936111112,1,,,data/flame3/Fire/RGB/Corrected FOV/00610.JPG,data/flame3/Fire/Thermal/Raw JPG/00610.JPG,data/flame3/Fire/Thermal/Celsius TIFF/00610.TIFF,project_support/artifacts/flame3_manual_smoke_v2/machine_labels/labels/masks/train/fire/00610.png,project_support/artifacts/flame3_manual_smoke_v2/machine_labels/labels/boundary_maps/train/fire/00610.png,0
fire/00611,Fire,00611,2022-10-27 17:48:11,42.8641495,-121.13431691666668,7,,,data/flame3/Fire/RGB/Corrected FOV/00611.JPG,data/flame3/Fire/Thermal/Raw JPG/00611.JPG,data/flame3/Fire/Thermal/Celsius TIFF/00611.TIFF,project_support/artifacts/flame3_manual_smoke_v2/machine_labels/labels/masks/train/fire/00611.png,project_support/artifacts/flame3_manual_smoke_v2/machine_labels/labels/boundary_maps/train/fire/00611.png,0
fire/00613,Fire,00613,2022-10-25 17:02:02,42.85193,-121.14683363888889,0b,,,data/flame3/Fire/RGB/Corrected FOV/00613.JPG,data/flame3/Fire/Thermal/Raw JPG/00613.JPG,data/flame3/Fire/Thermal/Celsius TIFF/00613.TIFF,project_support/artifacts/flame3_manual_smoke_v2/machine_labels/labels/masks/train/fire/00613.png,project_support/artifacts/flame3_manual_smoke_v2/machine_labels/labels/boundary_maps/train/fire/00613.png,0
fire/00614,Fire,00614,2022-10-25 17:02:38,42.851255,-121.14140947222224,0b,,,data/flame3/Fire/RGB/Corrected FOV/00614.JPG,data/flame3/Fire/Thermal/Raw JPG/00614.JPG,data/flame3/Fire/Thermal/Celsius TIFF/00614.TIFF,project_support/data/flame3_manual_smoke_v2_annotation/completed_masks/A057.png,project_support/artifacts/flame3_manual_smoke_v2/machine_labels/labels/boundary_maps/train/fire/00614.png,1
fire/00615,Fire,00615,2022-10-27 15:39:32,42.86724047222222,-121.13479241666667,5,,,data/flame3/Fire/RGB/Corrected FOV/00615.JPG,data/flame3/Fire/Thermal/Raw JPG/00615.JPG,data/flame3/Fire/Thermal/Celsius TIFF/00615.TIFF,project_support/artifacts/flame3_manual_smoke_v2/machine_labels/labels/masks/train/fire/00615.png,project_support/artifacts/flame3_manual_smoke_v2/machine_labels/labels/boundary_maps/train/fire/00615.png,0
fire/00616,Fire,00616,2022-10-27 15:38:37,42.86618697222222,-121.13392422222223,5,,,data/flame3/Fire/RGB/Corrected FOV/00616.JPG,data/flame3/Fire/Thermal/Raw JPG/00616.JPG,data/flame3/Fire/Thermal/Celsius TIFF/00616.TIFF,project_support/artifacts/flame3_manual_smoke_v2/machine_labels/labels/masks/train/fire/00616.png,project_support/artifacts/flame3_manual_smoke_v2/machine_labels/labels/boundary_maps/train/fire/00616.png,0
fire/00618,Fire,00618,2022-10-27 19:01:01,42.864281166666665,-121.14407508333333,8,,,data/flame3/Fire/RGB/Corrected FOV/00618.JPG,data/flame3/Fire/Thermal/Raw JPG/00618.JPG,data/flame3/Fire/Thermal/Celsius TIFF/00618.TIFF,project_support/data/flame3_manual_smoke_v2_annotation/completed_masks/A116.png,project_support/artifacts/flame3_manual_smoke_v2/machine_labels/labels/boundary_maps/train/fire/00618.png,1
fire/00620,Fire,00620,2022-10-27 15:41:39,42.868935944444445,-121.13794175000001,5,,,data/flame3/Fire/RGB/Corrected FOV/00620.JPG,data/flame3/Fire/Thermal/Raw JPG/00620.JPG,data/flame3/Fire/Thermal/Celsius TIFF/00620.TIFF,project_support/artifacts/flame3_manual_smoke_v2/machine_labels/labels/masks/train/fire/00620.png,project_support/artifacts/flame3_manual_smoke_v2/machine_labels/labels/boundary_maps/train/fire/00620.png,0
fire/00622,Fire,00622,2022-10-26 18:44:21,42.85433447222222,-121.14884722222223,1,,,data/flame3/Fire/RGB/Corrected FOV/00622.JPG,data/flame3/Fire/Thermal/Raw JPG/00622.JPG,data/flame3/Fire/Thermal/Celsius TIFF/00622.TIFF,project_support/artifacts/flame3_manual_smoke_v2/machine_labels/labels/masks/train/fire/00622.png,project_support/artifacts/flame3_manual_smoke_v2/machine_labels/labels/boundary_maps/train/fire/00622.png,0
no_fire/00001,No Fire,00001,2022-10-25 17:03:48,42.851761333333336,-121.1501413888889,,0,,data/flame3/No Fire/RGB/Corrected FOV/00001.JPG,data/flame3/No Fire/Thermal/Raw JPG/00001.JPG,data/flame3/No Fire/Thermal/Celsius TIFF/00001.TIFF,project_support/artifacts/flame3_manual_smoke_v2/machine_labels/labels/masks/train/no_fire/00001.png,project_support/artifacts/flame3_manual_smoke_v2/machine_labels/labels/boundary_maps/train/no_fire/00001.png,0
no_fire/00002,No Fire,00002,2022-10-25 17:06:15,42.851000694444444,-121.1490455,,0,,data/flame3/No Fire/RGB/Corrected FOV/00002.JPG,data/flame3/No Fire/Thermal/Raw JPG/00002.JPG,data/flame3/No Fire/Thermal/Celsius TIFF/00002.TIFF,project_support/artifacts/flame3_manual_smoke_v2/machine_labels/labels/masks/train/no_fire/00002.png,project_support/artifacts/flame3_manual_smoke_v2/machine_labels/labels/boundary_maps/train/no_fire/00002.png,0
no_fire/00003,No Fire,00003,2022-10-25 17:05:00,42.851356583333335,-121.1506931388889,,0,,data/flame3/No Fire/RGB/Corrected FOV/00003.JPG,data/flame3/No Fire/Thermal/Raw JPG/00003.JPG,data/flame3/No Fire/Thermal/Celsius TIFF/00003.TIFF,project_support/data/flame3_manual_smoke_v2_annotation/completed_masks/A139.png,project_support/artifacts/flame3_manual_smoke_v2/machine_labels/labels/boundary_maps/train/no_fire/00003.png,1
no_fire/00004,No Fire,00004,2022-10-25 17:05:09,42.85135816666667,-121.15069391666667,,0,,data/flame3/No Fire/RGB/Corrected FOV/00004.JPG,data/flame3/No Fire/Thermal/Raw JPG/00004.JPG,data/flame3/No Fire/Thermal/Celsius TIFF/00004.TIFF,project_support/artifacts/flame3_manual_smoke_v2/machine_labels/labels/masks/train/no_fire/00004.png,project_support/artifacts/flame3_manual_smoke_v2/machine_labels/labels/boundary_maps/train/no_fire/00004.png,0
no_fire/00006,No Fire,00006,2022-10-25 17:04:50,42.85134086111111,-121.15067572222223,,0,,data/flame3/No Fire/RGB/Corrected FOV/00006.JPG,data/flame3/No Fire/Thermal/Raw JPG/00006.JPG,data/flame3/No Fire/Thermal/Celsius TIFF/00006.TIFF,project_support/artifacts/flame3_manual_smoke_v2/machine_labels/labels/masks/train/no_fire/00006.png,project_support/artifacts/flame3_manual_smoke_v2/machine_labels/labels/boundary_maps/train/no_fire/00006.png,0
no_fire/00007,No Fire,00007,2022-10-25 17:06:12,42.85093119444445,-121.14861194444445,,0,,data/flame3/No Fire/RGB/Corrected FOV/00007.JPG,data/flame3/No Fire/Thermal/Raw JPG/00007.JPG,data/flame3/No Fire/Thermal/Celsius TIFF/00007.TIFF,project_support/artifacts/flame3_manual_smoke_v2/machine_labels/labels/masks/train/no_fire/00007.png,project_support/artifacts/flame3_manual_smoke_v2/machine_labels/labels/boundary_maps/train/no_fire/00007.png,0
no_fire/00009,No Fire,00009,2022-10-25 17:01:00,42.85138202777778,-121.14879491666667,,0,,data/flame3/No Fire/RGB/Corrected FOV/00009.JPG,data/flame3/No Fire/Thermal/Raw JPG/00009.JPG,data/flame3/No Fire/Thermal/Celsius TIFF/00009.TIFF,project_support/artifacts/flame3_manual_smoke_v2/machine_labels/labels/masks/train/no_fire/00009.png,project_support/artifacts/flame3_manual_smoke_v2/machine_labels/labels/boundary_maps/train/no_fire/00009.png,0
no_fire/00010,No Fire,00010,2022-10-25 17:05:24,42.85193369444445,-121.15026411111111,,0,,data/flame3/No Fire/RGB/Corrected FOV/00010.JPG,data/flame3/No Fire/Thermal/Raw JPG/00010.JPG,data/flame3/No Fire/Thermal/Celsius TIFF/00010.TIFF,project_support/artifacts/flame3_manual_smoke_v2/machine_labels/labels/masks/train/no_fire/00010.png,project_support/artifacts/flame3_manual_smoke_v2/machine_labels/labels/boundary_maps/train/no_fire/00010.png,0
no_fire/00011,No Fire,00011,2022-10-25 17:05:15,42.851358250000004,-121.1506928888889,,0,,data/flame3/No Fire/RGB/Corrected FOV/00011.JPG,data/flame3/No Fire/Thermal/Raw JPG/00011.JPG,data/flame3/No Fire/Thermal/Celsius TIFF/00011.TIFF,project_support/data/flame3_manual_smoke_v2_annotation/completed_masks/A142.png,project_support/artifacts/flame3_manual_smoke_v2/machine_labels/labels/boundary_maps/train/no_fire/00011.png,1
no_fire/00013,No Fire,00013,2022-10-25 17:03:45,42.85200077777778,-121.14980472222223,,0,,data/flame3/No Fire/RGB/Corrected FOV/00013.JPG,data/flame3/No Fire/Thermal/Raw JPG/00013.JPG,data/flame3/No Fire/Thermal/Celsius TIFF/00013.TIFF,project_support/artifacts/flame3_manual_smoke_v2/machine_labels/labels/masks/train/no_fire/00013.png,project_support/artifacts/flame3_manual_smoke_v2/machine_labels/labels/boundary_maps/train/no_fire/00013.png,0
no_fire/00016,No Fire,00016,2022-10-25 17:04:12,42.85029933333333,-121.14917038888889,,0,,data/flame3/No Fire/RGB/Corrected FOV/00016.JPG,data/flame3/No Fire/Thermal/Raw JPG/00016.JPG,data/flame3/No Fire/Thermal/Celsius TIFF/00016.TIFF,project_support/artifacts/flame3_manual_smoke_v2/machine_labels/labels/masks/train/no_fire/00016.png,project_support/artifacts/flame3_manual_smoke_v2/machine_labels/labels/boundary_maps/train/no_fire/00016.png,0
no_fire/00018,No Fire,00018,2022-10-25 17:04:48,42.851352694444444,-121.15038780555557,,0,,data/flame3/No Fire/RGB/Corrected FOV/00018.JPG,data/flame3/No Fire/Thermal/Raw JPG/00018.JPG,data/flame3/No Fire/Thermal/Celsius TIFF/00018.TIFF,project_support/artifacts/flame3_manual_smoke_v2/machine_labels/labels/masks/train/no_fire/00018.png,project_support/artifacts/flame3_manual_smoke_v2/machine_labels/labels/boundary_maps/train/no_fire/00018.png,0
no_fire/00019,No Fire,00019,2022-10-25 17:06:18,42.85120316666667,-121.14935063888889,,0,,data/flame3/No Fire/RGB/Corrected FOV/00019.JPG,data/flame3/No Fire/Thermal/Raw JPG/00019.JPG,data/flame3/No Fire/Thermal/Celsius TIFF/00019.TIFF,project_support/data/flame3_manual_smoke_v2_annotation/completed_masks/A146.png,project_support/artifacts/flame3_manual_smoke_v2/machine_labels/labels/boundary_maps/train/no_fire/00019.png,1
no_fire/00021,No Fire,00021,2022-10-25 17:06:36,42.851259500000005,-121.14936677777779,,0,,data/flame3/No Fire/RGB/Corrected FOV/00021.JPG,data/flame3/No Fire/Thermal/Raw JPG/00021.JPG,data/flame3/No Fire/Thermal/Celsius TIFF/00021.TIFF,project_support/artifacts/flame3_manual_smoke_v2/machine_labels/labels/masks/train/no_fire/00021.png,project_support/artifacts/flame3_manual_smoke_v2/machine_labels/labels/boundary_maps/train/no_fire/00021.png,0
no_fire/00023,No Fire,00023,2022-10-25 17:06:24,42.85125955555556,-121.14936575,,0,,data/flame3/No Fire/RGB/Corrected FOV/00023.JPG,data/flame3/No Fire/Thermal/Raw JPG/00023.JPG,data/flame3/No Fire/Thermal/Celsius TIFF/00023.TIFF,project_support/data/flame3_manual_smoke_v2_annotation/completed_masks/A147.png,project_support/artifacts/flame3_manual_smoke_v2/machine_labels/labels/boundary_maps/train/no_fire/00023.png,1
no_fire/00025,No Fire,00025,2022-10-26 19:13:07,42.84961152777778,-121.15113108333334,,0,,data/flame3/No Fire/RGB/Corrected FOV/00025.JPG,data/flame3/No Fire/Thermal/Raw JPG/00025.JPG,data/flame3/No Fire/Thermal/Celsius TIFF/00025.TIFF,project_support/artifacts/flame3_manual_smoke_v2/machine_labels/labels/masks/train/no_fire/00025.png,project_support/artifacts/flame3_manual_smoke_v2/machine_labels/labels/boundary_maps/train/no_fire/00025.png,0
no_fire/00029,No Fire,00029,2022-10-25 17:04:27,42.8512805,-121.14950933333334,,0,,data/flame3/No Fire/RGB/Corrected FOV/00029.JPG,data/flame3/No Fire/Thermal/Raw JPG/00029.JPG,data/flame3/No Fire/Thermal/Celsius TIFF/00029.TIFF,project_support/data/flame3_manual_smoke_v2_annotation/completed_masks/A148.png,project_support/artifacts/flame3_manual_smoke_v2/machine_labels/labels/boundary_maps/train/no_fire/00029.png,1
no_fire/00031,No Fire,00031,2022-10-25 17:06:42,42.851131888888894,-121.149027,,0,,data/flame3/No Fire/RGB/Corrected FOV/00031.JPG,data/flame3/No Fire/Thermal/Raw JPG/00031.JPG,data/flame3/No Fire/Thermal/Celsius TIFF/00031.TIFF,project_support/artifacts/flame3_manual_smoke_v2/machine_labels/labels/masks/train/no_fire/00031.png,project_support/artifacts/flame3_manual_smoke_v2/machine_labels/labels/boundary_maps/train/no_fire/00031.png,0
no_fire/00033,No Fire,00033,2022-10-25 17:06:21,42.85125913888889,-121.1493686388889,,0,,data/flame3/No Fire/RGB/Corrected FOV/00033.JPG,data/flame3/No Fire/Thermal/Raw JPG/00033.JPG,data/flame3/No Fire/Thermal/Celsius TIFF/00033.TIFF,project_support/data/flame3_manual_smoke_v2_annotation/completed_masks/A150.png,project_support/artifacts/flame3_manual_smoke_v2/machine_labels/labels/boundary_maps/train/no_fire/00033.png,1
no_fire/00035,No Fire,00035,2022-10-25 17:01:05,42.85130875,-121.14962727777778,,0,,data/flame3/No Fire/RGB/Corrected FOV/00035.JPG,data/flame3/No Fire/Thermal/Raw JPG/00035.JPG,data/flame3/No Fire/Thermal/Celsius TIFF/00035.TIFF,project_support/artifacts/flame3_manual_smoke_v2/machine_labels/labels/masks/train/no_fire/00035.png,project_support/artifacts/flame3_manual_smoke_v2/machine_labels/labels/boundary_maps/train/no_fire/00035.png,0
no_fire/00037,No Fire,00037,2022-10-25 17:04:15,42.85016369444445,-121.14928044444446,,0,,data/flame3/No Fire/RGB/Corrected FOV/00037.JPG,data/flame3/No Fire/Thermal/Raw JPG/00037.JPG,data/flame3/No Fire/Thermal/Celsius TIFF/00037.TIFF,project_support/artifacts/flame3_manual_smoke_v2/machine_labels/labels/masks/train/no_fire/00037.png,project_support/artifacts/flame3_manual_smoke_v2/machine_labels/labels/boundary_maps/train/no_fire/00037.png,0
no_fire/00038,No Fire,00038,2022-10-25 17:01:18,42.85109397222222,-121.14998152777778,,0,,data/flame3/No Fire/RGB/Corrected FOV/00038.JPG,data/flame3/No Fire/Thermal/Raw JPG/00038.JPG,data/flame3/No Fire/Thermal/Celsius TIFF/00038.TIFF,project_support/artifacts/flame3_manual_smoke_v2/machine_labels/labels/masks/train/no_fire/00038.png,project_support/artifacts/flame3_manual_smoke_v2/machine_labels/labels/boundary_maps/train/no_fire/00038.png,0
no_fire/00039,No Fire,00039,2022-10-25 17:04:08,42.8504945,-121.14941277777778,,0,,data/flame3/No Fire/RGB/Corrected FOV/00039.JPG,data/flame3/No Fire/Thermal/Raw JPG/00039.JPG,data/flame3/No Fire/Thermal/Celsius TIFF/00039.TIFF,project_support/artifacts/flame3_manual_smoke_v2/machine_labels/labels/masks/train/no_fire/00039.png,project_support/artifacts/flame3_manual_smoke_v2/machine_labels/labels/boundary_maps/train/no_fire/00039.png,0
no_fire/00044,No Fire,00044,2022-10-25 17:04:18,42.85033244444445,-121.1494701388889,,0,,data/flame3/No Fire/RGB/Corrected FOV/00044.JPG,data/flame3/No Fire/Thermal/Raw JPG/00044.JPG,data/flame3/No Fire/Thermal/Celsius TIFF/00044.TIFF,project_support/artifacts/flame3_manual_smoke_v2/machine_labels/labels/masks/train/no_fire/00044.png,project_support/artifacts/flame3_manual_smoke_v2/machine_labels/labels/boundary_maps/train/no_fire/00044.png,0
no_fire/00047,No Fire,00047,2022-10-25 17:05:27,42.85198344444444,-121.14980069444445,,0,,data/flame3/No Fire/RGB/Corrected FOV/00047.JPG,data/flame3/No Fire/Thermal/Raw JPG/00047.JPG,data/flame3/No Fire/Thermal/Celsius TIFF/00047.TIFF,project_support/artifacts/flame3_manual_smoke_v2/machine_labels/labels/masks/train/no_fire/00047.png,project_support/artifacts/flame3_manual_smoke_v2/machine_labels/labels/boundary_maps/train/no_fire/00047.png,0
no_fire/00051,No Fire,00051,2022-10-25 17:01:12,42.85125377777778,-121.15006869444446,,0,,data/flame3/No Fire/RGB/Corrected FOV/00051.JPG,data/flame3/No Fire/Thermal/Raw JPG/00051.JPG,data/flame3/No Fire/Thermal/Celsius TIFF/00051.TIFF,project_support/artifacts/flame3_manual_smoke_v2/machine_labels/labels/masks/train/no_fire/00051.png,project_support/artifacts/flame3_manual_smoke_v2/machine_labels/labels/boundary_maps/train/no_fire/00051.png,0
no_fire/00052,No Fire,00052,2022-10-25 17:06:33,42.85125936111111,-121.14936533333334,,0,,data/flame3/No Fire/RGB/Corrected FOV/00052.JPG,data/flame3/No Fire/Thermal/Raw JPG/00052.JPG,data/flame3/No Fire/Thermal/Celsius TIFF/00052.TIFF,project_support/artifacts/flame3_manual_smoke_v2/machine_labels/labels/masks/train/no_fire/00052.png,project_support/artifacts/flame3_manual_smoke_v2/machine_labels/labels/boundary_maps/train/no_fire/00052.png,0
no_fire/00054,No Fire,00054,2022-10-25 17:04:53,42.85135894444445,-121.15069252777778,,0,,data/flame3/No Fire/RGB/Corrected FOV/00054.JPG,data/flame3/No Fire/Thermal/Raw JPG/00054.JPG,data/flame3/No Fire/Thermal/Celsius TIFF/00054.TIFF,project_support/artifacts/flame3_manual_smoke_v2/machine_labels/labels/masks/train/no_fire/00054.png,project_support/artifacts/flame3_manual_smoke_v2/machine_labels/labels/boundary_maps/train/no_fire/00054.png,0
no_fire/00055,No Fire,00055,2022-10-25 17:01:24,42.85109588888889,-121.15004997222223,,0,,data/flame3/No Fire/RGB/Corrected FOV/00055.JPG,data/flame3/No Fire/Thermal/Raw JPG/00055.JPG,data/flame3/No Fire/Thermal/Celsius TIFF/00055.TIFF,project_support/artifacts/flame3_manual_smoke_v2/machine_labels/labels/masks/train/no_fire/00055.png,project_support/artifacts/flame3_manual_smoke_v2/machine_labels/labels/boundary_maps/train/no_fire/00055.png,0
no_fire/00056,No Fire,00056,2022-10-25 17:04:33,42.85170744444444,-121.14998477777779,,0,,data/flame3/No Fire/RGB/Corrected FOV/00056.JPG,data/flame3/No Fire/Thermal/Raw JPG/00056.JPG,data/flame3/No Fire/Thermal/Celsius TIFF/00056.TIFF,project_support/data/flame3_manual_smoke_v2_annotation/completed_masks/A149.png,project_support/artifacts/flame3_manual_smoke_v2/machine_labels/labels/boundary_maps/train/no_fire/00056.png,1
no_fire/00058,No Fire,00058,2022-10-25 17:04:57,42.85135763888889,-121.15069422222223,,0,,data/flame3/No Fire/RGB/Corrected FOV/00058.JPG,data/flame3/No Fire/Thermal/Raw JPG/00058.JPG,data/flame3/No Fire/Thermal/Celsius TIFF/00058.TIFF,project_support/data/flame3_manual_smoke_v2_annotation/completed_masks/A144.png,project_support/artifacts/flame3_manual_smoke_v2/machine_labels/labels/boundary_maps/train/no_fire/00058.png,1
no_fire/00061,No Fire,00061,2022-10-25 17:01:21,42.85109555555556,-121.15004658333334,,0,,data/flame3/No Fire/RGB/Corrected FOV/00061.JPG,data/flame3/No Fire/Thermal/Raw JPG/00061.JPG,data/flame3/No Fire/Thermal/Celsius TIFF/00061.TIFF,project_support/artifacts/flame3_manual_smoke_v2/machine_labels/labels/masks/train/no_fire/00061.png,project_support/artifacts/flame3_manual_smoke_v2/machine_labels/labels/boundary_maps/train/no_fire/00061.png,0
no_fire/00063,No Fire,00063,2022-10-25 17:04:23,42.85095125,-121.14961469444445,,0,,data/flame3/No Fire/RGB/Corrected FOV/00063.JPG,data/flame3/No Fire/Thermal/Raw JPG/00063.JPG,data/flame3/No Fire/Thermal/Celsius TIFF/00063.TIFF,project_support/artifacts/flame3_manual_smoke_v2/machine_labels/labels/masks/train/no_fire/00063.png,project_support/artifacts/flame3_manual_smoke_v2/machine_labels/labels/boundary_maps/train/no_fire/00063.png,0
no_fire/00064,No Fire,00064,2022-10-26 19:13:10,42.84948391666667,-121.151723,,0,,data/flame3/No Fire/RGB/Corrected FOV/00064.JPG,data/flame3/No Fire/Thermal/Raw JPG/00064.JPG,data/flame3/No Fire/Thermal/Celsius TIFF/00064.TIFF,project_support/artifacts/flame3_manual_smoke_v2/machine_labels/labels/masks/train/no_fire/00064.png,project_support/artifacts/flame3_manual_smoke_v2/machine_labels/labels/boundary_maps/train/no_fire/00064.png,0
no_fire/00065,No Fire,00065,2022-10-26 19:12:55,42.850091,-121.14875363888889,,0,,data/flame3/No Fire/RGB/Corrected FOV/00065.JPG,data/flame3/No Fire/Thermal/Raw JPG/00065.JPG,data/flame3/No Fire/Thermal/Celsius TIFF/00065.TIFF,project_support/artifacts/flame3_manual_smoke_v2/machine_labels/labels/masks/train/no_fire/00065.png,project_support/artifacts/flame3_manual_smoke_v2/machine_labels/labels/boundary_maps/train/no_fire/00065.png,0
no_fire/00066,No Fire,00066,2022-10-25 17:04:45,42.85157341666667,-121.15007191666668,,0,,data/flame3/No Fire/RGB/Corrected FOV/00066.JPG,data/flame3/No Fire/Thermal/Raw JPG/00066.JPG,data/flame3/No Fire/Thermal/Celsius TIFF/00066.TIFF,project_support/artifacts/flame3_manual_smoke_v2/machine_labels/labels/masks/train/no_fire/00066.png,project_support/artifacts/flame3_manual_smoke_v2/machine_labels/labels/boundary_maps/train/no_fire/00066.png,0
no_fire/00067,No Fire,00067,2022-10-25 17:03:59,42.85071602777778,-121.15068069444445,,0,,data/flame3/No Fire/RGB/Corrected FOV/00067.JPG,data/flame3/No Fire/Thermal/Raw JPG/00067.JPG,data/flame3/No Fire/Thermal/Celsius TIFF/00067.TIFF,project_support/artifacts/flame3_manual_smoke_v2/machine_labels/labels/masks/train/no_fire/00067.png,project_support/artifacts/flame3_manual_smoke_v2/machine_labels/labels/boundary_maps/train/no_fire/00067.png,0
no_fire/00070,No Fire,00070,2022-10-25 17:01:27,42.85109536111111,-121.15004925000001,,0,,data/flame3/No Fire/RGB/Corrected FOV/00070.JPG,data/flame3/No Fire/Thermal/Raw JPG/00070.JPG,data/flame3/No Fire/Thermal/Celsius TIFF/00070.TIFF,project_support/artifacts/flame3_manual_smoke_v2/machine_labels/labels/masks/train/no_fire/00070.png,project_support/artifacts/flame3_manual_smoke_v2/machine_labels/labels/boundary_maps/train/no_fire/00070.png,0
no_fire/00071,No Fire,00071,2022-10-25 17:06:30,42.851258916666666,-121.14936527777779,,0,,data/flame3/No Fire/RGB/Corrected FOV/00071.JPG,data/flame3/No Fire/Thermal/Raw JPG/00071.JPG,data/flame3/No Fire/Thermal/Celsius TIFF/00071.TIFF,project_support/artifacts/flame3_manual_smoke_v2/machine_labels/labels/masks/train/no_fire/00071.png,project_support/artifacts/flame3_manual_smoke_v2/machine_labels/labels/boundary_maps/train/no_fire/00071.png,0
no_fire/00073,No Fire,00073,2022-10-25 17:04:39,42.85191455555556,-121.14974477777778,,0,,data/flame3/No Fire/RGB/Corrected FOV/00073.JPG,data/flame3/No Fire/Thermal/Raw JPG/00073.JPG,data/flame3/No Fire/Thermal/Celsius TIFF/00073.TIFF,project_support/artifacts/flame3_manual_smoke_v2/machine_labels/labels/masks/train/no_fire/00073.png,project_support/artifacts/flame3_manual_smoke_v2/machine_labels/labels/boundary_maps/train/no_fire/00073.png,0
no_fire/00074,No Fire,00074,2022-10-25 17:01:09,42.85138686111111,-121.14998361111111,,0,,data/flame3/No Fire/RGB/Corrected FOV/00074.JPG,data/flame3/No Fire/Thermal/Raw JPG/00074.JPG,data/flame3/No Fire/Thermal/Celsius TIFF/00074.TIFF,project_support/artifacts/flame3_manual_smoke_v2/machine_labels/labels/masks/train/no_fire/00074.png,project_support/artifacts/flame3_manual_smoke_v2/machine_labels/labels/boundary_maps/train/no_fire/00074.png,0
no_fire/00077,No Fire,00077,2022-10-25 17:03:54,42.85133808333333,-121.15089994444445,,0,,data/flame3/No Fire/RGB/Corrected FOV/00077.JPG,data/flame3/No Fire/Thermal/Raw JPG/00077.JPG,data/flame3/No Fire/Thermal/Celsius TIFF/00077.TIFF,project_support/artifacts/flame3_manual_smoke_v2/machine_labels/labels/masks/train/no_fire/00077.png,project_support/artifacts/flame3_manual_smoke_v2/machine_labels/labels/boundary_maps/train/no_fire/00077.png,0
no_fire/00078,No Fire,00078,2022-10-26 19:13:04,42.84973108333334,-121.15053352777778,,0,,data/flame3/No Fire/RGB/Corrected FOV/00078.JPG,data/flame3/No Fire/Thermal/Raw JPG/00078.JPG,data/flame3/No Fire/Thermal/Celsius TIFF/00078.TIFF,project_support/artifacts/flame3_manual_smoke_v2/machine_labels/labels/masks/train/no_fire/00078.png,project_support/artifacts/flame3_manual_smoke_v2/machine_labels/labels/boundary_maps/train/no_fire/00078.png,0
no_fire/00079,No Fire,00079,2022-10-25 17:05:20,42.851737416666666,-121.1505306388889,,0,,data/flame3/No Fire/RGB/Corrected FOV/00079.JPG,data/flame3/No Fire/Thermal/Raw JPG/00079.JPG,data/flame3/No Fire/Thermal/Celsius TIFF/00079.TIFF,project_support/data/flame3_manual_smoke_v2_annotation/completed_masks/A141.png,project_support/artifacts/flame3_manual_smoke_v2/machine_labels/labels/boundary_maps/train/no_fire/00079.png,1
no_fire/00080,No Fire,00080,2022-10-25 17:05:12,42.85135672222222,-121.15069225,,0,,data/flame3/No Fire/RGB/Corrected FOV/00080.JPG,data/flame3/No Fire/Thermal/Raw JPG/00080.JPG,data/flame3/No Fire/Thermal/Celsius TIFF/00080.TIFF,project_support/data/flame3_manual_smoke_v2_annotation/completed_masks/A143.png,project_support/artifacts/flame3_manual_smoke_v2/machine_labels/labels/boundary_maps/train/no_fire/00080.png,1
no_fire/00082,No Fire,00082,2022-10-25 17:05:36,42.85143744444444,-121.14879197222223,,0,,data/flame3/No Fire/RGB/Corrected FOV/00082.JPG,data/flame3/No Fire/Thermal/Raw JPG/00082.JPG,data/flame3/No Fire/Thermal/Celsius TIFF/00082.TIFF,project_support/artifacts/flame3_manual_smoke_v2/machine_labels/labels/masks/train/no_fire/00082.png,project_support/artifacts/flame3_manual_smoke_v2/machine_labels/labels/boundary_maps/train/no_fire/00082.png,0
no_fire/00083,No Fire,00083,2022-10-25 17:01:02,42.851306,-121.14917991666667,,0,,data/flame3/No Fire/RGB/Corrected FOV/00083.JPG,data/flame3/No Fire/Thermal/Raw JPG/00083.JPG,data/flame3/No Fire/Thermal/Celsius TIFF/00083.TIFF,project_support/artifacts/flame3_manual_smoke_v2/machine_labels/labels/masks/train/no_fire/00083.png,project_support/artifacts/flame3_manual_smoke_v2/machine_labels/labels/boundary_maps/train/no_fire/00083.png,0
no_fire/00091,No Fire,00091,2022-10-26 19:12:58,42.84996344444445,-121.14934202777779,,0,,data/flame3/No Fire/RGB/Corrected FOV/00091.JPG,data/flame3/No Fire/Thermal/Raw JPG/00091.JPG,data/flame3/No Fire/Thermal/Celsius TIFF/00091.TIFF,project_support/artifacts/flame3_manual_smoke_v2/machine_labels/labels/masks/train/no_fire/00091.png,project_support/artifacts/flame3_manual_smoke_v2/machine_labels/labels/boundary_maps/train/no_fire/00091.png,0
no_fire/00092,No Fire,00092,2022-10-25 17:04:30,42.851527583333336,-121.14967583333333,,0,,data/flame3/No Fire/RGB/Corrected FOV/00092.JPG,data/flame3/No Fire/Thermal/Raw JPG/00092.JPG,data/flame3/No Fire/Thermal/Celsius TIFF/00092.TIFF,project_support/data/flame3_manual_smoke_v2_annotation/completed_masks/A145.png,project_support/artifacts/flame3_manual_smoke_v2/machine_labels/labels/boundary_maps/train/no_fire/00092.png,1
no_fire/00093,No Fire,00093,2022-10-26 19:13:01,42.84984997222222,-121.14993658333334,,0,,data/flame3/No Fire/RGB/Corrected FOV/00093.JPG,data/flame3/No Fire/Thermal/Raw JPG/00093.JPG,data/flame3/No Fire/Thermal/Celsius TIFF/00093.TIFF,project_support/artifacts/flame3_manual_smoke_v2/machine_labels/labels/masks/train/no_fire/00093.png,project_support/artifacts/flame3_manual_smoke_v2/machine_labels/labels/boundary_maps/train/no_fire/00093.png,0
no_fire/00094,No Fire,00094,2022-10-25 17:04:42,42.85176116666667,-121.1498111388889,,0,,data/flame3/No Fire/RGB/Corrected FOV/00094.JPG,data/flame3/No Fire/Thermal/Raw JPG/00094.JPG,data/flame3/No Fire/Thermal/Celsius TIFF/00094.TIFF,project_support/artifacts/flame3_manual_smoke_v2/machine_labels/labels/masks/train/no_fire/00094.png,project_support/artifacts/flame3_manual_smoke_v2/machine_labels/labels/boundary_maps/train/no_fire/00094.png,0
no_fire/00095,No Fire,00095,2022-10-25 17:03:50,42.85160194444445,-121.15056827777778,,0,,data/flame3/No Fire/RGB/Corrected FOV/00095.JPG,data/flame3/No Fire/Thermal/Raw JPG/00095.JPG,data/flame3/No Fire/Thermal/Celsius TIFF/00095.TIFF,project_support/artifacts/flame3_manual_smoke_v2/machine_labels/labels/masks/train/no_fire/00095.png,project_support/artifacts/flame3_manual_smoke_v2/machine_labels/labels/boundary_maps/train/no_fire/00095.png,0
no_fire/00096,No Fire,00096,2022-10-25 17:05:30,42.85194194444445,-121.14931741666668,,0,,data/flame3/No Fire/RGB/Corrected FOV/00096.JPG,data/flame3/No Fire/Thermal/Raw JPG/00096.JPG,data/flame3/No Fire/Thermal/Celsius TIFF/00096.TIFF,project_support/artifacts/flame3_manual_smoke_v2/machine_labels/labels/masks/train/no_fire/00096.png,project_support/artifacts/flame3_manual_smoke_v2/machine_labels/labels/boundary_maps/train/no_fire/00096.png,0
no_fire/00098,No Fire,00098,2022-10-25 17:06:27,42.85125883333333,-121.14936544444446,,0,,data/flame3/No Fire/RGB/Corrected FOV/00098.JPG,data/flame3/No Fire/Thermal/Raw JPG/00098.JPG,data/flame3/No Fire/Thermal/Celsius TIFF/00098.TIFF,project_support/artifacts/flame3_manual_smoke_v2/machine_labels/labels/masks/train/no_fire/00098.png,project_support/artifacts/flame3_manual_smoke_v2/machine_labels/labels/boundary_maps/train/no_fire/00098.png,0
no_fire/00102,No Fire,00102,2022-10-25 17:05:06,42.85135788888889,-121.15069327777779,,0,,data/flame3/No Fire/RGB/Corrected FOV/00102.JPG,data/flame3/No Fire/Thermal/Raw JPG/00102.JPG,data/flame3/No Fire/Thermal/Celsius TIFF/00102.TIFF,project_support/data/flame3_manual_smoke_v2_annotation/completed_masks/A138.png,project_support/artifacts/flame3_manual_smoke_v2/machine_labels/labels/boundary_maps/train/no_fire/00102.png,1
no_fire/00104,No Fire,00104,2022-10-25 17:04:21,42.85062088888889,-121.14961911111112,,0,,data/flame3/No Fire/RGB/Corrected FOV/00104.JPG,data/flame3/No Fire/Thermal/Raw JPG/00104.JPG,data/flame3/No Fire/Thermal/Celsius TIFF/00104.TIFF,project_support/artifacts/flame3_manual_smoke_v2/machine_labels/labels/masks/train/no_fire/00104.png,project_support/artifacts/flame3_manual_smoke_v2/machine_labels/labels/boundary_maps/train/no_fire/00104.png,0
no_fire/00106,No Fire,00106,2022-10-25 17:05:17,42.85146952777778,-121.1505763888889,,0,,data/flame3/No Fire/RGB/Corrected FOV/00106.JPG,data/flame3/No Fire/Thermal/Raw JPG/00106.JPG,data/flame3/No Fire/Thermal/Celsius TIFF/00106.TIFF,project_support/data/flame3_manual_smoke_v2_annotation/completed_masks/A140.png,project_support/artifacts/flame3_manual_smoke_v2/machine_labels/labels/boundary_maps/train/no_fire/00106.png,1
no_fire/00107,No Fire,00107,2022-10-25 17:06:39,42.85123469444444,-121.14931575000001,,0,,data/flame3/No Fire/RGB/Corrected FOV/00107.JPG,data/flame3/No Fire/Thermal/Raw JPG/00107.JPG,data/flame3/No Fire/Thermal/Celsius TIFF/00107.TIFF,project_support/artifacts/flame3_manual_smoke_v2/machine_labels/labels/masks/train/no_fire/00107.png,project_support/artifacts/flame3_manual_smoke_v2/machine_labels/labels/boundary_maps/train/no_fire/00107.png,0
no_fire/00110,No Fire,00110,2022-10-25 17:03:57,42.851034694444444,-121.15093402777778,,0,,data/flame3/No Fire/RGB/Corrected FOV/00110.JPG,data/flame3/No Fire/Thermal/Raw JPG/00110.JPG,data/flame3/No Fire/Thermal/Celsius TIFF/00110.TIFF,project_support/artifacts/flame3_manual_smoke_v2/machine_labels/labels/masks/train/no_fire/00110.png,project_support/artifacts/flame3_manual_smoke_v2/machine_labels/labels/boundary_maps/train/no_fire/00110.png,0
no_fire/00111,No Fire,00111,2022-10-25 17:01:15,42.85116130555556,-121.1499681388889,,0,,data/flame3/No Fire/RGB/Corrected FOV/00111.JPG,data/flame3/No Fire/Thermal/Raw JPG/00111.JPG,data/flame3/No Fire/Thermal/Celsius TIFF/00111.TIFF,project_support/artifacts/flame3_manual_smoke_v2/machine_labels/labels/masks/train/no_fire/00111.png,project_support/artifacts/flame3_manual_smoke_v2/machine_labels/labels/boundary_maps/train/no_fire/00111.png,0
no_fire/00113,No Fire,00113,2022-10-25 17:06:45,42.850965555555554,-121.14858105555557,,0,,data/flame3/No Fire/RGB/Corrected FOV/00113.JPG,data/flame3/No Fire/Thermal/Raw JPG/00113.JPG,data/flame3/No Fire/Thermal/Celsius TIFF/00113.TIFF,project_support/artifacts/flame3_manual_smoke_v2/machine_labels/labels/masks/train/no_fire/00113.png,project_support/artifacts/flame3_manual_smoke_v2/machine_labels/labels/boundary_maps/train/no_fire/00113.png,0
no_fire/00114,No Fire,00114,2022-10-25 17:05:03,42.85135586111111,-121.15069130555555,,0,,data/flame3/No Fire/RGB/Corrected FOV/00114.JPG,data/flame3/No Fire/Thermal/Raw JPG/00114.JPG,data/flame3/No Fire/Thermal/Celsius TIFF/00114.TIFF,project_support/artifacts/flame3_manual_smoke_v2/machine_labels/labels/masks/train/no_fire/00114.png,project_support/artifacts/flame3_manual_smoke_v2/machine_labels/labels/boundary_maps/train/no_fire/00114.png,0
no_fire/00115,No Fire,00115,2022-10-25 17:05:33,42.85172083333333,-121.14900783333334,,0,,data/flame3/No Fire/RGB/Corrected FOV/00115.JPG,data/flame3/No Fire/Thermal/Raw JPG/00115.JPG,data/flame3/No Fire/Thermal/Celsius TIFF/00115.TIFF,project_support/artifacts/flame3_manual_smoke_v2/machine_labels/labels/masks/train/no_fire/00115.png,project_support/artifacts/flame3_manual_smoke_v2/machine_labels/labels/boundary_maps/train/no_fire/00115.png,0
