arm,seed,sample_name,background_only,background_ratio,smoke_ratio,fire_heat_ratio,predicted_background_ratio,predicted_smoke_ratio,predicted_fire_heat_ratio,background_iou,background_precision,background_recall,smoke_iou,smoke_precision,smoke_recall,fire_heat_iou,fire_heat_precision,fire_heat_recall,three_class_mean_iou,equal_fire_smoke_S
baseline,200,img_XXX_(378).png,True,1.0,0.0,0.0,0.9999237060546875,0.0,7.62939453125e-05,0.9999237060546875,1.0,0.9999237060546875,0.0,0.0,0.0,0.0,0.0,0.0,0.3333079020182292,0.0
baseline,200,img_XXX_(384).png,True,1.0,0.0,0.0,0.9998626708984375,0.0,0.0001373291015625,0.9998626708984375,1.0,0.9998626708984375,0.0,0.0,0.0,0.0,0.0,0.0,0.3332875569661458,0.0
baseline,200,img_XXX_(763).png,True,1.0,0.0,0.0,0.9925994873046875,0.0,0.0074005126953125,0.9925994873046875,1.0,0.9925994873046875,0.0,0.0,0.0,0.0,0.0,0.0,0.3308664957682292,0.0
baseline,200,img_XXX_(792).png,True,1.0,0.0,0.0,0.9795074462890625,0.0057220458984375,0.0147705078125,0.9795074462890625,1.0,0.9795074462890625,0.0,0.0,0.0,0.0,0.0,0.0,0.3265024820963542,0.0
baseline,200,img_XXX_(865).png,True,1.0,0.0,0.0,0.9825286865234375,0.0045166015625,0.0129547119140625,0.9825286865234375,1.0,0.9825286865234375,0.0,0.0,0.0,0.0,0.0,0.0,0.3275095621744792,0.0
baseline,200,img_XXX_(885).png,True,1.0,0.0,0.0,0.982879638671875,0.004364013671875,0.01275634765625,0.982879638671875,1.0,0.982879638671875,0.0,0.0,0.0,0.0,0.0,0.0,0.3276265462239583,0.0
baseline,200,img_XXX_(938).png,True,1.0,0.0,0.0,0.9836273193359375,0.0024261474609375,0.013946533203125,0.9836273193359375,1.0,0.9836273193359375,0.0,0.0,0.0,0.0,0.0,0.0,0.3278757731119792,0.0
baseline,200,img_XXX_(955).png,True,1.0,0.0,0.0,0.9839019775390625,0.002288818359375,0.0138092041015625,0.9839019775390625,1.0,0.9839019775390625,0.0,0.0,0.0,0.0,0.0,0.0,0.3279673258463542,0.0
baseline,200,img_XXX_(1010).png,True,1.0,0.0,0.0,0.9354095458984375,0.01959228515625,0.0449981689453125,0.9354095458984375,1.0,0.9354095458984375,0.0,0.0,0.0,0.0,0.0,0.0,0.3118031819661458,0.0
baseline,200,img_XXX_(1037).png,True,1.0,0.0,0.0,0.9288787841796875,0.0321197509765625,0.03900146484375,0.9288787841796875,1.0,0.9288787841796875,0.0,0.0,0.0,0.0,0.0,0.0,0.3096262613932292,0.0
baseline,200,img_XXX_(1181).png,True,1.0,0.0,0.0,0.96026611328125,0.0130615234375,0.02667236328125,0.96026611328125,1.0,0.96026611328125,0.0,0.0,0.0,0.0,0.0,0.0,0.3200887044270833,0.0
baseline,200,img_XXX_(1226).png,True,1.0,0.0,0.0,0.92657470703125,0.031951904296875,0.041473388671875,0.92657470703125,1.0,0.92657470703125,0.0,0.0,0.0,0.0,0.0,0.0,0.3088582356770833,0.0
baseline,200,img_XXX_(1234).png,True,1.0,0.0,0.0,0.927520751953125,0.0291900634765625,0.0432891845703125,0.927520751953125,1.0,0.927520751953125,0.0,0.0,0.0,0.0,0.0,0.0,0.309173583984375,0.0
baseline,200,img_XXX_(1270).png,True,1.0,0.0,0.0,0.9698333740234375,0.0113067626953125,0.01885986328125,0.9698333740234375,1.0,0.9698333740234375,0.0,0.0,0.0,0.0,0.0,0.0,0.3232777913411458,0.0
baseline,200,img_XXX_(1303).png,True,1.0,0.0,0.0,0.981842041015625,0.0087432861328125,0.0094146728515625,0.981842041015625,1.0,0.981842041015625,0.0,0.0,0.0,0.0,0.0,0.0,0.3272806803385417,0.0
baseline,200,img_XXX_(1546).png,True,1.0,0.0,0.0,0.999664306640625,0.0,0.000335693359375,0.999664306640625,1.0,0.999664306640625,0.0,0.0,0.0,0.0,0.0,0.0,0.333221435546875,0.0
baseline,200,img_XXX_(1614).png,True,1.0,0.0,0.0,0.9998779296875,0.0,0.0001220703125,0.9998779296875,1.0,0.9998779296875,0.0,0.0,0.0,0.0,0.0,0.0,0.3332926432291667,0.0
baseline,200,img_XXX_(1721).png,True,1.0,0.0,0.0,0.9999237060546875,0.0,7.62939453125e-05,0.9999237060546875,1.0,0.9999237060546875,0.0,0.0,0.0,0.0,0.0,0.0,0.3333079020182292,0.0
baseline,200,img_XXX_(1937).png,True,1.0,0.0,0.0,0.9986572265625,0.0,0.0013427734375,0.9986572265625,1.0,0.9986572265625,0.0,0.0,0.0,0.0,0.0,0.0,0.3328857421875,0.0
baseline,200,img_XXX_(1949).png,True,1.0,0.0,0.0,0.99835205078125,0.0,0.00164794921875,0.99835205078125,1.0,0.99835205078125,0.0,0.0,0.0,0.0,0.0,0.0,0.3327840169270833,0.0
baseline,200,img_XXX_(1988).png,True,1.0,0.0,0.0,0.997100830078125,0.0,0.002899169921875,0.997100830078125,1.0,0.997100830078125,0.0,0.0,0.0,0.0,0.0,0.0,0.332366943359375,0.0
baseline,200,img_XXX_(2077).png,True,1.0,0.0,0.0,0.9972686767578125,0.0,0.0027313232421875,0.9972686767578125,1.0,0.9972686767578125,0.0,0.0,0.0,0.0,0.0,0.0,0.3324228922526042,0.0
baseline,200,img_XXX_(2125).png,True,1.0,0.0,0.0,0.9991912841796875,0.0,0.0008087158203125,0.9991912841796875,1.0,0.9991912841796875,0.0,0.0,0.0,0.0,0.0,0.0,0.3330637613932292,0.0
baseline,200,img_XXX_(2149).png,True,1.0,0.0,0.0,0.99969482421875,0.0,0.00030517578125,0.99969482421875,1.0,0.99969482421875,0.0,0.0,0.0,0.0,0.0,0.0,0.3332316080729167,0.0
baseline,200,img_XXX_(2176).png,True,1.0,0.0,0.0,0.9998321533203125,0.0,0.0001678466796875,0.9998321533203125,1.0,0.9998321533203125,0.0,0.0,0.0,0.0,0.0,0.0,0.3332773844401042,0.0
baseline,200,img_XXX_(2308).png,True,1.0,0.0,0.0,0.9999542236328125,0.0,4.57763671875e-05,0.9999542236328125,1.0,0.9999542236328125,0.0,0.0,0.0,0.0,0.0,0.0,0.3333180745442708,0.0
baseline,200,img_XXX_(2372).png,True,1.0,0.0,0.0,0.9997711181640625,0.0,0.0002288818359375,0.9997711181640625,1.0,0.9997711181640625,0.0,0.0,0.0,0.0,0.0,0.0,0.3332570393880208,0.0
baseline,200,img_XXX_(2494).png,True,1.0,0.0,0.0,0.99749755859375,0.0,0.00250244140625,0.99749755859375,1.0,0.99749755859375,0.0,0.0,0.0,0.0,0.0,0.0,0.3324991861979167,0.0
baseline,200,img_XXX_(2513).png,True,1.0,0.0,0.0,0.994110107421875,0.0,0.005889892578125,0.994110107421875,1.0,0.994110107421875,0.0,0.0,0.0,0.0,0.0,0.0,0.3313700358072917,0.0
baseline,200,img_XXX_(2521).png,True,1.0,0.0,0.0,0.993316650390625,0.0,0.006683349609375,0.993316650390625,1.0,0.993316650390625,0.0,0.0,0.0,0.0,0.0,0.0,0.3311055501302083,0.0
baseline,200,img_XXX_(2534).png,True,1.0,0.0,0.0,0.991973876953125,0.0,0.008026123046875,0.991973876953125,1.0,0.991973876953125,0.0,0.0,0.0,0.0,0.0,0.0,0.330657958984375,0.0
baseline,200,img_XXX_(2951).png,True,1.0,0.0,0.0,0.9986724853515625,0.0,0.0013275146484375,0.9986724853515625,1.0,0.9986724853515625,0.0,0.0,0.0,0.0,0.0,0.0,0.3328908284505208,0.0
baseline,200,img_XXX_(2974).png,True,1.0,0.0,0.0,0.9991455078125,0.0,0.0008544921875,0.9991455078125,1.0,0.9991455078125,0.0,0.0,0.0,0.0,0.0,0.0,0.3330485026041667,0.0
baseline,200,img_XXX_(2986).png,True,1.0,0.0,0.0,0.99896240234375,0.0,0.00103759765625,0.99896240234375,1.0,0.99896240234375,0.0,0.0,0.0,0.0,0.0,0.0,0.3329874674479167,0.0
baseline,200,img_XXX_(3037).png,True,1.0,0.0,0.0,0.9885101318359375,0.0,0.0114898681640625,0.9885101318359375,1.0,0.9885101318359375,0.0,0.0,0.0,0.0,0.0,0.0,0.3295033772786458,0.0
baseline,200,img_XXX_(3103).png,True,1.0,0.0,0.0,0.9420013427734375,0.0258636474609375,0.032135009765625,0.9420013427734375,1.0,0.9420013427734375,0.0,0.0,0.0,0.0,0.0,0.0,0.3140004475911458,0.0
baseline,200,img_XXX_(3149).png,True,1.0,0.0,0.0,0.9490203857421875,0.018829345703125,0.0321502685546875,0.9490203857421875,1.0,0.9490203857421875,0.0,0.0,0.0,0.0,0.0,0.0,0.3163401285807292,0.0
baseline,200,img_XXX_(3250).png,True,1.0,0.0,0.0,0.9517974853515625,0.0160369873046875,0.03216552734375,0.9517974853515625,1.0,0.9517974853515625,0.0,0.0,0.0,0.0,0.0,0.0,0.3172658284505208,0.0
baseline,200,img_XXX_(3355).png,True,1.0,0.0,0.0,0.957855224609375,0.0085296630859375,0.0336151123046875,0.957855224609375,1.0,0.957855224609375,0.0,0.0,0.0,0.0,0.0,0.0,0.3192850748697917,0.0
baseline,200,img_XXX_(3359).png,True,1.0,0.0,0.0,0.958465576171875,0.0077056884765625,0.0338287353515625,0.958465576171875,1.0,0.958465576171875,0.0,0.0,0.0,0.0,0.0,0.0,0.319488525390625,0.0
baseline,200,img_XXX_(3422).png,True,1.0,0.0,0.0,0.958343505859375,0.0073699951171875,0.0342864990234375,0.958343505859375,1.0,0.958343505859375,0.0,0.0,0.0,0.0,0.0,0.0,0.3194478352864583,0.0
baseline,200,img_XXX_(3430).png,True,1.0,0.0,0.0,0.958221435546875,0.00738525390625,0.034393310546875,0.958221435546875,1.0,0.958221435546875,0.0,0.0,0.0,0.0,0.0,0.0,0.3194071451822917,0.0
baseline,200,img_XXX_(3431).png,True,1.0,0.0,0.0,0.9586029052734375,0.0069580078125,0.0344390869140625,0.9586029052734375,1.0,0.9586029052734375,0.0,0.0,0.0,0.0,0.0,0.0,0.3195343017578125,0.0
baseline,200,img_XXX_(3517).png,True,1.0,0.0,0.0,0.9974212646484375,0.0,0.0025787353515625,0.9974212646484375,1.0,0.9974212646484375,0.0,0.0,0.0,0.0,0.0,0.0,0.3324737548828125,0.0
baseline,200,img_XXX_(3649).png,True,1.0,0.0,0.0,0.996246337890625,0.0,0.003753662109375,0.996246337890625,1.0,0.996246337890625,0.0,0.0,0.0,0.0,0.0,0.0,0.3320821126302083,0.0
baseline,200,img_XXX_(3660).png,True,1.0,0.0,0.0,0.9961700439453125,0.0,0.0038299560546875,0.9961700439453125,1.0,0.9961700439453125,0.0,0.0,0.0,0.0,0.0,0.0,0.3320566813151042,0.0
baseline,200,img_XXX_(3726).png,True,1.0,0.0,0.0,0.9970855712890625,0.0,0.0029144287109375,0.9970855712890625,1.0,0.9970855712890625,0.0,0.0,0.0,0.0,0.0,0.0,0.3323618570963542,0.0
baseline,200,img_XXX_(4107).png,True,1.0,0.0,0.0,0.9987640380859375,0.0,0.0012359619140625,0.9987640380859375,1.0,0.9987640380859375,0.0,0.0,0.0,0.0,0.0,0.0,0.3329213460286458,0.0
baseline,200,img_XXX_(4150).png,True,1.0,0.0,0.0,0.99896240234375,0.0,0.00103759765625,0.99896240234375,1.0,0.99896240234375,0.0,0.0,0.0,0.0,0.0,0.0,0.3329874674479167,0.0
baseline,200,img_XXX_(4169).png,True,1.0,0.0,0.0,0.998992919921875,0.0,0.001007080078125,0.998992919921875,1.0,0.998992919921875,0.0,0.0,0.0,0.0,0.0,0.0,0.3329976399739583,0.0
baseline,200,img_XXX_(48182).png,False,0.9258270263671875,0.0443878173828125,0.02978515625,1.0,0.0,0.0,0.9258270263671875,0.9258270263671875,1.0,0.0,0.0,0.0,0.0,0.0,0.0,0.3086090087890625,0.0
baseline,200,img_XXX_(48229).png,False,0.882568359375,0.086669921875,0.03076171875,1.0,0.0,0.0,0.882568359375,0.882568359375,1.0,0.0,0.0,0.0,0.0,0.0,0.0,0.294189453125,0.0
baseline,200,img_XXX_(48262).png,False,0.8213043212890625,0.1498565673828125,0.028839111328125,1.0,0.0,0.0,0.8213043212890625,0.8213043212890625,1.0,0.0,0.0,0.0,0.0,0.0,0.0,0.2737681070963542,0.0
baseline,200,img_XXX_(48358).png,False,0.971343994140625,0.0,0.028656005859375,1.0,0.0,0.0,0.971343994140625,0.971343994140625,1.0,0.0,0.0,0.0,0.0,0.0,0.0,0.3237813313802083,0.0
baseline,200,img_XXX_(48376).png,False,0.970306396484375,0.0,0.029693603515625,1.0,0.0,0.0,0.970306396484375,0.970306396484375,1.0,0.0,0.0,0.0,0.0,0.0,0.0,0.3234354654947917,0.0
baseline,200,img_XXX_(48462).png,False,0.9704132080078125,0.0,0.0295867919921875,1.0,0.0,0.0,0.9704132080078125,0.9704132080078125,1.0,0.0,0.0,0.0,0.0,0.0,0.0,0.3234710693359375,0.0
baseline,200,img_XXX_(48576).png,False,0.96942138671875,0.0,0.03057861328125,1.0,0.0,0.0,0.96942138671875,0.96942138671875,1.0,0.0,0.0,0.0,0.0,0.0,0.0,0.3231404622395833,0.0
baseline,200,img_XXX_(48597).png,False,0.9718475341796875,0.0,0.0281524658203125,1.0,0.0,0.0,0.9718475341796875,0.9718475341796875,1.0,0.0,0.0,0.0,0.0,0.0,0.0,0.3239491780598958,0.0
baseline,200,img_XXX_(48683).png,False,0.97235107421875,0.0,0.02764892578125,1.0,0.0,0.0,0.97235107421875,0.97235107421875,1.0,0.0,0.0,0.0,0.0,0.0,0.0,0.3241170247395833,0.0
baseline,200,img_XXX_(49053).png,False,0.9226226806640625,0.046295166015625,0.0310821533203125,1.0,0.0,0.0,0.9226226806640625,0.9226226806640625,1.0,0.0,0.0,0.0,0.0,0.0,0.0,0.3075408935546875,0.0
baseline,200,img_XXX_(49154).png,False,0.939483642578125,0.029571533203125,0.03094482421875,1.0,0.0,0.0,0.939483642578125,0.939483642578125,1.0,0.0,0.0,0.0,0.0,0.0,0.0,0.3131612141927083,0.0
baseline,200,img_XXX_(49316).png,False,0.943267822265625,0.0260009765625,0.030731201171875,1.0,0.0,0.0,0.943267822265625,0.943267822265625,1.0,0.0,0.0,0.0,0.0,0.0,0.0,0.314422607421875,0.0
baseline,200,img_XXX_(49324).png,False,0.9494781494140625,0.01904296875,0.0314788818359375,1.0,0.0,0.0,0.9494781494140625,0.9494781494140625,1.0,0.0,0.0,0.0,0.0,0.0,0.0,0.3164927164713542,0.0
baseline,200,img_XXX_(49344).png,False,0.9382781982421875,0.0307769775390625,0.03094482421875,1.0,0.0,0.0,0.9382781982421875,0.9382781982421875,1.0,0.0,0.0,0.0,0.0,0.0,0.0,0.3127593994140625,0.0
baseline,200,img_XXX_(49351).png,False,0.9677581787109375,0.0,0.0322418212890625,1.0,0.0,0.0,0.9677581787109375,0.9677581787109375,1.0,0.0,0.0,0.0,0.0,0.0,0.0,0.3225860595703125,0.0
baseline,200,img_XXX_(49373).png,False,0.89801025390625,0.069122314453125,0.032867431640625,1.0,0.0,0.0,0.89801025390625,0.89801025390625,1.0,0.0,0.0,0.0,0.0,0.0,0.0,0.2993367513020833,0.0
baseline,200,img_XXX_(49393).png,False,0.969390869140625,0.0,0.030609130859375,1.0,0.0,0.0,0.969390869140625,0.969390869140625,1.0,0.0,0.0,0.0,0.0,0.0,0.0,0.3231302897135417,0.0
baseline,200,img_XXX_(49434).png,False,0.9662933349609375,0.0,0.0337066650390625,1.0,0.0,0.0,0.9662933349609375,0.9662933349609375,1.0,0.0,0.0,0.0,0.0,0.0,0.0,0.3220977783203125,0.0
baseline,200,img_XXX_(49456).png,False,0.9686126708984375,0.0,0.0313873291015625,1.0,0.0,0.0,0.9686126708984375,0.9686126708984375,1.0,0.0,0.0,0.0,0.0,0.0,0.0,0.3228708902994792,0.0
baseline,200,img_XXX_(49581).png,False,0.96954345703125,0.0,0.03045654296875,1.0,0.0,0.0,0.96954345703125,0.96954345703125,1.0,0.0,0.0,0.0,0.0,0.0,0.0,0.32318115234375,0.0
baseline,200,img_XXX_(49613).png,False,0.97003173828125,0.0,0.02996826171875,1.0,0.0,0.0,0.97003173828125,0.97003173828125,1.0,0.0,0.0,0.0,0.0,0.0,0.0,0.3233439127604167,0.0
baseline,200,img_XXX_(49673).png,False,0.9740142822265625,0.0,0.0259857177734375,1.0,0.0,0.0,0.9740142822265625,0.9740142822265625,1.0,0.0,0.0,0.0,0.0,0.0,0.0,0.3246714274088542,0.0
baseline,200,img_XXX_(49731).png,False,0.9710845947265625,0.0,0.0289154052734375,1.0,0.0,0.0,0.9710845947265625,0.9710845947265625,1.0,0.0,0.0,0.0,0.0,0.0,0.0,0.3236948649088542,0.0
baseline,200,img_XXX_(49766).png,False,0.96990966796875,0.0,0.03009033203125,1.0,0.0,0.0,0.96990966796875,0.96990966796875,1.0,0.0,0.0,0.0,0.0,0.0,0.0,0.32330322265625,0.0
baseline,200,img_XXX_(49872).png,False,0.9656524658203125,0.0073089599609375,0.02703857421875,1.0,0.0,0.0,0.9656524658203125,0.9656524658203125,1.0,0.0,0.0,0.0,0.0,0.0,0.0,0.3218841552734375,0.0
baseline,200,img_XXX_(50185).png,False,0.9013214111328125,0.0332183837890625,0.065460205078125,0.9997100830078125,0.0,0.0002899169921875,0.9014086656593868,0.9014912160202696,0.9998984238771607,0.0,0.0,0.0,0.003026070763500931,0.6842105263157895,0.0030303030303030303,0.3014782454742959,0.0015130353817504655
baseline,200,img_XXX_(50271).png,False,0.904571533203125,0.0301971435546875,0.0652313232421875,0.9993438720703125,0.0,0.0006561279296875,0.9047873477238726,0.9049669430320798,0.9997807091528625,0.0,0.0,0.0,0.006996268656716418,0.6976744186046512,0.007017543859649123,0.303927872126863,0.003498134328358209
baseline,200,img_XXX_(50274).png,False,0.9035491943359375,0.0352783203125,0.0611724853515625,0.999542236328125,0.0,0.000457763671875,0.9039339307249606,0.9039477299789332,0.999983112387064,0.0,0.0,0.0,0.007231920199501247,0.9666666666666667,0.007233724120728361,0.30372195030815397,0.0036159600997506237
baseline,200,img_XXX_(50396).png,False,0.780731201171875,0.1357421875,0.083526611328125,0.9996185302734375,0.0,0.0003814697265625,0.7810291401444033,0.7810291401444033,1.0,0.0,0.0,0.0,0.0,0.0,0.0,0.2603430467148011,0.0
baseline,200,img_XXX_(50410).png,False,0.7238006591796875,0.1797027587890625,0.09649658203125,1.0,0.0,0.0,0.7238006591796875,0.7238006591796875,1.0,0.0,0.0,0.0,0.0,0.0,0.0,0.24126688639322916,0.0
baseline,200,img_XXX_(50427).png,False,0.726104736328125,0.2053985595703125,0.0684967041015625,0.9999847412109375,0.0,1.52587890625e-05,0.7260894775390625,0.7261005569542992,0.9999789854158786,0.0,0.0,0.0,0.0,0.0,0.0,0.24202982584635416,0.0
baseline,200,img_XXX_(50473).png,False,0.6545867919921875,0.246917724609375,0.0984954833984375,1.0,0.0,0.0,0.6545867919921875,0.6545867919921875,1.0,0.0,0.0,0.0,0.0,0.0,0.0,0.21819559733072916,0.0
baseline,200,img_XXX_(50484).png,False,0.734832763671875,0.17132568359375,0.093841552734375,1.0,0.0,0.0,0.734832763671875,0.734832763671875,1.0,0.0,0.0,0.0,0.0,0.0,0.0,0.24494425455729166,0.0
baseline,200,img_XXX_(50554).png,False,0.6790924072265625,0.23468017578125,0.0862274169921875,0.9999237060546875,0.0,7.62939453125e-05,0.6791442218186813,0.6791442218186813,1.0,0.0,0.0,0.0,0.0,0.0,0.0,0.22638140727289377,0.0
baseline,200,img_XXX_(50657).png,False,0.53546142578125,0.36529541015625,0.0992431640625,0.9997711181640625,0.0,0.0002288818359375,0.5355840112330398,0.5355840112330398,1.0,0.0,0.0,0.0,0.0016902274124154886,0.7333333333333333,0.0016912669126691268,0.17909141288181843,0.0008451137062077443
baseline,200,img_XXX_(50671).png,False,0.53802490234375,0.364593505859375,0.097381591796875,0.99993896484375,0.0,6.103515625e-05,0.5380577427821522,0.5380577427821522,1.0,0.0,0.0,0.0,0.0006267627702914447,1.0,0.0006267627702914447,0.17956150185081457,0.00031338138514572234
baseline,200,img_XXX_(50672).png,False,0.5467071533203125,0.3545989990234375,0.09869384765625,0.999969482421875,0.0,3.0517578125e-05,0.5467238380077517,0.5467238380077517,1.0,0.0,0.0,0.0,0.00030921459492888067,1.0,0.00030921459492888067,0.1823443508675602,0.00015460729746444033
baseline,200,img_XXX_(50803).png,False,0.6017913818359375,0.295379638671875,0.1028289794921875,0.999725341796875,0.0,0.000274658203125,0.6019567141854147,0.6019567141854147,1.0,0.0,0.0,0.0,0.002671019439085918,1.0,0.002671019439085918,0.20154257787483357,0.001335509719542959
baseline,200,img_XXX_(50816).png,False,0.5553436279296875,0.3322296142578125,0.1124267578125,0.99993896484375,0.0,6.103515625e-05,0.5553775254837331,0.5553775254837331,1.0,0.0,0.0,0.0,0.0005428881650380022,1.0,0.0005428881650380022,0.18530680454959036,0.0002714440825190011
baseline,200,img_XXX_(50865).png,False,0.662200927734375,0.222412109375,0.115386962890625,0.99969482421875,0.0,0.00030517578125,0.6624030771109347,0.6624030771109347,1.0,0.0,0.0,0.0,0.0026448029621793175,1.0,0.0026448029621793175,0.221682626691038,0.0013224014810896587
baseline,200,img_XXX_(51279).png,False,0.235687255859375,0.6944732666015625,0.0698394775390625,0.9997406005859375,0.0,0.0002593994140625,0.23574840885849907,0.23574840885849907,1.0,0.0,0.0,0.0,0.0032758244158113126,0.8823529411764706,0.003277255844439589,0.07967474442477013,0.0016379122079056563
baseline,200,img_XXX_(51321).png,False,0.221160888671875,0.7079620361328125,0.0708770751953125,1.0,0.0,0.0,0.221160888671875,0.221160888671875,1.0,0.0,0.0,0.0,0.0,0.0,0.0,0.07372029622395833,0.0
baseline,200,img_XXX_(51381).png,False,0.07025146484375,0.8871917724609375,0.0425567626953125,0.999664306640625,0.0,0.000335693359375,0.07027505571328266,0.07027505571328266,1.0,0.0,0.0,0.0,0.0014250089063056644,0.18181818181818182,0.0014342058085335247,0.023900021539862773,0.0007125044531528322
baseline,200,img_XXX_(51536).png,False,0.130218505859375,0.8443756103515625,0.0254058837890625,1.0,0.0,0.0,0.130218505859375,0.130218505859375,1.0,0.0,0.0,0.0,0.0,0.0,0.0,0.043406168619791664,0.0
baseline,200,img_XXX_(51546).png,False,0.12371826171875,0.8492431640625,0.02703857421875,0.9999542236328125,0.0,4.57763671875e-05,0.12372392535058672,0.12372392535058672,1.0,0.0,0.0,0.0,0.001693002257336343,1.0,0.001693002257336343,0.04180564253597436,0.0008465011286681715
baseline,200,img_XXX_(51578).png,False,0.0728759765625,0.9017181396484375,0.0254058837890625,1.0,0.0,0.0,0.0728759765625,0.0728759765625,1.0,0.0,0.0,0.0,0.0,0.0,0.0,0.0242919921875,0.0
baseline,200,img_XXX_(51611).png,False,0.0528564453125,0.92181396484375,0.02532958984375,1.0,0.0,0.0,0.0528564453125,0.0528564453125,1.0,0.0,0.0,0.0,0.0,0.0,0.0,0.017618815104166668,0.0
baseline,200,img_XXX_(51639).png,False,0.0882568359375,0.887176513671875,0.024566650390625,1.0,0.0,0.0,0.0882568359375,0.0882568359375,1.0,0.0,0.0,0.0,0.0,0.0,0.0,0.0294189453125,0.0
baseline,200,img_XXX_(51762).png,False,0.254638671875,0.66162109375,0.083740234375,1.0,0.0,0.0,0.254638671875,0.254638671875,1.0,0.0,0.0,0.0,0.0,0.0,0.0,0.08487955729166667,0.0
baseline,200,img_XXX_(51866).png,False,0.26263427734375,0.6544189453125,0.08294677734375,0.999847412109375,0.0,0.000152587890625,0.2626743582699997,0.2626743582699997,1.0,0.0,0.0,0.0,0.000735023888276369,0.4,0.0007358351729212656,0.08780312738609201,0.0003675119441381845
baseline,200,img_XXX_(51903).png,False,0.21405029296875,0.6995391845703125,0.0864105224609375,0.99993896484375,0.0,6.103515625e-05,0.21406335835927487,0.21406335835927487,1.0,0.0,0.0,0.0,0.00017649135192375574,0.25,0.0001765848490199541,0.07141328323706621,8.824567596187787e-05
baseline,200,img_XXX_(51942).png,False,0.1991729736328125,0.7121124267578125,0.088714599609375,0.9998321533203125,0.0,0.0001678466796875,0.1992064097672644,0.1992064097672644,1.0,0.0,0.0,0.0,0.0013752793536187038,0.7272727272727273,0.0013759889920880633,0.06686056304029436,0.0006876396768093519
baseline,200,img_XXX_(51948).png,False,0.1454620361328125,0.764312744140625,0.0902252197265625,0.9999542236328125,0.0,4.57763671875e-05,0.1454686951612165,0.1454686951612165,1.0,0.0,0.0,0.0,0.00033818058843422386,0.6666666666666666,0.00033823778116015557,0.04860229191655024,0.00016909029421711193
baseline,200,img_XXX_(51950).png,False,0.2035980224609375,0.7050018310546875,0.091400146484375,0.999969482421875,0.0,3.0517578125e-05,0.20360423596911525,0.20360423596911525,1.0,0.0,0.0,0.0,0.00016691704223001168,0.5,0.0001669449081803005,0.06792371767044843,8.345852111500584e-05
baseline,200,img_XXX_(51993).png,False,0.244110107421875,0.6771392822265625,0.0787506103515625,0.999969482421875,0.0,3.0517578125e-05,0.24411755729850154,0.24411755729850154,1.0,0.0,0.0,0.0,0.00038752179810114316,1.0,0.00038752179810114316,0.0815016930322009,0.00019376089905057158
baseline,200,img_XXX_(52031).png,False,0.2314910888671875,0.6881866455078125,0.080322265625,0.999908447265625,0.0,9.1552734375e-05,0.2315122844498703,0.2315122844498703,1.0,0.0,0.0,0.0,0.00037965072133637056,0.3333333333333333,0.00037993920972644377,0.07729731172373555,0.00018982536066818528
baseline,200,img_XXX_(52259).png,False,0.3029022216796875,0.6017913818359375,0.095306396484375,0.9994049072265625,0.0,0.0005950927734375,0.3030825839351421,0.3030825839351421,1.0,0.0,0.0,0.0,0.006243996157540826,1.0,0.006243996157540826,0.10310886003089431,0.003121998078770413
baseline,200,img_XXX_(52373).png,False,0.71661376953125,0.2161407470703125,0.0672454833984375,0.9999237060546875,0.0,7.62939453125e-05,0.7165374755859375,0.7165921472280294,0.9998935354739801,0.0,0.0,0.0,0.0,0.0,0.0,0.2388458251953125,0.0
baseline,200,img_XXX_(52502).png,False,0.7601165771484375,0.17730712890625,0.0625762939453125,0.9999237060546875,0.0,7.62939453125e-05,0.760174573865804,0.760174573865804,1.0,0.0,0.0,0.0,0.00121921482565228,1.0,0.00121921482565228,0.25379792956381875,0.00060960741282614
baseline,200,img_XXX_(52558).png,False,0.814849853515625,0.122039794921875,0.0631103515625,0.99664306640625,0.0,0.00335693359375,0.8152044279991437,0.8162777879845673,0.9983895734242163,0.0,0.0,0.0,0.03173851255329228,0.6090909090909091,0.03239845261121857,0.28231431351747865,0.01586925627664614
baseline,200,img_XXX_(52811).png,False,0.9082489013671875,0.03564453125,0.0561065673828125,0.9978179931640625,0.0,0.0021820068359375,0.9076678731235015,0.9088893306623033,0.9985215798934866,0.0,0.0,0.0,0.014608233731739707,0.38461538461538464,0.014957846070165896,0.30742536895174705,0.0073041168658698535
baseline,200,img_XXX_(52812).png,False,0.8903961181640625,0.054840087890625,0.0547637939453125,0.9977874755859375,0.0,0.0022125244140625,0.8898561348849996,0.8910400513832178,0.9985090740835947,0.0,0.0,0.0,0.015778019586507073,0.4,0.016160490387294512,0.30187805149050223,0.007889009793253536
baseline,200,img_XXX_(52855).png,False,0.9364166259765625,0.0086822509765625,0.054901123046875,0.999420166015625,0.0,0.000579833984375,0.9363981867301616,0.936669821979297,0.9996903974319282,0.0,0.0,0.0,0.005252972076306331,0.5,0.0052807115063924406,0.313883719602156,0.0026264860381531654
baseline,200,img_XXX_(52914).png,False,0.9436492919921875,0.005828857421875,0.0505218505859375,1.0,0.0,0.0,0.9436492919921875,0.9436492919921875,1.0,0.0,0.0,0.0,0.0,0.0,0.0,0.3145497639973958,0.0
baseline,200,img_XXX_(53024).png,False,0.9295196533203125,0.015625,0.0548553466796875,0.9999542236328125,0.0,4.57763671875e-05,0.929562205301146,0.929562205301146,1.0,0.0,0.0,0.0,0.0008344923504867872,1.0,0.0008344923504867872,0.31013223255054423,0.0004172461752433936
baseline,200,img_XXX_(53046).png,False,0.925506591796875,0.016845703125,0.057647705078125,0.99993896484375,0.0,6.103515625e-05,0.925563083684307,0.925563083684307,1.0,0.0,0.0,0.0,0.0010587612493382743,1.0,0.0010587612493382743,0.30887394831121506,0.0005293806246691371
baseline,200,img_XXX_(53137).png,False,0.918731689453125,0.0205535888671875,0.0607147216796875,0.999969482421875,0.0,3.0517578125e-05,0.9187304493781948,0.9187444685201575,0.9999833914632121,0.0,0.0,0.0,0.0002512562814070352,0.5,0.00025131942699170643,0.30632723521986727,0.0001256281407035176
baseline,200,img_XXX_(53148).png,False,0.922210693359375,0.02044677734375,0.057342529296875,1.0,0.0,0.0,0.922210693359375,0.922210693359375,1.0,0.0,0.0,0.0,0.0,0.0,0.0,0.307403564453125,0.0
baseline,200,img_XXX_(53164).png,False,0.835540771484375,0.1023712158203125,0.0620880126953125,1.0,0.0,0.0,0.835540771484375,0.835540771484375,1.0,0.0,0.0,0.0,0.0,0.0,0.0,0.2785135904947917,0.0
baseline,200,img_XXX_(18323).png,False,0.036712646484375,0.801910400390625,0.161376953125,0.930572509765625,0.0,0.069427490234375,0.039451677434165215,0.039451677434165215,1.0,0.0,0.0,0.0,0.376216904740242,0.9087912087912088,0.39097957639939485,0.13855619405813574,0.188108452370121
baseline,200,img_XXX_(18538).png,False,0.0716400146484375,0.7637786865234375,0.164581298828125,0.925323486328125,0.0,0.074676513671875,0.07515221326312325,0.0753108406714818,0.9727369542066028,0.0,0.0,0.0,0.38957816377171217,0.898242746219861,0.40756536250695347,0.15491012567827847,0.19478908188585609
baseline,200,img_XXX_(18544).png,False,0.085418701171875,0.76202392578125,0.152557373046875,0.9260406494140625,0.0,0.0739593505859375,0.08883194533418749,0.08911005289261645,0.9660593068953197,0.0,0.0,0.0,0.40166178831082994,0.8776562822364349,0.4254850970194039,0.16349791121500581,0.20083089415541497
baseline,200,img_XXX_(18577).png,False,0.0586090087890625,0.7845458984375,0.1568450927734375,0.9335174560546875,0.0,0.0664825439453125,0.0587679731644168,0.05899083018682881,0.9395990627440771,0.0,0.0,0.0,0.36440756968397503,0.8971769566215285,0.38028991146998736,0.14105851428279728,0.18220378484198752
baseline,200,img_XXX_(18620).png,False,0.06585693359375,0.7730712890625,0.16107177734375,0.9397735595703125,1.52587890625e-05,0.060211181640625,0.06616517026611664,0.06640796246082904,0.9476367006487488,0.0,0.0,0.0,0.3288738202144232,0.9095286365940193,0.3399962106858659,0.1316796634935133,0.1644369101072116
baseline,200,img_XXX_(19166).png,False,0.0518646240234375,0.7961883544921875,0.151947021484375,0.9647369384765625,0.0,0.0352630615234375,0.05193021236283256,0.05202056148675366,0.9676375404530745,0.0,0.0,0.0,0.19024058983313932,0.8485504110774557,0.19692709379393453,0.08072360073199063,0.09512029491656966
baseline,200,img_XXX_(19222).png,False,0.0841064453125,0.762664794921875,0.153228759765625,0.9687652587890625,0.0,0.0312347412109375,0.08492138364779875,0.08506985462048544,0.9798621190130624,0.0,0.0,0.0,0.16655408665444368,0.8431851489985345,0.17187811192989444,0.08382515676741414,0.08327704332722184
baseline,200,img_XXX_(19274).png,False,0.0864715576171875,0.755126953125,0.1584014892578125,0.9665985107421875,0.0,0.0334014892578125,0.08789684416280463,0.0880231108024058,0.9839421210517029,0.0,0.0,0.0,0.17235590374930052,0.8442211055276382,0.17801753202966958,0.08675091597070171,0.08617795187465026
baseline,200,img_XXX_(19317).png,False,0.0378265380859375,0.8137664794921875,0.148406982421875,0.970947265625,0.0,0.029052734375,0.038582986411122455,0.03859693236107619,0.990722065348931,0.0,0.0,0.0,0.1636982189313588,0.8592436974789915,0.16820892453218178,0.06742706844749376,0.0818491094656794
baseline,200,img_XXX_(19318).png,False,0.049041748046875,0.7970428466796875,0.1539154052734375,0.9708709716796875,0.0,0.0291290283203125,0.05046361779035046,0.05046599713957911,0.9990665836963286,0.0,0.0,0.0,0.16319208765635607,0.8816134101623887,0.1668484187568157,0.07121856848223551,0.08159604382817803
baseline,200,img_XXX_(19336).png,False,0.03704833984375,0.813446044921875,0.149505615234375,0.976715087890625,0.0,0.023284912109375,0.0379315731916888,0.0379315731916888,1.0,0.0,0.0,0.0,0.1321735652869426,0.8663171690694627,0.13492549499897938,0.05670171282621047,0.0660867826434713
baseline,200,img_XXX_(19497).png,False,0.0,0.8441009521484375,0.1558990478515625,0.9766693115234375,0.0,0.0233306884765625,0.0,0.0,0.0,0.0,0.0,0.0,0.11919961886612673,0.8181818181818182,0.12244298717823236,0.03973320628870891,0.05959980943306337
baseline,200,img_XXX_(19503).png,False,0.0,0.843292236328125,0.156707763671875,0.977081298828125,0.0,0.022918701171875,0.0,0.0,0.0,0.0,0.0,0.0,0.11604095563139932,0.8149134487350199,0.11918208373904576,0.038680318543799774,0.05802047781569966
baseline,200,img_XXX_(19509).png,False,0.0,0.8439483642578125,0.1560516357421875,0.9809112548828125,0.0,0.0190887451171875,0.0,0.0,0.0,0.0,0.0,0.0,0.09700850616457996,0.8113509192645884,0.09924709103353867,0.03233616872152665,0.04850425308228998
baseline,200,img_XXX_(19512).png,False,0.0,0.8382110595703125,0.1617889404296875,0.976898193359375,0.0,0.023101806640625,0.0,0.0,0.0,0.0,0.0,0.0,0.11935334872979214,0.8533685601056803,0.1218523059511459,0.03978444957659738,0.05967667436489607
baseline,200,img_XXX_(19521).png,False,0.0,0.8374176025390625,0.1625823974609375,0.97723388671875,0.0,0.02276611328125,0.0,0.0,0.0,0.0,0.0,0.0,0.11830233842754558,0.8612600536193029,0.12060065696855936,0.03943411280918186,0.05915116921377279
baseline,200,img_XXX_(19572).png,False,0.0,0.8397979736328125,0.1602020263671875,0.9768524169921875,0.0,0.0231475830078125,0.0,0.0,0.0,0.0,0.0,0.0,0.12016407196793139,0.8497033618984838,0.12277359748547481,0.04005469065597713,0.06008203598396569
baseline,200,img_XXX_(19601).png,False,0.018218994140625,0.8277587890625,0.154022216796875,0.956817626953125,0.0,0.043182373046875,0.018683841346766993,0.018690396453289956,0.981574539363484,0.0,0.0,0.0,0.23745691306013023,0.8763250883392226,0.2456905092133941,0.08538025146896575,0.11872845653006511
baseline,200,img_XXX_(19620).png,False,0.022216796875,0.820587158203125,0.157196044921875,0.953521728515625,0.0,0.046478271484375,0.0231851128854185,0.023187710033605376,0.9951923076923077,0.0,0.0,0.0,0.2542755121217816,0.8883782009192384,0.2626674432149097,0.09248687500240003,0.1271377560608908
baseline,200,img_XXX_(19630).png,False,0.0321197509765625,0.8137054443359375,0.1541748046875,0.9616241455078125,0.0,0.0383758544921875,0.03327039933998636,0.03327462274479935,0.9961995249406176,0.0,0.0,0.0,0.20883226362678417,0.8667992047713717,0.21575613618368963,0.08070088765559018,0.10441613181339209
baseline,200,img_XXX_(19728).png,False,0.022979736328125,0.831085205078125,0.14593505859375,0.968536376953125,9.1552734375e-05,0.0313720703125,0.023629489603024575,0.023631723225257587,0.9960159362549801,0.0,0.0,0.0,0.16972015300986512,0.8200389105058365,0.17628607277289837,0.06444988087096323,0.08486007650493256
baseline,200,img_XXX_(20103).png,False,0.0533599853515625,0.7691497802734375,0.177490234375,0.9470672607421875,0.0,0.0529327392578125,0.0562402332737261,0.05624567000177228,0.9982842436374035,0.0,0.0,0.0,0.2478102792926789,0.8645142692418565,0.2578232462173315,0.10135017085546834,0.12390513964633945
baseline,200,img_XXX_(20113).png,False,0.0677337646484375,0.7671356201171875,0.165130615234375,0.9610595703125,0.0,0.0389404296875,0.07024032508968539,0.07025593801600406,0.9968461365172336,0.0,0.0,0.0,0.20032310177705978,0.8746081504702194,0.20624653483644428,0.09018780895558172,0.10016155088852989
baseline,200,img_XXX_(20168).png,False,0.038604736328125,0.8365631103515625,0.1248321533203125,0.998077392578125,0.0,0.001922607421875,0.038679101054884577,0.038679101054884577,1.0,0.0,0.0,0.0,0.013914317099963384,0.9047619047619048,0.013934726806013934,0.01753113938494932,0.006957158549981692
baseline,200,img_XXX_(20194).png,False,0.0548553466796875,0.769378662109375,0.1757659912109375,0.9999847412109375,0.0,1.52587890625e-05,0.054856183718623636,0.054856183718623636,1.0,0.0,0.0,0.0,8.681309141418526e-05,1.0,8.681309141418526e-05,0.01831433227001261,4.340654570709263e-05
baseline,200,img_XXX_(20195).png,False,0.0654144287109375,0.748291015625,0.1862945556640625,1.0,0.0,0.0,0.0654144287109375,0.0654144287109375,1.0,0.0,0.0,0.0,0.0,0.0,0.0,0.0218048095703125,0.0
baseline,200,img_XXX_(20339).png,False,0.46923828125,0.3868560791015625,0.1439056396484375,0.983917236328125,0.0,0.016082763671875,0.47590118711837087,0.47622592351353865,0.9985691987513007,0.0,0.0,0.0,0.09974826935179358,0.9022770398481973,0.10083766302619022,0.19188315215672147,0.04987413467589679
baseline,200,img_XXX_(20367).png,False,0.47784423828125,0.386993408203125,0.135162353515625,0.984283447265625,0.0,0.015716552734375,0.48466866023148075,0.48493163426657987,0.9988823604547197,0.0,0.0,0.0,0.10492792490781093,0.9116504854368932,0.10600587039963874,0.19653219504643055,0.052463962453905465
baseline,200,img_XXX_(20382).png,False,0.4635162353515625,0.3988189697265625,0.137664794921875,0.9856414794921875,0.0,0.0143585205078125,0.46944964490724267,0.46971127796269063,0.9988148928465616,0.0,0.0,0.0,0.09243421052631579,0.895855472901169,0.09343826202615828,0.1872946184778528,0.04621710526315789
baseline,200,img_XXX_(20400).png,False,0.3951263427734375,0.46575927734375,0.1391143798828125,0.991729736328125,0.0,0.008270263671875,0.3976042563660967,0.3978367233898514,0.998532535238463,0.0,0.0,0.0,0.04920703888768194,0.8357933579335793,0.04968739717012175,0.1489370984179262,0.02460351944384097
baseline,200,img_XXX_(53262).png,False,0.915618896484375,0.014312744140625,0.070068359375,1.0,0.0,0.0,0.915618896484375,0.915618896484375,1.0,0.0,0.0,0.0,0.0,0.0,0.0,0.305206298828125,0.0
baseline,200,img_XXX_(53364).png,False,0.82928466796875,0.063720703125,0.10699462890625,0.9980316162109375,0.0,0.0019683837890625,0.8299410164726017,0.8303851269741771,0.9993560020607934,0.0,0.0,0.0,0.012907801418439717,0.7054263565891473,0.012977752424415288,0.28094960596368046,0.0064539007092198585
baseline,200,img_XXX_(53385).png,False,0.83331298828125,0.0394134521484375,0.1272735595703125,0.99761962890625,0.0,0.00238037109375,0.8333664379898853,0.8342459467727134,0.9987365414194682,0.0,0.0,0.0,0.010344827586206896,0.5576923076923077,0.01043040402829397,0.28123708852536405,0.005172413793103448
baseline,200,img_XXX_(24138).png,False,0.1840057373046875,0.67681884765625,0.1391754150390625,0.999176025390625,0.0,0.000823974609375,0.1840489860737845,0.18406585015729512,0.9995024463056639,0.0,0.0,0.0,0.003499945313354479,0.5925925925925926,0.003508387238241421,0.06251631046237967,0.0017499726566772395
baseline,200,img_XXX_(24144).png,False,0.170989990234375,0.6842803955078125,0.1447296142578125,0.999114990234375,0.0,0.000885009765625,0.171052028770826,0.17106509056476984,0.9995538104586829,0.0,0.0,0.0,0.0033645252865103564,0.5517241379310345,0.0033737480231945177,0.05813885135244545,0.0016822626432551782
baseline,200,img_XXX_(24153).png,False,0.21002197265625,0.6642608642578125,0.1257171630859375,0.99932861328125,0.0,0.00067138671875,0.21008916575058018,0.21010199719049655,0.999709386806161,0.0,0.0,0.0,0.003513448025199903,0.6590909090909091,0.0035198446413399684,0.07120087125859335,0.0017567240125999516
baseline,200,img_XXX_(24418).png,False,0.06121826171875,0.8034515380859375,0.1353302001953125,0.9396820068359375,0.0,0.0603179931640625,0.06507866919966876,0.06508289625383629,0.9990029910269193,0.0,0.0,0.0,0.2865743527995184,0.7224892486718948,0.32202052091554856,0.11721767399972904,0.1432871763997592
baseline,200,img_XXX_(24435).png,False,0.0631256103515625,0.7896575927734375,0.147216796875,0.9454345703125,0.0,0.0545654296875,0.06675166637078161,0.06675274370561653,0.9997582789460963,0.0,0.0,0.0,0.25405405405405407,0.7491610738255033,0.2776741293532338,0.10693524014161189,0.12702702702702703
baseline,200,img_XXX_(24488).png,False,0.0882415771484375,0.77520751953125,0.1365509033203125,0.9472808837890625,0.0,0.0527191162109375,0.09060521325490953,0.09081683606900662,0.9749265087324918,0.0,0.0,0.0,0.251664984863774,0.7218523878437048,0.27869035646440943,0.11409006603956116,0.125832492431887
baseline,200,img_XXX_(24542).png,False,0.148590087890625,0.7132110595703125,0.1381988525390625,0.9496917724609375,0.0,0.0503082275390625,0.1537918984338682,0.15414772088240491,0.9852125693160814,0.0,0.0,0.0,0.24486094316807738,0.7370336669699727,0.2683007618416694,0.13288428053398185,0.12243047158403869
baseline,200,img_XXX_(24555).png,False,0.1713714599609375,0.674285888671875,0.1543426513671875,0.949249267578125,0.0,0.050750732421875,0.17761849785132447,0.17805819000160747,0.9862879529872673,0.0,0.0,0.0,0.2378891140173144,0.7766085387853278,0.255363321799308,0.13850253728954628,0.1189445570086572
baseline,200,img_XXX_(24618).png,False,0.14404296875,0.6995391845703125,0.1564178466796875,0.93756103515625,0.0,0.06243896484375,0.15118148599269185,0.15150380834581081,0.9861228813559322,0.0,0.0,0.0,0.29018620131330397,0.7883675464320625,0.31470100478002144,0.14712256243533195,0.14509310065665199
baseline,200,img_XXX_(24912).png,False,0.0620880126953125,0.77252197265625,0.1653900146484375,0.9510498046875,0.0,0.0489501953125,0.06248799846380337,0.06265241945834937,0.9596952568198575,0.0,0.0,0.0,0.21893439777854912,0.7864713216957606,0.23277055078881817,0.0938074654141175,0.10946719888927456
baseline,200,img_XXX_(24913).png,False,0.0604705810546875,0.774139404296875,0.1653900146484375,0.95196533203125,0.0,0.04803466796875,0.06029275464220653,0.06047637366160159,0.9520565228362352,0.0,0.0,0.0,0.21647242998782396,0.7906607369758577,0.2296337300488975,0.0922550615433435,0.10823621499391198
baseline,200,img_XXX_(24927).png,False,0.0612945556640625,0.7694549560546875,0.16925048828125,0.9553680419921875,0.0,0.0446319580078125,0.06190233329083259,0.06203382792161122,0.96689071446353,0.0,0.0,0.0,0.2019379180243526,0.8051282051282052,0.21231518211323477,0.08794675043839506,0.1009689590121763
baseline,200,img_XXX_(24988).png,False,0.066162109375,0.7734222412109375,0.1604156494140625,0.9420318603515625,0.0,0.0579681396484375,0.065659172284765,0.06594100782350941,0.9388837638376384,0.0,0.0,0.0,0.2572030920590302,0.7707291392471703,0.2785123180823742,0.10762075478126507,0.1286015460295151
baseline,200,img_XXX_(25136).png,False,0.0706329345703125,0.7498321533203125,0.179534912109375,0.929534912109375,0.0,0.070465087890625,0.07067951649787652,0.07102990905807807,0.9347591272413048,0.0,0.0,0.0,0.287645394530022,0.7925508878302295,0.31106578276389596,0.11944163700929951,0.143822697265011
baseline,200,img_XXX_(25176).png,False,0.09259033203125,0.749481201171875,0.157928466796875,0.9252166748046875,0.0,0.0747833251953125,0.09299010290358524,0.0935928094334955,0.9352340145023071,0.0,0.0,0.0,0.3179225717248531,0.7506631299734748,0.35545893719806765,0.13697089154281278,0.15896128586242655
baseline,200,img_XXX_(25208).png,False,0.1195831298828125,0.7191314697265625,0.161285400390625,0.9231414794921875,0.0,0.0768585205078125,0.12068484838545682,0.1216383741880031,0.9390072731912722,0.0,0.0,0.0,0.3545391425099809,0.8109986102838992,0.38647114474929045,0.1584079969651459,0.17726957125499046
baseline,200,img_XXX_(25221).png,False,0.1194610595703125,0.7215728759765625,0.158966064453125,0.9300079345703125,0.0,0.0699920654296875,0.12160597511456107,0.12234819275131667,0.952484353046366,0.0,0.0,0.0,0.33023049645390073,0.8120776106387617,0.3575542330581686,0.15061215718948728,0.16511524822695037
baseline,200,img_XXX_(25229).png,False,0.1039886474609375,0.728179931640625,0.1678314208984375,0.929443359375,0.0,0.070556640625,0.1075914175443187,0.10800827423167848,0.9653705062362435,0.0,0.0,0.0,0.3173960704949827,0.8140138408304498,0.34221292844804074,0.14166249601310046,0.15869803524749135
baseline,200,img_XXX_(25272).png,False,0.11212158203125,0.7184906005859375,0.1693878173828125,0.9398345947265625,0.0,0.0601654052734375,0.11412595549378626,0.11465588622083678,0.9610778443113772,0.0,0.0,0.0,0.2700717602363867,0.8113111843773776,0.28817223673542924,0.12806590524339098,0.13503588011819334
baseline,200,img_XXX_(25280).png,False,0.1290130615234375,0.7148590087890625,0.1561279296875,0.941619873046875,0.0,0.058380126953125,0.1294528596494052,0.13031923513206936,0.9511531638083974,0.0,0.0,0.0,0.2654604374831218,0.7707788813382123,0.28821344800625487,0.13163776571084235,0.1327302187415609
baseline,200,img_XXX_(25328).png,False,0.171417236328125,0.658355712890625,0.17022705078125,0.9374847412109375,0.0,0.0625152587890625,0.17569119764450844,0.17676068946434675,0.9667082072280577,0.0,0.0,0.0,0.28079603661096647,0.8162069807175982,0.2997490139835066,0.15216241141849163,0.14039801830548324
baseline,200,img_XXX_(46606).png,False,0.9687652587890625,0.0,0.0312347412109375,1.0,0.0,0.0,0.9687652587890625,0.9687652587890625,1.0,0.0,0.0,0.0,0.0,0.0,0.0,0.3229217529296875,0.0
baseline,200,img_XXX_(46623).png,False,0.96893310546875,0.0,0.03106689453125,1.0,0.0,0.0,0.96893310546875,0.96893310546875,1.0,0.0,0.0,0.0,0.0,0.0,0.0,0.3229777018229167,0.0
baseline,200,img_XXX_(46691).png,False,0.96826171875,0.0,0.03173828125,1.0,0.0,0.0,0.96826171875,0.96826171875,1.0,0.0,0.0,0.0,0.0,0.0,0.0,0.32275390625,0.0
baseline,200,img_XXX_(46776).png,False,0.9703826904296875,0.0,0.0296173095703125,1.0,0.0,0.0,0.9703826904296875,0.9703826904296875,1.0,0.0,0.0,0.0,0.0,0.0,0.0,0.3234608968098958,0.0
baseline,200,img_XXX_(46937).png,False,0.919464111328125,0.0445709228515625,0.0359649658203125,1.0,0.0,0.0,0.919464111328125,0.919464111328125,1.0,0.0,0.0,0.0,0.0,0.0,0.0,0.306488037109375,0.0
baseline,200,img_XXX_(46956).png,False,0.9223175048828125,0.04364013671875,0.0340423583984375,1.0,0.0,0.0,0.9223175048828125,0.9223175048828125,1.0,0.0,0.0,0.0,0.0,0.0,0.0,0.3074391682942708,0.0
baseline,200,img_XXX_(46967).png,False,0.9164276123046875,0.048309326171875,0.0352630615234375,1.0,0.0,0.0,0.9164276123046875,0.9164276123046875,1.0,0.0,0.0,0.0,0.0,0.0,0.0,0.3054758707682292,0.0
baseline,200,img_XXX_(47028).png,False,0.88665771484375,0.07550048828125,0.037841796875,1.0,0.0,0.0,0.88665771484375,0.88665771484375,1.0,0.0,0.0,0.0,0.0,0.0,0.0,0.2955525716145833,0.0
baseline,200,img_XXX_(47076).png,False,0.493377685546875,0.471160888671875,0.03546142578125,1.0,0.0,0.0,0.493377685546875,0.493377685546875,1.0,0.0,0.0,0.0,0.0,0.0,0.0,0.164459228515625,0.0
baseline,200,img_XXX_(47221).png,False,0.9420013427734375,0.0205230712890625,0.0374755859375,1.0,0.0,0.0,0.9420013427734375,0.9420013427734375,1.0,0.0,0.0,0.0,0.0,0.0,0.0,0.3140004475911458,0.0
baseline,200,img_XXX_(47243).png,False,0.9639434814453125,0.0,0.0360565185546875,1.0,0.0,0.0,0.9639434814453125,0.9639434814453125,1.0,0.0,0.0,0.0,0.0,0.0,0.0,0.3213144938151042,0.0
baseline,200,img_XXX_(47249).png,False,0.965240478515625,0.0,0.034759521484375,1.0,0.0,0.0,0.965240478515625,0.965240478515625,1.0,0.0,0.0,0.0,0.0,0.0,0.0,0.321746826171875,0.0
baseline,200,img_XXX_(47267).png,False,0.965301513671875,0.0,0.034698486328125,1.0,0.0,0.0,0.965301513671875,0.965301513671875,1.0,0.0,0.0,0.0,0.0,0.0,0.0,0.3217671712239583,0.0
baseline,200,img_XXX_(47383).png,False,0.9616241455078125,0.0,0.0383758544921875,1.0,0.0,0.0,0.9616241455078125,0.9616241455078125,1.0,0.0,0.0,0.0,0.0,0.0,0.0,0.3205413818359375,0.0
baseline,200,img_XXX_(47394).png,False,0.963714599609375,0.0,0.036285400390625,1.0,0.0,0.0,0.963714599609375,0.963714599609375,1.0,0.0,0.0,0.0,0.0,0.0,0.0,0.3212381998697917,0.0
baseline,200,img_XXX_(47490).png,False,0.9560394287109375,0.0,0.0439605712890625,1.0,0.0,0.0,0.9560394287109375,0.9560394287109375,1.0,0.0,0.0,0.0,0.0,0.0,0.0,0.3186798095703125,0.0
baseline,200,img_XXX_(47566).png,False,0.9523468017578125,0.0056304931640625,0.042022705078125,1.0,0.0,0.0,0.9523468017578125,0.9523468017578125,1.0,0.0,0.0,0.0,0.0,0.0,0.0,0.3174489339192708,0.0
baseline,200,img_XXX_(47581).png,False,0.9590606689453125,0.0050811767578125,0.035858154296875,1.0,0.0,0.0,0.9590606689453125,0.9590606689453125,1.0,0.0,0.0,0.0,0.0,0.0,0.0,0.3196868896484375,0.0
baseline,200,img_XXX_(47598).png,False,0.943267822265625,0.01556396484375,0.041168212890625,1.0,0.0,0.0,0.943267822265625,0.943267822265625,1.0,0.0,0.0,0.0,0.0,0.0,0.0,0.314422607421875,0.0
baseline,200,img_XXX_(47777).png,False,0.9504241943359375,0.02117919921875,0.0283966064453125,1.0,0.0,0.0,0.9504241943359375,0.9504241943359375,1.0,0.0,0.0,0.0,0.0,0.0,0.0,0.3168080647786458,0.0
baseline,200,img_XXX_(47850).png,False,0.969512939453125,0.0004425048828125,0.0300445556640625,1.0,0.0,0.0,0.969512939453125,0.969512939453125,1.0,0.0,0.0,0.0,0.0,0.0,0.0,0.3231709798177083,0.0
baseline,200,img_XXX_(47890).png,False,0.96527099609375,0.0054931640625,0.02923583984375,1.0,0.0,0.0,0.96527099609375,0.96527099609375,1.0,0.0,0.0,0.0,0.0,0.0,0.0,0.3217569986979167,0.0
baseline,200,img_XXX_(47932).png,False,0.971038818359375,0.0,0.028961181640625,1.0,0.0,0.0,0.971038818359375,0.971038818359375,1.0,0.0,0.0,0.0,0.0,0.0,0.0,0.3236796061197917,0.0
baseline,200,img_XXX_(48021).png,False,0.9703826904296875,0.0,0.0296173095703125,1.0,0.0,0.0,0.9703826904296875,0.9703826904296875,1.0,0.0,0.0,0.0,0.0,0.0,0.0,0.3234608968098958,0.0
baseline,200,img_XXX_(48050).png,False,0.97149658203125,0.0,0.02850341796875,1.0,0.0,0.0,0.97149658203125,0.97149658203125,1.0,0.0,0.0,0.0,0.0,0.0,0.0,0.3238321940104167,0.0
baseline,200,img_XXX_(48102).png,False,0.9710235595703125,0.0,0.0289764404296875,1.0,0.0,0.0,0.9710235595703125,0.9710235595703125,1.0,0.0,0.0,0.0,0.0,0.0,0.0,0.3236745198567708,0.0
baseline,200,img_XXX_(46538).png,False,0.969757080078125,0.0,0.030242919921875,1.0,0.0,0.0,0.969757080078125,0.969757080078125,1.0,0.0,0.0,0.0,0.0,0.0,0.0,0.3232523600260417,0.0
baseline,201,img_XXX_(378).png,True,1.0,0.0,0.0,0.78424072265625,0.2063751220703125,0.0093841552734375,0.78424072265625,1.0,0.78424072265625,0.0,0.0,0.0,0.0,0.0,0.0,0.26141357421875,0.0
baseline,201,img_XXX_(384).png,True,1.0,0.0,0.0,0.795623779296875,0.194366455078125,0.010009765625,0.795623779296875,1.0,0.795623779296875,0.0,0.0,0.0,0.0,0.0,0.0,0.2652079264322917,0.0
baseline,201,img_XXX_(763).png,True,1.0,0.0,0.0,0.8299407958984375,0.1499176025390625,0.0201416015625,0.8299407958984375,1.0,0.8299407958984375,0.0,0.0,0.0,0.0,0.0,0.0,0.2766469319661458,0.0
baseline,201,img_XXX_(792).png,True,1.0,0.0,0.0,0.814422607421875,0.1650848388671875,0.0204925537109375,0.814422607421875,1.0,0.814422607421875,0.0,0.0,0.0,0.0,0.0,0.0,0.2714742024739583,0.0
baseline,201,img_XXX_(865).png,True,1.0,0.0,0.0,0.757659912109375,0.2218475341796875,0.0204925537109375,0.757659912109375,1.0,0.757659912109375,0.0,0.0,0.0,0.0,0.0,0.0,0.2525533040364583,0.0
baseline,201,img_XXX_(885).png,True,1.0,0.0,0.0,0.7602386474609375,0.220367431640625,0.0193939208984375,0.7602386474609375,1.0,0.7602386474609375,0.0,0.0,0.0,0.0,0.0,0.0,0.2534128824869792,0.0
baseline,201,img_XXX_(938).png,True,1.0,0.0,0.0,0.784637451171875,0.195892333984375,0.01947021484375,0.784637451171875,1.0,0.784637451171875,0.0,0.0,0.0,0.0,0.0,0.0,0.2615458170572917,0.0
baseline,201,img_XXX_(955).png,True,1.0,0.0,0.0,0.79937744140625,0.1816558837890625,0.0189666748046875,0.79937744140625,1.0,0.79937744140625,0.0,0.0,0.0,0.0,0.0,0.0,0.2664591471354167,0.0
baseline,201,img_XXX_(1010).png,True,1.0,0.0,0.0,0.671722412109375,0.2841796875,0.044097900390625,0.671722412109375,1.0,0.671722412109375,0.0,0.0,0.0,0.0,0.0,0.0,0.223907470703125,0.0
baseline,201,img_XXX_(1037).png,True,1.0,0.0,0.0,0.62884521484375,0.3267364501953125,0.0444183349609375,0.62884521484375,1.0,0.62884521484375,0.0,0.0,0.0,0.0,0.0,0.0,0.20961507161458334,0.0
baseline,201,img_XXX_(1181).png,True,1.0,0.0,0.0,0.6466827392578125,0.30792236328125,0.0453948974609375,0.6466827392578125,1.0,0.6466827392578125,0.0,0.0,0.0,0.0,0.0,0.0,0.2155609130859375,0.0
baseline,201,img_XXX_(1226).png,True,1.0,0.0,0.0,0.65948486328125,0.2950439453125,0.04547119140625,0.65948486328125,1.0,0.65948486328125,0.0,0.0,0.0,0.0,0.0,0.0,0.21982828776041666,0.0
baseline,201,img_XXX_(1234).png,True,1.0,0.0,0.0,0.6617889404296875,0.2937164306640625,0.04449462890625,0.6617889404296875,1.0,0.6617889404296875,0.0,0.0,0.0,0.0,0.0,0.0,0.2205963134765625,0.0
baseline,201,img_XXX_(1270).png,True,1.0,0.0,0.0,0.767669677734375,0.20703125,0.025299072265625,0.767669677734375,1.0,0.767669677734375,0.0,0.0,0.0,0.0,0.0,0.0,0.255889892578125,0.0
baseline,201,img_XXX_(1303).png,True,1.0,0.0,0.0,0.8251190185546875,0.1569671630859375,0.017913818359375,0.8251190185546875,1.0,0.8251190185546875,0.0,0.0,0.0,0.0,0.0,0.0,0.2750396728515625,0.0
baseline,201,img_XXX_(1546).png,True,1.0,0.0,0.0,0.6426849365234375,0.3393707275390625,0.0179443359375,0.6426849365234375,1.0,0.6426849365234375,0.0,0.0,0.0,0.0,0.0,0.0,0.21422831217447916,0.0
baseline,201,img_XXX_(1614).png,True,1.0,0.0,0.0,0.7612152099609375,0.2299957275390625,0.0087890625,0.7612152099609375,1.0,0.7612152099609375,0.0,0.0,0.0,0.0,0.0,0.0,0.2537384033203125,0.0
baseline,201,img_XXX_(1721).png,True,1.0,0.0,0.0,0.446807861328125,0.5448455810546875,0.0083465576171875,0.446807861328125,1.0,0.446807861328125,0.0,0.0,0.0,0.0,0.0,0.0,0.14893595377604166,0.0
baseline,201,img_XXX_(1937).png,True,1.0,0.0,0.0,0.735076904296875,0.2373504638671875,0.0275726318359375,0.735076904296875,1.0,0.735076904296875,0.0,0.0,0.0,0.0,0.0,0.0,0.245025634765625,0.0
baseline,201,img_XXX_(1949).png,True,1.0,0.0,0.0,0.7354278564453125,0.2365875244140625,0.027984619140625,0.7354278564453125,1.0,0.7354278564453125,0.0,0.0,0.0,0.0,0.0,0.0,0.24514261881510416,0.0
baseline,201,img_XXX_(1988).png,True,1.0,0.0,0.0,0.7353973388671875,0.2357177734375,0.0288848876953125,0.7353973388671875,1.0,0.7353973388671875,0.0,0.0,0.0,0.0,0.0,0.0,0.2451324462890625,0.0
baseline,201,img_XXX_(2077).png,True,1.0,0.0,0.0,0.734771728515625,0.2369232177734375,0.0283050537109375,0.734771728515625,1.0,0.734771728515625,0.0,0.0,0.0,0.0,0.0,0.0,0.24492390950520834,0.0
baseline,201,img_XXX_(2125).png,True,1.0,0.0,0.0,0.7325897216796875,0.239654541015625,0.0277557373046875,0.7325897216796875,1.0,0.7325897216796875,0.0,0.0,0.0,0.0,0.0,0.0,0.24419657389322916,0.0
baseline,201,img_XXX_(2149).png,True,1.0,0.0,0.0,0.726348876953125,0.24346923828125,0.030181884765625,0.726348876953125,1.0,0.726348876953125,0.0,0.0,0.0,0.0,0.0,0.0,0.24211629231770834,0.0
baseline,201,img_XXX_(2176).png,True,1.0,0.0,0.0,0.7343292236328125,0.2380218505859375,0.02764892578125,0.7343292236328125,1.0,0.7343292236328125,0.0,0.0,0.0,0.0,0.0,0.0,0.24477640787760416,0.0
baseline,201,img_XXX_(2308).png,True,1.0,0.0,0.0,0.7222442626953125,0.244720458984375,0.0330352783203125,0.7222442626953125,1.0,0.7222442626953125,0.0,0.0,0.0,0.0,0.0,0.0,0.24074808756510416,0.0
baseline,201,img_XXX_(2372).png,True,1.0,0.0,0.0,0.718505859375,0.2486724853515625,0.0328216552734375,0.718505859375,1.0,0.718505859375,0.0,0.0,0.0,0.0,0.0,0.0,0.239501953125,0.0
baseline,201,img_XXX_(2494).png,True,1.0,0.0,0.0,0.9547882080078125,0.0418243408203125,0.003387451171875,0.9547882080078125,1.0,0.9547882080078125,0.0,0.0,0.0,0.0,0.0,0.0,0.3182627360026042,0.0
baseline,201,img_XXX_(2513).png,True,1.0,0.0,0.0,0.96014404296875,0.033111572265625,0.006744384765625,0.96014404296875,1.0,0.96014404296875,0.0,0.0,0.0,0.0,0.0,0.0,0.3200480143229167,0.0
baseline,201,img_XXX_(2521).png,True,1.0,0.0,0.0,0.9657135009765625,0.0250244140625,0.0092620849609375,0.9657135009765625,1.0,0.9657135009765625,0.0,0.0,0.0,0.0,0.0,0.0,0.3219045003255208,0.0
baseline,201,img_XXX_(2534).png,True,1.0,0.0,0.0,0.968475341796875,0.0192413330078125,0.0122833251953125,0.968475341796875,1.0,0.968475341796875,0.0,0.0,0.0,0.0,0.0,0.0,0.3228251139322917,0.0
baseline,201,img_XXX_(2951).png,True,1.0,0.0,0.0,0.997314453125,0.0004730224609375,0.0022125244140625,0.997314453125,1.0,0.997314453125,0.0,0.0,0.0,0.0,0.0,0.0,0.3324381510416667,0.0
baseline,201,img_XXX_(2974).png,True,1.0,0.0,0.0,0.9976806640625,0.0005645751953125,0.0017547607421875,0.9976806640625,1.0,0.9976806640625,0.0,0.0,0.0,0.0,0.0,0.0,0.3325602213541667,0.0
baseline,201,img_XXX_(2986).png,True,1.0,0.0,0.0,0.9952239990234375,0.0037994384765625,0.0009765625,0.9952239990234375,1.0,0.9952239990234375,0.0,0.0,0.0,0.0,0.0,0.0,0.3317413330078125,0.0
baseline,201,img_XXX_(3037).png,True,1.0,0.0,0.0,0.7991790771484375,0.143218994140625,0.0576019287109375,0.7991790771484375,1.0,0.7991790771484375,0.0,0.0,0.0,0.0,0.0,0.0,0.2663930257161458,0.0
baseline,201,img_XXX_(3103).png,True,1.0,0.0,0.0,0.400390625,0.5373077392578125,0.0623016357421875,0.400390625,1.0,0.400390625,0.0,0.0,0.0,0.0,0.0,0.0,0.13346354166666666,0.0
baseline,201,img_XXX_(3149).png,True,1.0,0.0,0.0,0.41015625,0.5269317626953125,0.0629119873046875,0.41015625,1.0,0.41015625,0.0,0.0,0.0,0.0,0.0,0.0,0.13671875,0.0
baseline,201,img_XXX_(3250).png,True,1.0,0.0,0.0,0.4301300048828125,0.5061187744140625,0.063751220703125,0.4301300048828125,1.0,0.4301300048828125,0.0,0.0,0.0,0.0,0.0,0.0,0.14337666829427084,0.0
baseline,201,img_XXX_(3355).png,True,1.0,0.0,0.0,0.4529266357421875,0.4820556640625,0.0650177001953125,0.4529266357421875,1.0,0.4529266357421875,0.0,0.0,0.0,0.0,0.0,0.0,0.15097554524739584,0.0
baseline,201,img_XXX_(3359).png,True,1.0,0.0,0.0,0.4520416259765625,0.4828338623046875,0.06512451171875,0.4520416259765625,1.0,0.4520416259765625,0.0,0.0,0.0,0.0,0.0,0.0,0.1506805419921875,0.0
baseline,201,img_XXX_(3422).png,True,1.0,0.0,0.0,0.4395294189453125,0.4952545166015625,0.065216064453125,0.4395294189453125,1.0,0.4395294189453125,0.0,0.0,0.0,0.0,0.0,0.0,0.14650980631510416,0.0
baseline,201,img_XXX_(3430).png,True,1.0,0.0,0.0,0.4370269775390625,0.4972076416015625,0.065765380859375,0.4370269775390625,1.0,0.4370269775390625,0.0,0.0,0.0,0.0,0.0,0.0,0.1456756591796875,0.0
baseline,201,img_XXX_(3431).png,True,1.0,0.0,0.0,0.4364013671875,0.49786376953125,0.06573486328125,0.4364013671875,1.0,0.4364013671875,0.0,0.0,0.0,0.0,0.0,0.0,0.14546712239583334,0.0
baseline,201,img_XXX_(3517).png,True,1.0,0.0,0.0,0.960296630859375,0.0025634765625,0.037139892578125,0.960296630859375,1.0,0.960296630859375,0.0,0.0,0.0,0.0,0.0,0.0,0.320098876953125,0.0
baseline,201,img_XXX_(3649).png,True,1.0,0.0,0.0,0.97894287109375,0.00152587890625,0.01953125,0.97894287109375,1.0,0.97894287109375,0.0,0.0,0.0,0.0,0.0,0.0,0.3263142903645833,0.0
baseline,201,img_XXX_(3660).png,True,1.0,0.0,0.0,0.9785308837890625,0.0019683837890625,0.019500732421875,0.9785308837890625,1.0,0.9785308837890625,0.0,0.0,0.0,0.0,0.0,0.0,0.3261769612630208,0.0
baseline,201,img_XXX_(3726).png,True,1.0,0.0,0.0,0.9762725830078125,0.0012664794921875,0.0224609375,0.9762725830078125,1.0,0.9762725830078125,0.0,0.0,0.0,0.0,0.0,0.0,0.3254241943359375,0.0
baseline,201,img_XXX_(4107).png,True,1.0,0.0,0.0,0.975250244140625,0.0020294189453125,0.0227203369140625,0.975250244140625,1.0,0.975250244140625,0.0,0.0,0.0,0.0,0.0,0.0,0.3250834147135417,0.0
baseline,201,img_XXX_(4150).png,True,1.0,0.0,0.0,0.9746856689453125,0.001922607421875,0.0233917236328125,0.9746856689453125,1.0,0.9746856689453125,0.0,0.0,0.0,0.0,0.0,0.0,0.3248952229817708,0.0
baseline,201,img_XXX_(4169).png,True,1.0,0.0,0.0,0.9746246337890625,0.001922607421875,0.0234527587890625,0.9746246337890625,1.0,0.9746246337890625,0.0,0.0,0.0,0.0,0.0,0.0,0.3248748779296875,0.0
baseline,201,img_XXX_(48182).png,False,0.9258270263671875,0.0443878173828125,0.02978515625,0.9997406005859375,0.0,0.0002593994140625,0.9257733217354148,0.9259146201865108,0.999835187474248,0.0,0.0,0.0,0.003567787971457696,0.4117647058823529,0.003586065573770492,0.30978036990229085,0.001783893985728848
baseline,201,img_XXX_(48229).png,False,0.882568359375,0.086669921875,0.03076171875,0.9996795654296875,0.0,0.0003204345703125,0.8822479248046875,0.8825307181561475,0.9996369294605809,0.0,0.0,0.0,0.0,0.0,0.0,0.2940826416015625,0.0
baseline,201,img_XXX_(48262).png,False,0.8213043212890625,0.1498565673828125,0.028839111328125,0.9995574951171875,0.0,0.0004425048828125,0.8210007477377119,0.8213015402934037,0.9995541105434278,0.0,0.0,0.0,0.002612330198537095,0.1724137931034483,0.0026455026455026454,0.27453769264541633,0.0013061650992685476
baseline,201,img_XXX_(48358).png,False,0.971343994140625,0.0,0.028656005859375,0.996063232421875,0.0,0.003936767578125,0.9751830632065933,0.9751830632065933,1.0,0.0,0.0,0.0,0.13738019169329074,1.0,0.13738019169329074,0.37085441829996135,0.06869009584664537
baseline,201,img_XXX_(48376).png,False,0.970306396484375,0.0,0.029693603515625,0.998992919921875,0.0,0.001007080078125,0.9712544485344656,0.9712692836413624,0.9999842742569587,0.0,0.0,0.0,0.03338469440164355,0.9848484848484849,0.03340184994861254,0.3348797143120364,0.016692347200821776
baseline,201,img_XXX_(48462).png,False,0.9704132080078125,0.0,0.0295867919921875,0.9986114501953125,0.000244140625,0.0011444091796875,0.9712504964712352,0.9715027886011154,0.9997326917936381,0.0,0.0,0.0,0.03814432989690722,0.9866666666666667,0.038164002062919034,0.33646494212271416,0.01907216494845361
baseline,201,img_XXX_(48576).png,False,0.96942138671875,0.0,0.03057861328125,0.9980926513671875,0.0,0.0019073486328125,0.9712739447493541,0.9712739447493541,1.0,0.0,0.0,0.0,0.062375249500998,1.0,0.062375249500998,0.344549731416784,0.031187624750499
baseline,201,img_XXX_(48597).png,False,0.9718475341796875,0.0,0.0281524658203125,0.9987335205078125,0.0,0.0012664794921875,0.9730799199425542,0.9730799199425542,1.0,0.0,0.0,0.0,0.044986449864498644,1.0,0.044986449864498644,0.33935545660235095,0.022493224932249322
baseline,201,img_XXX_(48683).png,False,0.97235107421875,0.0,0.02764892578125,0.9996490478515625,0.0,0.0003509521484375,0.972692442721292,0.972692442721292,1.0,0.0,0.0,0.0,0.012693156732891833,1.0,0.012693156732891833,0.3284618664847279,0.0063465783664459164
baseline,201,img_XXX_(49053).png,False,0.9226226806640625,0.046295166015625,0.0310821533203125,0.9997100830078125,0.0,0.0002899169921875,0.9228902422272082,0.9228902422272082,1.0,0.0,0.0,0.0,0.009327442317133039,1.0,0.009327442317133039,0.31073922818144706,0.004663721158566519
baseline,201,img_XXX_(49154).png,False,0.939483642578125,0.029571533203125,0.03094482421875,0.9999542236328125,0.0,4.57763671875e-05,0.9395266506950697,0.9395266506950697,1.0,0.0,0.0,0.0,0.0014792899408284023,1.0,0.0014792899408284023,0.3136686468786327,0.0007396449704142012
baseline,201,img_XXX_(49316).png,False,0.943267822265625,0.0260009765625,0.030731201171875,0.9993743896484375,0.0,0.0006256103515625,0.9438583097946408,0.9438583097946408,1.0,0.0,0.0,0.0,0.02035749751737835,1.0,0.02035749751737835,0.3214052691040064,0.010178748758689175
baseline,201,img_XXX_(49324).png,False,0.9494781494140625,0.01904296875,0.0314788818359375,0.999725341796875,0.0,0.000274658203125,0.9497390030220703,0.9497390030220703,1.0,0.0,0.0,0.0,0.00872515753756665,1.0,0.00872515753756665,0.31948805351987897,0.004362578768783325
baseline,201,img_XXX_(49344).png,False,0.9382781982421875,0.0307769775390625,0.03094482421875,0.9995269775390625,0.0,0.0004730224609375,0.9387222349438974,0.9387222349438974,1.0,0.0,0.0,0.0,0.015285996055226824,1.0,0.015285996055226824,0.31800274366637477,0.007642998027613412
baseline,201,img_XXX_(49351).png,False,0.9677581787109375,0.0,0.0322418212890625,0.9993743896484375,0.0,0.0006256103515625,0.9683639972516986,0.9683639972516986,1.0,0.0,0.0,0.0,0.019403691433980123,1.0,0.019403691433980123,0.3292558962285596,0.009701845716990062
baseline,201,img_XXX_(49373).png,False,0.89801025390625,0.069122314453125,0.032867431640625,0.9990692138671875,0.0,0.0009307861328125,0.8988178874702181,0.8988316151202749,0.9999830082240195,0.0,0.0,0.0,0.027842227378190254,0.9836065573770492,0.027855153203342618,0.30888670494946946,0.013921113689095127
baseline,201,img_XXX_(49393).png,False,0.969390869140625,0.0,0.030609130859375,0.9991302490234375,0.0,0.0008697509765625,0.970144467181821,0.97018891553017,0.9999527782150165,0.0,0.0,0.0,0.02687904430064709,0.9473684210526315,0.026919242273180457,0.332341170494156,0.013439522150323544
baseline,201,img_XXX_(49434).png,False,0.9662933349609375,0.0,0.0337066650390625,0.9994964599609375,0.0,0.0005035400390625,0.9666000091590469,0.9666885486160939,0.9999052536832631,0.0,0.0,0.0,0.01218961625282167,0.8181818181818182,0.012222725215029425,0.32626320847062285,0.006094808126410835
baseline,201,img_XXX_(49456).png,False,0.9686126708984375,0.0,0.0313873291015625,0.9990692138671875,1.52587890625e-05,0.00091552734375,0.9692143238909674,0.9693623520427644,0.9998424675877061,0.0,0.0,0.0,0.024685382381413358,0.85,0.024793388429752067,0.3312999020907936,0.012342691190706679
baseline,201,img_XXX_(49581).png,False,0.96954345703125,0.0,0.03045654296875,0.99713134765625,0.0,0.00286865234375,0.9723327416294302,0.9723327416294302,1.0,0.0,0.0,0.0,0.09418837675350701,1.0,0.09418837675350701,0.35550703946097906,0.047094188376753505
baseline,201,img_XXX_(49613).png,False,0.97003173828125,0.0,0.02996826171875,0.9979248046875,0.0,0.0020751953125,0.9720489296636086,0.9720489296636086,1.0,0.0,0.0,0.0,0.06924643584521385,1.0,0.06924643584521385,0.34709845516960747,0.034623217922606926
baseline,201,img_XXX_(49673).png,False,0.9740142822265625,0.0,0.0259857177734375,0.9989471435546875,0.0,0.0010528564453125,0.9750408602807521,0.9750408602807521,1.0,0.0,0.0,0.0,0.040516735173223725,1.0,0.040516735173223725,0.3385191984846586,0.020258367586611863
baseline,201,img_XXX_(49731).png,False,0.9710845947265625,0.0,0.0289154052734375,0.99871826171875,0.0,0.00128173828125,0.9723308684226609,0.9723308684226609,1.0,0.0,0.0,0.0,0.04432717678100264,1.0,0.04432717678100264,0.33888601506788785,0.02216358839050132
baseline,201,img_XXX_(49766).png,False,0.96990966796875,0.0,0.03009033203125,0.9987030029296875,0.0,0.0012969970703125,0.9711692716688821,0.9711692716688821,1.0,0.0,0.0,0.0,0.04310344827586207,1.0,0.04310344827586207,0.33809090664824804,0.021551724137931036
baseline,201,img_XXX_(49872).png,False,0.9656524658203125,0.0073089599609375,0.02703857421875,0.9990997314453125,0.0,0.0009002685546875,0.9665225957206347,0.9665225957206347,1.0,0.0,0.0,0.0,0.03329571106094808,1.0,0.03329571106094808,0.33327276892719426,0.01664785553047404
baseline,201,img_XXX_(50185).png,False,0.9013214111328125,0.0332183837890625,0.065460205078125,0.998779296875,0.0,0.001220703125,0.9016676338535781,0.9020257883158153,0.9995598368010293,0.0,0.0,0.0,0.012511584800741427,0.675,0.012587412587412588,0.3047264062181065,0.006255792400370714
baseline,201,img_XXX_(50271).png,False,0.904571533203125,0.0301971435546875,0.0652313232421875,0.9995574951171875,0.0,0.0004425048828125,0.9041290283203125,0.9045292869464332,0.9995108127256166,0.0,0.0,0.0,0.0,0.0,0.0,0.3013763427734375,0.0
baseline,201,img_XXX_(50274).png,False,0.9035491943359375,0.0352783203125,0.0611724853515625,0.9998626708984375,0.0,0.0001373291015625,0.903411865234375,0.9035359470142079,0.9998480114835768,0.0,0.0,0.0,0.0,0.0,0.0,0.3011372884114583,0.0
baseline,201,img_XXX_(50396).png,False,0.780731201171875,0.1357421875,0.083526611328125,1.0,0.0,0.0,0.780731201171875,0.780731201171875,1.0,0.0,0.0,0.0,0.0,0.0,0.0,0.2602437337239583,0.0
baseline,201,img_XXX_(50410).png,False,0.7238006591796875,0.1797027587890625,0.09649658203125,0.999969482421875,0.0,3.0517578125e-05,0.7238227484969634,0.7238227484969634,1.0,0.0,0.0,0.0,0.00031625553447185326,1.0,0.00031625553447185326,0.24137966801047842,0.00015812776723592663
baseline,201,img_XXX_(50427).png,False,0.726104736328125,0.2053985595703125,0.0684967041015625,0.9997711181640625,0.0002288818359375,0.0,0.7262709665603394,0.7262709665603394,1.0,0.0011143302874972142,1.0,0.0011143302874972142,0.0,0.0,0.0,0.24246176561594554,0.0005571651437486071
baseline,201,img_XXX_(50473).png,False,0.6545867919921875,0.246917724609375,0.0984954833984375,0.9999847412109375,0.0,1.52587890625e-05,0.654571533203125,0.6545815213244831,0.9999766894333201,0.0,0.0,0.0,0.0,0.0,0.0,0.21819051106770834,0.0
baseline,201,img_XXX_(50484).png,False,0.734832763671875,0.17132568359375,0.093841552734375,1.0,0.0,0.0,0.734832763671875,0.734832763671875,1.0,0.0,0.0,0.0,0.0,0.0,0.0,0.24494425455729166,0.0
baseline,201,img_XXX_(50554).png,False,0.6790924072265625,0.23468017578125,0.0862274169921875,1.0,0.0,0.0,0.6790924072265625,0.6790924072265625,1.0,0.0,0.0,0.0,0.0,0.0,0.0,0.2263641357421875,0.0
baseline,201,img_XXX_(50657).png,False,0.53546142578125,0.36529541015625,0.0992431640625,0.9997406005859375,0.0,0.0002593994140625,0.5356003602008578,0.5356003602008578,1.0,0.0,0.0,0.0,0.0026137761377613778,1.0,0.0026137761377613778,0.17940471211287304,0.0013068880688806889
baseline,201,img_XXX_(50671).png,False,0.53802490234375,0.364593505859375,0.097381591796875,0.9998931884765625,0.0,0.0001068115234375,0.5380823757420379,0.5380823757420379,1.0,0.0,0.0,0.0,0.0010968348480100282,1.0,0.0010968348480100282,0.17972640353001595,0.0005484174240050141
baseline,201,img_XXX_(50672).png,False,0.5467071533203125,0.3545989990234375,0.09869384765625,0.999908447265625,0.0,9.1552734375e-05,0.5467572104379673,0.5467572104379673,1.0,0.0,0.0,0.0,0.0009276437847866419,1.0,0.0009276437847866419,0.1825616180742513,0.00046382189239332097
baseline,201,img_XXX_(50803).png,False,0.6017913818359375,0.295379638671875,0.1028289794921875,0.9994354248046875,0.0,0.0005645751953125,0.6021313302493168,0.6021313302493168,1.0,0.0,0.0,0.0,0.0054904288470099425,1.0,0.0054904288470099425,0.20254058636544223,0.0027452144235049713
baseline,201,img_XXX_(50816).png,False,0.5553436279296875,0.3322296142578125,0.1124267578125,0.999908447265625,0.0,9.1552734375e-05,0.5553707405655338,0.5553792156264307,0.9999725236983102,0.0,0.0,0.0,0.0006785181164337087,0.8333333333333334,0.0006786102062975027,0.18534975289398917,0.00033925905821685436
baseline,201,img_XXX_(50865).png,False,0.662200927734375,0.222412109375,0.115386962890625,0.99920654296875,0.0,0.00079345703125,0.6627267729521715,0.6627267729521715,1.0,0.0,0.0,0.0,0.006876487701666226,1.0,0.006876487701666226,0.2232010868846126,0.003438243850833113
baseline,201,img_XXX_(51279).png,False,0.235687255859375,0.6944732666015625,0.0698394775390625,0.9957122802734375,0.0040130615234375,0.000274658203125,0.23507445554858358,0.2353842617423952,0.9944322154603134,0.0025624739919840557,0.4448669201520912,0.002570694087403599,0.0021810250817884407,0.5555555555555556,0.002184837229626393,0.07993931820745202,0.0023717495368862484
baseline,201,img_XXX_(51321).png,False,0.221160888671875,0.7079620361328125,0.0708770751953125,0.998382568359375,0.001617431640625,0.0,0.22079151965052163,0.22092312394925875,0.9973092314060991,0.0013781519843235211,0.6037735849056604,0.001379399530142035,0.0,0.0,0.0,0.07405655721161505,0.0006890759921617606
baseline,201,img_XXX_(51381).png,False,0.07025146484375,0.8871917724609375,0.0425567626953125,0.9757843017578125,0.022857666015625,0.0013580322265625,0.058047289788862824,0.05881249120392813,0.8168983492615117,0.005546938224979768,0.21962616822429906,0.005658462755619765,0.021291696238467,0.6741573033707865,0.02151308712800287,0.0282953080841032,0.013419317231723384
baseline,201,img_XXX_(51536).png,False,0.130218505859375,0.8443756103515625,0.0254058837890625,0.9969482421875,0.000701904296875,0.002349853515625,0.1293898206613971,0.12953042732949677,0.9916803374736348,0.000704683434518647,0.8478260869565217,0.0007047725753112745,0.05205320994794679,0.5844155844155844,0.05405405405405406,0.06071590468128751,0.026378946691232717
baseline,201,img_XXX_(51546).png,False,0.12371826171875,0.8492431640625,0.02703857421875,0.9964141845703125,0.0010528564453125,0.002532958984375,0.12302843942662199,0.12315278479655747,0.9918598914652196,0.001113845822179904,0.8985507246376812,0.001113985913468449,0.05843801201529219,0.6445783132530121,0.06038374717832957,0.06086009908803136,0.029775928918736046
baseline,201,img_XXX_(51578).png,False,0.0728759765625,0.9017181396484375,0.0254058837890625,0.9964141845703125,0.0012054443359375,0.00238037109375,0.07221873709013571,0.07228066951501508,0.9882747068676717,0.0013368305271173535,1.0,0.0013368305271173535,0.05810575246949448,0.6410256410256411,0.06006006006006006,0.04388710669558252,0.029721291498305918
baseline,201,img_XXX_(51611).png,False,0.0528564453125,0.92181396484375,0.02532958984375,0.997314453125,0.00054931640625,0.00213623046875,0.052274290956348904,0.05231028151774786,0.9870092378752887,0.0005959080977289281,1.0,0.0005959080977289281,0.05571847507331378,0.6785714285714286,0.0572289156626506,0.03619622470913054,0.028157191585521355
baseline,201,img_XXX_(51639).png,False,0.0882568359375,0.887176513671875,0.024566650390625,0.9955902099609375,0.001953125,0.0024566650390625,0.08753100407263374,0.0876208867840667,0.9884163208852006,0.0022015066561177805,1.0,0.0022015066561177805,0.0547945205479452,0.5714285714285714,0.05714285714285714,0.04817567709223224,0.02849801360203149
baseline,201,img_XXX_(51762).png,False,0.254638671875,0.66162109375,0.083740234375,0.998992919921875,0.0009918212890625,1.52587890625e-05,0.25489537192607303,0.25489537192607303,1.0,0.0014990774907749078,1.0,0.0014990774907749078,0.00018221574344023323,1.0,0.00018221574344023323,0.08552555505342939,0.0008406466171075706
baseline,201,img_XXX_(51866).png,False,0.26263427734375,0.6544189453125,0.08294677734375,0.9934539794921875,0.00634765625,0.0001983642578125,0.2640735849636068,0.2641344248698297,0.9991285149895421,0.009158490829857147,0.9447115384615384,0.009163402350307779,0.0016544117647058823,0.6923076923076923,0.0016556291390728477,0.0916288291860566,0.005406451297281514
baseline,201,img_XXX_(51903).png,False,0.21405029296875,0.6995391845703125,0.0864105224609375,0.99261474609375,0.0068817138671875,0.0005035400390625,0.21554944125920347,0.21556600873147636,0.9996435700028514,0.009573238545914473,0.9733924611973392,0.009575744355982114,0.004231311706629055,0.7272727272727273,0.004238036376478898,0.07645133050391567,0.006902275126271764
baseline,201,img_XXX_(51942).png,False,0.1991729736328125,0.7121124267578125,0.088714599609375,0.9914398193359375,0.0077667236328125,0.00079345703125,0.20083720643910247,0.20084647941515968,0.9997701677775224,0.010733337618098849,0.9842829076620825,0.010735177526837943,0.007730630475863254,0.8653846153846154,0.007739938080495356,0.07310039151102152,0.009231984046981051
baseline,201,img_XXX_(51948).png,False,0.1454620361328125,0.764312744140625,0.0902252197265625,0.9939422607421875,0.0055999755859375,0.000457763671875,0.1463485776570104,0.1463485776570104,1.0,0.007125748502994012,0.9727520435967303,0.007127171092034338,0.004224400135180805,0.8333333333333334,0.004227972264501945,0.05256624209839507,0.005675074319087408
baseline,201,img_XXX_(51950).png,False,0.2035980224609375,0.7050018310546875,0.091400146484375,0.994415283203125,0.0051422119140625,0.0004425048828125,0.20468598959691897,0.20469541199938623,0.99977516300682,0.0070541394382654605,0.9673590504451038,0.007055818886219509,0.004003336113427856,0.8275862068965517,0.004006677796327212,0.07191448838287076,0.005528737775846658
baseline,201,img_XXX_(51993).png,False,0.244110107421875,0.6771392822265625,0.0787506103515625,0.9978485107421875,0.0007781982421875,0.001373291015625,0.24463644009480848,0.24463644009480848,1.0,0.0011492439777362148,1.0,0.0011492439777362148,0.016847405112316034,0.9666666666666667,0.016857198217399727,0.08754436306162024,0.008998324545026125
baseline,201,img_XXX_(52031).png,False,0.2314910888671875,0.6881866455078125,0.080322265625,0.999298095703125,0.0,0.000701904296875,0.23148445014427702,0.2315162620247366,0.9994067629029069,0.0,0.0,0.0,0.006825938566552901,0.782608695652174,0.006838905775075988,0.0794367962369433,0.0034129692832764505
baseline,201,img_XXX_(52259).png,False,0.3029022216796875,0.6017913818359375,0.095306396484375,0.9998931884765625,0.0,0.0001068115234375,0.30279541015625,0.30282775565017017,0.999647372928316,0.0,0.0,0.0,0.0,0.0,0.0,0.10093180338541667,0.0
baseline,201,img_XXX_(52373).png,False,0.71661376953125,0.2161407470703125,0.0672454833984375,0.9999237060546875,7.62939453125e-05,0.0,0.7165374755859375,0.7165921472280294,0.9998935354739801,0.0,0.0,0.0,0.0,0.0,0.0,0.2388458251953125,0.0
baseline,201,img_XXX_(52502).png,False,0.7601165771484375,0.17730712890625,0.0625762939453125,1.0,0.0,0.0,0.7601165771484375,0.7601165771484375,1.0,0.0,0.0,0.0,0.0,0.0,0.0,0.2533721923828125,0.0
baseline,201,img_XXX_(52558).png,False,0.814849853515625,0.122039794921875,0.0631103515625,0.9990692138671875,0.000579833984375,0.0003509521484375,0.8139190673828125,0.8146773577701413,0.9988577206846185,0.0,0.0,0.0,0.0,0.0,0.0,0.2713063557942708,0.0
baseline,201,img_XXX_(52811).png,False,0.9082489013671875,0.03564453125,0.0561065673828125,0.9976043701171875,0.00225830078125,0.0001373291015625,0.905853271484375,0.9080285718655837,0.9973623641281522,0.0,0.0,0.0,0.0,0.0,0.0,0.3019510904947917,0.0
baseline,201,img_XXX_(52812).png,False,0.8903961181640625,0.054840087890625,0.0547637939453125,0.9975738525390625,0.002288818359375,0.0001373291015625,0.887969970703125,0.8901295562659651,0.997275204359673,0.0,0.0,0.0,0.0,0.0,0.0,0.295989990234375,0.0
baseline,201,img_XXX_(52855).png,False,0.9364166259765625,0.0086822509765625,0.054901123046875,0.9975738525390625,0.0019378662109375,0.00048828125,0.9344332351459838,0.9364914266485155,0.9976535384314557,0.0,0.0,0.0,0.004149377593360996,0.46875,0.004168982768204558,0.31286087091311493,0.002074688796680498
baseline,201,img_XXX_(52914).png,False,0.9436492919921875,0.005828857421875,0.0505218505859375,0.99957275390625,0.0003662109375,6.103515625e-05,0.9433406579991455,0.9436862673261281,0.9996119205083841,0.0,0.0,0.0,0.0012080942313500453,1.0,0.0012080942313500453,0.31484958407683183,0.0006040471156750226
baseline,201,img_XXX_(53024).png,False,0.9295196533203125,0.015625,0.0548553466796875,0.999359130859375,0.000640869140625,0.0,0.9288787841796875,0.929474455675329,0.9993105372884417,0.0,0.0,0.0,0.0,0.0,0.0,0.3096262613932292,0.0
baseline,201,img_XXX_(53046).png,False,0.925506591796875,0.016845703125,0.057647705078125,0.999664306640625,0.000335693359375,0.0,0.9251708984375,0.9254815764569405,0.9996372869060574,0.0,0.0,0.0,0.0,0.0,0.0,0.3083902994791667,0.0
baseline,201,img_XXX_(53137).png,False,0.918731689453125,0.0205535888671875,0.0607147216796875,0.999969482421875,0.0,3.0517578125e-05,0.9187304493781948,0.9187444685201575,0.9999833914632121,0.0,0.0,0.0,0.0002512562814070352,0.5,0.00025131942699170643,0.30632723521986727,0.0001256281407035176
baseline,201,img_XXX_(53148).png,False,0.922210693359375,0.02044677734375,0.057342529296875,0.999969482421875,0.0,3.0517578125e-05,0.9222095063706417,0.9222235786004211,0.9999834541182699,0.0,0.0,0.0,0.00026602819898909286,0.5,0.00026609898882384245,0.3074918448565436,0.00013301409949454643
baseline,201,img_XXX_(53164).png,False,0.835540771484375,0.1023712158203125,0.0620880126953125,1.0,0.0,0.0,0.835540771484375,0.835540771484375,1.0,0.0,0.0,0.0,0.0,0.0,0.0,0.2785135904947917,0.0
baseline,201,img_XXX_(18323).png,False,0.036712646484375,0.801910400390625,0.161376953125,0.9173736572265625,0.0385589599609375,0.0440673828125,0.038913350502616934,0.038954774538015005,0.9733998337489609,0.029647630619684083,0.6276216857934309,0.030178483084065913,0.24218101300858014,0.9089335180055401,0.2482034795763994,0.10358066471029372,0.1359143218141321
baseline,201,img_XXX_(18538).png,False,0.0716400146484375,0.7637786865234375,0.164581298828125,0.885498046875,0.0593109130859375,0.0551910400390625,0.07086520076481835,0.07152950096498484,0.8841320553780617,0.046706122052973705,0.619243632621559,0.048087104185396065,0.3049741777656972,0.930605474149848,0.31207120341183014,0.1408485001944964,0.17584014990933544
baseline,201,img_XXX_(18544).png,False,0.085418701171875,0.76202392578125,0.152557373046875,0.887298583984375,0.05865478515625,0.054046630859375,0.08775701731934135,0.08844368013757524,0.9187209717756342,0.04829844462635949,0.6446409989594173,0.04961954345214257,0.3185315025805823,0.9234895539243365,0.32716543308661733,0.15152898817542773,0.18341497360347092
baseline,201,img_XXX_(18577).png,False,0.0586090087890625,0.7845458984375,0.1568450927734375,0.8881378173828125,0.0537872314453125,0.058074951171875,0.061395555707614145,0.06166136929817026,0.9343920853944285,0.04667466803833038,0.6950354609929078,0.047650536797883926,0.3334280034081227,0.9253809774040987,0.34264033466290494,0.1471660757180224,0.19005133572322652
baseline,201,img_XXX_(18620).png,False,0.06585693359375,0.7730712890625,0.16107177734375,0.92645263671875,0.0257720947265625,0.0477752685546875,0.06969323135126244,0.06978391198366164,0.981696014828545,0.021442228899207865,0.6506808762581409,0.021691931154271277,0.26990165151233997,0.9290961354199936,0.2755778704054566,0.12034570392093676,0.14567194020577393
baseline,201,img_XXX_(19166).png,False,0.0518646240234375,0.7961883544921875,0.151947021484375,0.9055938720703125,0.06927490234375,0.0251312255859375,0.056968635245763566,0.05698495341117795,0.9949985289791115,0.05048802622562184,0.6004405286343613,0.05224323961747063,0.14413881494626837,0.8876745598057073,0.14681662984535046,0.08386515880588459,0.09731342058594511
baseline,201,img_XXX_(19222).png,False,0.0841064453125,0.762664794921875,0.153228759765625,0.9390106201171875,0.035888671875,0.0251007080078125,0.08503786652857791,0.0853930028112254,0.9533744557329463,0.02017583188756116,0.44005102040816324,0.02070745468368613,0.137531633248978,0.8589665653495441,0.14070902210714997,0.08091511055503903,0.07885373256826958
baseline,201,img_XXX_(19274).png,False,0.0864715576171875,0.755126953125,0.1584014892578125,0.9188232421875,0.05218505859375,0.02899169921875,0.08653275282010686,0.08713630928656835,0.9258867125463208,0.027519372317492376,0.41432748538011693,0.0286332040090527,0.15858490566037736,0.8847368421052632,0.16193044986032173,0.0908790102659922,0.09305213898893487
baseline,201,img_XXX_(19317).png,False,0.0378265380859375,0.8137664794921875,0.148406982421875,0.94818115234375,0.0260467529296875,0.0257720947265625,0.038373158072343365,0.038429353073704535,0.963291649858814,0.00931597285897671,0.29759812536613944,0.009525416736982243,0.14873704337325147,0.8750740082889283,0.15196380834875592,0.06547539143485719,0.07902650811611409
baseline,201,img_XXX_(19318).png,False,0.049041748046875,0.7970428466796875,0.1539154052734375,0.9488677978515625,0.0255584716796875,0.02557373046875,0.05073825934673286,0.050783951113612606,0.9825762289981331,0.008776033382608859,0.28,0.008978654159088734,0.1439268695905864,0.883054892601432,0.14672350550213145,0.06781372077330937,0.07635145148659762
baseline,201,img_XXX_(19336).png,False,0.03704833984375,0.813446044921875,0.149505615234375,0.959869384765625,0.019287109375,0.020843505859375,0.0379372795729673,0.03796140272787969,0.9835255354200988,0.0036413123436810357,0.15664556962025317,0.003714124929656725,0.1194224405895919,0.8718887262079063,0.12155541947336192,0.05366701083541341,0.061531876466636465
baseline,201,img_XXX_(19497).png,False,0.0,0.8441009521484375,0.1558990478515625,0.928070068359375,0.0551605224609375,0.0167694091796875,0.0,0.0,0.0,0.04641335227272727,0.7230982019363762,0.047253204143241925,0.09080393290919607,0.8571428571428571,0.09219927571694235,0.04573909506064111,0.06860864259096167
baseline,201,img_XXX_(19503).png,False,0.0,0.843292236328125,0.156707763671875,0.925872802734375,0.0578460693359375,0.0162811279296875,0.0,0.0,0.0,0.04872764725729405,0.7238195726721182,0.04965077986465458,0.08748201438848921,0.8547328959700093,0.08880233690360273,0.04540322054859442,0.06810483082289163
baseline,201,img_XXX_(19509).png,False,0.0,0.8439483642578125,0.1560516357421875,0.9398345947265625,0.0438995361328125,0.016265869140625,0.0,0.0,0.0,0.03403173926178671,0.6656239137990962,0.034623659802202174,0.08858685174474648,0.8621013133208255,0.08986017404908575,0.0408728636688444,0.061309295503266595
baseline,201,img_XXX_(19512).png,False,0.0,0.8382110595703125,0.1617889404296875,0.9359130859375,0.0473480224609375,0.0167388916015625,0.0,0.0,0.0,0.03587620033555849,0.647760232033516,0.036590027852110754,0.08816964285714286,0.8641750227894257,0.0894086579270018,0.04134861439756712,0.06202292159635067
baseline,201,img_XXX_(19521).png,False,0.0,0.8374176025390625,0.1625823974609375,0.934295654296875,0.0478973388671875,0.0178070068359375,0.0,0.0,0.0,0.03370866590649943,0.6027397260273972,0.03447459047757876,0.0969657604157001,0.895458440445587,0.09807602064758329,0.04355814210739984,0.06533721316109976
baseline,201,img_XXX_(19572).png,False,0.0,0.8397979736328125,0.1602020263671875,0.9509429931640625,0.032318115234375,0.0167388916015625,0.0,0.0,0.0,0.027524090320724868,0.722851746931067,0.027817649944582735,0.09066967644845748,0.8787602552415679,0.0918182684065149,0.039397922256394116,0.059096883384591174
baseline,201,img_XXX_(19601).png,False,0.018218994140625,0.8277587890625,0.154022216796875,0.9528350830078125,0.0324859619140625,0.014678955078125,0.019120826327167908,0.019120826327167908,1.0,0.028101976803559706,0.7238139971817755,0.028406577201002804,0.0822239624119029,0.8731808731808732,0.08321775312066575,0.0431489218475435,0.0551629696077313
baseline,201,img_XXX_(19620).png,False,0.022216796875,0.820587158203125,0.157196044921875,0.945281982421875,0.0386505126953125,0.0160675048828125,0.02350282485875706,0.02350282485875706,1.0,0.03558555244961012,0.7639163047769444,0.03598125627580051,0.0881648298993771,0.8736942070275404,0.08930304795185401,0.049084402402581426,0.06187519117449361
baseline,201,img_XXX_(19630).png,False,0.0321197509765625,0.8137054443359375,0.1541748046875,0.94512939453125,0.03955078125,0.01531982421875,0.03398450113012593,0.03398450113012593,1.0,0.03549868523388023,0.7395833333333334,0.035948018827235736,0.08455379808631126,0.8625498007968128,0.08570863024544735,0.051345661483439144,0.06002624166009575
baseline,201,img_XXX_(19728).png,False,0.022979736328125,0.831085205078125,0.14593505859375,0.9783477783203125,0.0111236572265625,0.010528564453125,0.022770487204264205,0.022786468487296662,0.9701195219123506,0.007538972655251725,0.5665294924554184,0.007582712150699519,0.055698548337279934,0.7840579710144927,0.05656629025512338,0.02866933606559862,0.03161876049626583
baseline,201,img_XXX_(20103).png,False,0.0533599853515625,0.7691497802734375,0.177490234375,0.8842315673828125,0.0676116943359375,0.04815673828125,0.05118554761008656,0.05163160710279729,0.8555905061481269,0.06925866708263463,0.8016249153689912,0.07046640347570773,0.22813719790715056,0.8704055766793409,0.23615887207702888,0.11619380419995726,0.1486979324948926
baseline,201,img_XXX_(20113).png,False,0.0677337646484375,0.7671356201171875,0.165130615234375,0.8712158203125,0.0785980224609375,0.0501861572265625,0.06657538045550664,0.067272663584139,0.8652849740932642,0.08082915699771845,0.8046981168705106,0.08244654400795624,0.2543111111111111,0.869869261173609,0.26436887821105154,0.13390521618811208,0.1675701340544148
baseline,201,img_XXX_(20168).png,False,0.038604736328125,0.8365631103515625,0.1248321533203125,0.843231201171875,0.1363525390625,0.020416259765625,0.045498127611845796,0.04551047736238283,0.9940711462450593,0.13885366245735617,0.8699641897940913,0.141796625626995,0.11359382311651849,0.7257100149476831,0.11868964674245203,0.09931520439524015,0.12622374278693732
baseline,201,img_XXX_(20194).png,False,0.0548553466796875,0.769378662109375,0.1757659912109375,0.993743896484375,0.006134033203125,0.0001220703125,0.05520068789730676,0.05520068789730676,1.0,0.0074132804757185335,0.9303482587064676,0.007417397167902899,0.0006945047313134821,1.0,0.0006945047313134821,0.021102824368112925,0.004053892603516008
baseline,201,img_XXX_(20195).png,False,0.0654144287109375,0.748291015625,0.1862945556640625,0.9940032958984375,0.0059051513671875,9.1552734375e-05,0.06580906620818815,0.06580906620818815,1.0,0.007295848702847011,0.9250645994832042,0.007300163132137031,0.0004914407404373823,1.0,0.0004914407404373823,0.024532118550490846,0.003893644721642197
baseline,201,img_XXX_(20339).png,False,0.46923828125,0.3868560791015625,0.1439056396484375,0.8207855224609375,0.1431732177734375,0.036041259765625,0.4296125944839948,0.47230949415329704,0.8261576482830385,0.09684549559506142,0.32686773952893533,0.12097187709541277,0.24006309148264984,0.9665537679932261,0.2420740112395292,0.2555070605205687,0.16845429353885563
baseline,201,img_XXX_(20367).png,False,0.47784423828125,0.386993408203125,0.135162353515625,0.7904205322265625,0.1733551025390625,0.036224365234375,0.42829893629818017,0.48114901256732495,0.7958870864733683,0.1195012651281895,0.3450400492914356,0.15456194306442708,0.24675324675324675,0.9363942712721146,0.25095958455633327,0.2648511493932055,0.18312725594071813
baseline,201,img_XXX_(20382).png,False,0.4635162353515625,0.3988189697265625,0.137664794921875,0.78729248046875,0.175628662109375,0.037078857421875,0.39611683556161115,0.4507713776261726,0.7656450604075452,0.0964613368283093,0.28774978279756735,0.12671691471859817,0.2492636631395222,0.9403292181069959,0.25326978497007313,0.24728061184314754,0.17286249998391576
baseline,201,img_XXX_(20400).png,False,0.3951263427734375,0.46575927734375,0.1391143798828125,0.81072998046875,0.154632568359375,0.034637451171875,0.3454610460365023,0.38189791462771966,0.7835875651670207,0.09705620463560076,0.3549437537004144,0.11784169833573581,0.2326261095475211,0.9466960352422907,0.23571350224854667,0.22504778673987472,0.16484115709156094
baseline,201,img_XXX_(53262).png,False,0.915618896484375,0.014312744140625,0.070068359375,1.0,0.0,0.0,0.915618896484375,0.915618896484375,1.0,0.0,0.0,0.0,0.0,0.0,0.0,0.305206298828125,0.0
baseline,201,img_XXX_(53364).png,False,0.82928466796875,0.063720703125,0.10699462890625,0.9987945556640625,0.0,0.0012054443359375,0.8287489314934668,0.829445284690713,0.9989880032383897,0.0,0.0,0.0,0.0033960662232913543,0.3037974683544304,0.0034227039361095267,0.27738166590558605,0.0016980331116456771
baseline,201,img_XXX_(53385).png,False,0.83331298828125,0.0394134521484375,0.1272735595703125,0.9982757568359375,0.0,0.0017242431640625,0.8334911712592411,0.834064472738945,0.9991760052735662,0.0,0.0,0.0,0.008108752683043167,0.6017699115044248,0.008152499700275746,0.2805333079807614,0.004054376341521584
baseline,201,img_XXX_(24138).png,False,0.1840057373046875,0.67681884765625,0.1391754150390625,0.9847869873046875,0.012969970703125,0.0022430419921875,0.1865908633216117,0.18663133919025707,0.9988390413798822,0.014110415685218834,0.74,0.014180719632067814,0.013893447106443496,0.8639455782312925,0.013923911851770639,0.07153157537109134,0.014001931395831165
baseline,201,img_XXX_(24144).png,False,0.170989990234375,0.6842803955078125,0.1447296142578125,0.9920501708984375,0.0058441162109375,0.002105712890625,0.17232416137317932,0.17232946243174652,0.9998215241834731,0.005111338281701409,0.6005221932114883,0.005128776898204928,0.013160665403242788,0.9057971014492754,0.013178703215603585,0.0635320550193745,0.009136001842472099
baseline,201,img_XXX_(24153).png,False,0.21002197265625,0.6642608642578125,0.1257171630859375,0.9908447265625,0.0068359375,0.0023193359375,0.21190655846255718,0.21191634840458298,0.9997820401046208,0.008276020174232004,0.8058035714285714,0.00829255966737877,0.01512218727316719,0.8223684210526315,0.015171744143706761,0.07843492196998546,0.011699103723699597
baseline,201,img_XXX_(24418).png,False,0.06121826171875,0.8034515380859375,0.1353302001953125,0.8802032470703125,0.08160400390625,0.0381927490234375,0.06178257352814635,0.06223454970962989,0.8948155533399801,0.06583976479235575,0.6699700822737472,0.06804671920995158,0.1786898839137645,0.6887734718337994,0.19438493629495998,0.10210407407808887,0.12226482435306013
baseline,201,img_XXX_(24435).png,False,0.0631256103515625,0.7896575927734375,0.147216796875,0.882659912109375,0.0811614990234375,0.0361785888671875,0.06128004931169098,0.06187117518929572,0.8651196519216824,0.06553398058252427,0.6598984771573604,0.06782477633282448,0.17098597038191737,0.7401940109658371,0.18190298507462688,0.09926666675871088,0.11825997548222082
baseline,201,img_XXX_(24488).png,False,0.0882415771484375,0.77520751953125,0.1365509033203125,0.83575439453125,0.1165771484375,0.04766845703125,0.08704627867734176,0.08853063609143358,0.8384921321113609,0.09181938762166303,0.643324607329843,0.09674435083851665,0.20717928207179281,0.6632522407170295,0.23153424963683092,0.12868164945693253,0.14949933484672792
baseline,201,img_XXX_(24542).png,False,0.148590087890625,0.7132110595703125,0.1381988525390625,0.820281982421875,0.135009765625,0.044708251953125,0.1642951444917119,0.16667286729417016,0.920106798110495,0.12248854067806877,0.6855786618444847,0.12977899488671615,0.20266880706330892,0.689419795221843,0.223031909020647,0.1631508307443632,0.16257867387068886
baseline,201,img_XXX_(24555).png,False,0.1713714599609375,0.674285888671875,0.1543426513671875,0.8190155029296875,0.1388397216796875,0.042144775390625,0.18491337605199262,0.1887098276665114,0.901878728519277,0.11301641672584485,0.5946807341466095,0.12244851776420004,0.19341983317886932,0.7556118754525706,0.20632723677706377,0.1637832086522356,0.1532181249523571
baseline,201,img_XXX_(24618).png,False,0.14404296875,0.6995391845703125,0.1564178466796875,0.755645751953125,0.1974334716796875,0.0469207763671875,0.15151160065619873,0.1566576471063366,0.8218220338983051,0.15746155512237384,0.6180539454362779,0.17443559821136437,0.21410349854227406,0.7642276422764228,0.22924592722661205,0.17435888477361555,0.18578252683232394
baseline,201,img_XXX_(24912).png,False,0.0620880126953125,0.77252197265625,0.1653900146484375,0.794189453125,0.15887451171875,0.04693603515625,0.03435754704808951,0.03581309560405779,0.45809781273040057,0.1041169235221764,0.5528236650019208,0.1136920281267283,0.2159210066410346,0.8033159947984395,0.2279730602454101,0.11813182573710017,0.1600189650816055
baseline,201,img_XXX_(24913).png,False,0.0604705810546875,0.774139404296875,0.1653900146484375,0.7972259521484375,0.1562347412109375,0.046539306640625,0.03909788335335983,0.040480793155587884,0.5336866010598031,0.1073517126148705,0.5773024709444282,0.11650963850672133,0.21354303189165574,0.801311475409836,0.22548205554017897,0.11999754261996202,0.1604473722532631
baseline,201,img_XXX_(24927).png,False,0.0612945556640625,0.7694549560546875,0.16925048828125,0.8072967529296875,0.1483001708984375,0.044403076171875,0.04113397347965249,0.0425085527434933,0.5598705501618123,0.09392164708450038,0.5313303837843399,0.10240545739385647,0.2018884120171674,0.8082474226804124,0.21204471691309051,0.11231467752710675,0.1479050295508339
baseline,201,img_XXX_(24988).png,False,0.066162109375,0.7734222412109375,0.1604156494140625,0.8675689697265625,0.090911865234375,0.0415191650390625,0.06167805961344946,0.06252528272684102,0.819880073800738,0.06547663832668724,0.5842564618999664,0.0686763864501746,0.20528233151183972,0.8283719220874678,0.21440121754018834,0.1108123431506588,0.1353794849192635
baseline,201,img_XXX_(25136).png,False,0.0706329345703125,0.7498321533203125,0.179534912109375,0.8697357177734375,0.0931549072265625,0.037109375,0.06414794605701656,0.06517658204529904,0.802549146683949,0.06007867216732227,0.5128583128583128,0.06371461712215869,0.15684836633260002,0.7915296052631579,0.16360700322964475,0.09369166151897962,0.10846351924996114
baseline,201,img_XXX_(25176).png,False,0.09259033203125,0.749481201171875,0.157928466796875,0.8454437255859375,0.10858154296875,0.0459747314453125,0.08263036472183576,0.08468244084682441,0.7732366512854317,0.08822447992259314,0.6406689151208544,0.09281729712121829,0.19686520376175548,0.7295054762694988,0.2123671497584541,0.12257334946872812,0.1425448418421743
baseline,201,img_XXX_(25208).png,False,0.1195831298828125,0.7191314697265625,0.161285400390625,0.8126373291015625,0.13836669921875,0.0489959716796875,0.09391394653440527,0.09848470623579998,0.6692611968865637,0.10713371027798026,0.5996912218791354,0.11538543147531244,0.20907176697666258,0.7421364061040174,0.22544938505203405,0.13670647459634938,0.1581027386273214
baseline,201,img_XXX_(25221).png,False,0.1194610595703125,0.7215728759765625,0.158966064453125,0.8485870361328125,0.1013336181640625,0.050079345703125,0.10081204886174347,0.10447197597683995,0.7421126580661642,0.07698452321517724,0.5804848667369372,0.08152001522552814,0.2118531623175586,0.7297379646556977,0.22989057400652715,0.12988324479815977,0.1444188427663679
baseline,201,img_XXX_(25229).png,False,0.1039886474609375,0.728179931640625,0.1678314208984375,0.873870849609375,0.076446533203125,0.0496826171875,0.09051152026682095,0.092875851231011,0.7804842259721203,0.05409187222644225,0.5401197604790419,0.05670340723356104,0.20549682875264272,0.7463144963144963,0.22092917537957996,0.11670007374863531,0.1297943504895425
baseline,201,img_XXX_(25272).png,False,0.11212158203125,0.7184906005859375,0.1693878173828125,0.818267822265625,0.1373138427734375,0.0444183349609375,0.05049704529400617,0.05465632342520419,0.3988840500816549,0.051796564398769784,0.3069229914434937,0.058657378894386984,0.18595006347862886,0.7547234627275851,0.19791009818935232,0.09608122439046828,0.11887331393869932
baseline,201,img_XXX_(25280).png,False,0.1290130615234375,0.7148590087890625,0.1561279296875,0.816925048828125,0.137786865234375,0.0452880859375,0.0680161943319838,0.07374201501737083,0.46694263749260795,0.05841462259683682,0.3415282392026578,0.06582851288181178,0.19467825142546838,0.7247304582210242,0.21022283033620015,0.10703635611809634,0.1265464370111526
baseline,201,img_XXX_(25328).png,False,0.171417236328125,0.658355712890625,0.17022705078125,0.7855224609375,0.1644744873046875,0.0500030517578125,0.0773194990809613,0.08743201243201243,0.4006587146163432,0.029063776191748405,0.14129325540402635,0.03529875307096834,0.2140814266487214,0.7766249618553555,0.22812836141986376,0.1068215673071437,0.1215726014202349
baseline,201,img_XXX_(46606).png,False,0.9687652587890625,0.0,0.0312347412109375,1.0,0.0,0.0,0.9687652587890625,0.9687652587890625,1.0,0.0,0.0,0.0,0.0,0.0,0.0,0.3229217529296875,0.0
baseline,201,img_XXX_(46623).png,False,0.96893310546875,0.0,0.03106689453125,1.0,0.0,0.0,0.96893310546875,0.96893310546875,1.0,0.0,0.0,0.0,0.0,0.0,0.0,0.3229777018229167,0.0
baseline,201,img_XXX_(46691).png,False,0.96826171875,0.0,0.03173828125,0.9998931884765625,0.0,0.0001068115234375,0.968335113688387,0.9683498908880038,0.9999842410489158,0.0,0.0,0.0,0.0028832292167227293,0.8571428571428571,0.0028846153846153848,0.3237394476350366,0.0014416146083613647
baseline,201,img_XXX_(46776).png,False,0.9703826904296875,0.0,0.0296173095703125,0.9996795654296875,0.0,0.0003204345703125,0.9706937342593299,0.9706937342593299,1.0,0.0,0.0,0.0,0.010819165378670788,1.0,0.010819165378670788,0.32717096654600025,0.005409582689335394
baseline,201,img_XXX_(46937).png,False,0.919464111328125,0.0445709228515625,0.0359649658203125,0.999755859375,0.0,0.000244140625,0.9196886446886446,0.9196886446886446,1.0,0.0,0.0,0.0,0.0067882901994060245,1.0,0.0067882901994060245,0.30882564496268355,0.0033941450997030122
baseline,201,img_XXX_(46956).png,False,0.9223175048828125,0.04364013671875,0.0340423583984375,0.998626708984375,0.0,0.001373291015625,0.9235564655369994,0.9235705772698102,0.9999834560344114,0.0,0.0,0.0,0.039874551971326166,0.9888888888888889,0.03989242492155984,0.3211436725027752,0.019937275985663083
baseline,201,img_XXX_(46967).png,False,0.9164276123046875,0.048309326171875,0.0352630615234375,0.998046875,0.0,0.001953125,0.9181916861593971,0.9182057240704501,0.9999833497061223,0.0,0.0,0.0,0.05493079584775087,0.9921875,0.05495456512332324,0.3243741606690493,0.027465397923875434
baseline,201,img_XXX_(47028).png,False,0.88665771484375,0.07550048828125,0.037841796875,0.9996337890625,0.0,0.0003662109375,0.8867233406083546,0.8868451581389669,0.9998451159909135,0.0,0.0,0.0,0.006026516673362796,0.625,0.006048387096774193,0.29758328576057247,0.003013258336681398
baseline,201,img_XXX_(47076).png,False,0.493377685546875,0.471160888671875,0.03546142578125,0.98870849609375,0.00811767578125,0.003173828125,0.4899067370229476,0.4929007963454534,0.98775282983856,0.004669907881269191,0.2744360902255639,0.004728285510719606,0.07836456558773425,0.8846153846153846,0.07917383820998279,0.19098040349731701,0.04151723673450172
baseline,201,img_XXX_(47221).png,False,0.9420013427734375,0.0205230712890625,0.0374755859375,0.99993896484375,0.0,6.103515625e-05,0.942058841482024,0.942058841482024,1.0,0.0,0.0,0.0,0.0016286644951140066,1.0,0.0016286644951140066,0.31456250199237934,0.0008143322475570033
baseline,201,img_XXX_(47243).png,False,0.9639434814453125,0.0,0.0360565185546875,0.99835205078125,0.0,0.00164794921875,0.9655346334902488,0.9655346334902488,1.0,0.0,0.0,0.0,0.045704612780363946,1.0,0.045704612780363946,0.3370797487568709,0.022852306390181973
baseline,201,img_XXX_(47249).png,False,0.965240478515625,0.0,0.034759521484375,0.9985198974609375,0.0,0.0014801025390625,0.9666411980440098,0.9666559696816883,0.9999841917227861,0.0,0.0,0.0,0.04212373848179026,0.9896907216494846,0.04214223002633889,0.33625497884193334,0.02106186924089513
baseline,201,img_XXX_(47267).png,False,0.965301513671875,0.0,0.034698486328125,0.9986724853515625,0.0,0.0013275146484375,0.9664945303428467,0.9665388317621354,0.9999525781669881,0.0,0.0,0.0,0.03689064558629776,0.9655172413793104,0.036939313984168866,0.33446172530971485,0.01844532279314888
baseline,201,img_XXX_(47383).png,False,0.9616241455078125,0.0,0.0383758544921875,0.9978179931640625,0.0,0.0021820068359375,0.9636068932825664,0.9636658357928218,0.9999365290934767,0.0,0.0,0.0,0.05518062723302898,0.972027972027972,0.055268389662027836,0.3395958401718651,0.02759031361651449
baseline,201,img_XXX_(47394).png,False,0.963714599609375,0.0,0.036285400390625,0.99810791015625,0.0,0.00189208984375,0.9655414908579466,0.9655414908579466,1.0,0.0,0.0,0.0,0.05214465937762826,1.0,0.05214465937762826,0.3392287167451916,0.02607232968881413
baseline,201,img_XXX_(47490).png,False,0.9560394287109375,0.0,0.0439605712890625,0.9997100830078125,0.0,0.0002899169921875,0.956256963628871,0.9562861547384648,0.9999680791636741,0.0,0.0,0.0,0.005896635449184877,0.8947368421052632,0.005900728913571677,0.32071786635935196,0.0029483177245924383
baseline,201,img_XXX_(47566).png,False,0.9523468017578125,0.0056304931640625,0.042022705078125,0.9998931884765625,0.0,0.0001068115234375,0.952359152780321,0.9524027529795969,0.9999519330908625,0.0,0.0,0.0,0.0014508523757707653,0.5714285714285714,0.0014524328249818446,0.31793666838536394,0.0007254261878853826
baseline,201,img_XXX_(47581).png,False,0.9590606689453125,0.0050811767578125,0.035858154296875,0.9999237060546875,0.0,7.62939453125e-05,0.9591039492156503,0.9591185850971296,0.999984089860468,0.0,0.0,0.0,0.0017014036580178648,0.8,0.001702127659574468,0.3202684509578894,0.0008507018290089324
baseline,201,img_XXX_(47598).png,False,0.943267822265625,0.01556396484375,0.041168212890625,0.999847412109375,0.0,0.000152587890625,0.943411775478436,0.943411775478436,1.0,0.0,0.0,0.0,0.0037064492216456633,1.0,0.0037064492216456633,0.3157060749000272,0.0018532246108228317
baseline,201,img_XXX_(47777).png,False,0.9504241943359375,0.02117919921875,0.0283966064453125,0.9979705810546875,0.0,0.0020294189453125,0.952356925523294,0.952356925523294,1.0,0.0,0.0,0.0,0.07146695325094035,1.0,0.07146695325094035,0.34127462625807814,0.035733476625470176
baseline,201,img_XXX_(47850).png,False,0.969512939453125,0.0004425048828125,0.0300445556640625,0.999542236328125,0.0,0.000457763671875,0.9699268780435678,0.9699416847311697,0.9999842613868866,0.0,0.0,0.0,0.014720812182741117,0.9666666666666667,0.014728288471305232,0.328215896742103,0.007360406091370559
baseline,201,img_XXX_(47890).png,False,0.96527099609375,0.0054931640625,0.02923583984375,0.9994964599609375,0.0,0.0005035400390625,0.9657572935590736,0.9657572935590736,1.0,0.0,0.0,0.0,0.01722338204592902,1.0,0.01722338204592902,0.32766022520166754,0.00861169102296451
baseline,201,img_XXX_(47932).png,False,0.971038818359375,0.0,0.028961181640625,0.999969482421875,0.0,3.0517578125e-05,0.9710684530167547,0.9710684530167547,1.0,0.0,0.0,0.0,0.001053740779768177,1.0,0.001053740779768177,0.32404073126550764,0.0005268703898840885
baseline,201,img_XXX_(48021).png,False,0.9703826904296875,0.0,0.0296173095703125,0.999114990234375,0.0,0.000885009765625,0.9712422493051102,0.9712422493051102,1.0,0.0,0.0,0.0,0.029881504379185988,1.0,0.029881504379185988,0.3337079178947654,0.014940752189592994
baseline,201,img_XXX_(48050).png,False,0.97149658203125,0.0,0.02850341796875,0.999664306640625,0.0,0.000335693359375,0.9718228164972372,0.9718228164972372,1.0,0.0,0.0,0.0,0.011777301927194861,1.0,0.011777301927194861,0.32786670614147734,0.005888650963597431
baseline,201,img_XXX_(48102).png,False,0.9710235595703125,0.0,0.0289764404296875,0.99932861328125,0.0,0.00067138671875,0.9713147288715193,0.9714927013986441,0.999811430457124,0.0,0.0,0.0,0.01674515960230246,0.7272727272727273,0.01685097419694576,0.32935329615794057,0.00837257980115123
baseline,201,img_XXX_(46538).png,False,0.969757080078125,0.0,0.030242919921875,0.9996185302734375,0.0,0.0003814697265625,0.9701271542183756,0.9701271542183756,1.0,0.0,0.0,0.0,0.012613521695257316,1.0,0.012613521695257316,0.3275802253045443,0.006306760847628658
baseline,202,img_XXX_(378).png,True,1.0,0.0,0.0,0.999725341796875,0.0,0.000274658203125,0.999725341796875,1.0,0.999725341796875,0.0,0.0,0.0,0.0,0.0,0.0,0.3332417805989583,0.0
baseline,202,img_XXX_(384).png,True,1.0,0.0,0.0,0.999725341796875,0.0,0.000274658203125,0.999725341796875,1.0,0.999725341796875,0.0,0.0,0.0,0.0,0.0,0.0,0.3332417805989583,0.0
baseline,202,img_XXX_(763).png,True,1.0,0.0,0.0,0.9962921142578125,0.0,0.0037078857421875,0.9962921142578125,1.0,0.9962921142578125,0.0,0.0,0.0,0.0,0.0,0.0,0.3320973714192708,0.0
baseline,202,img_XXX_(792).png,True,1.0,0.0,0.0,0.99273681640625,0.0,0.00726318359375,0.99273681640625,1.0,0.99273681640625,0.0,0.0,0.0,0.0,0.0,0.0,0.3309122721354167,0.0
baseline,202,img_XXX_(865).png,True,1.0,0.0,0.0,0.99273681640625,0.0,0.00726318359375,0.99273681640625,1.0,0.99273681640625,0.0,0.0,0.0,0.0,0.0,0.0,0.3309122721354167,0.0
baseline,202,img_XXX_(885).png,True,1.0,0.0,0.0,0.99261474609375,0.0,0.00738525390625,0.99261474609375,1.0,0.99261474609375,0.0,0.0,0.0,0.0,0.0,0.0,0.33087158203125,0.0
baseline,202,img_XXX_(938).png,True,1.0,0.0,0.0,0.9922637939453125,0.0,0.0077362060546875,0.9922637939453125,1.0,0.9922637939453125,0.0,0.0,0.0,0.0,0.0,0.0,0.3307545979817708,0.0
baseline,202,img_XXX_(955).png,True,1.0,0.0,0.0,0.9921417236328125,0.0,0.0078582763671875,0.9921417236328125,1.0,0.9921417236328125,0.0,0.0,0.0,0.0,0.0,0.0,0.3307139078776042,0.0
baseline,202,img_XXX_(1010).png,True,1.0,0.0,0.0,0.9820709228515625,0.0,0.0179290771484375,0.9820709228515625,1.0,0.9820709228515625,0.0,0.0,0.0,0.0,0.0,0.0,0.3273569742838542,0.0
baseline,202,img_XXX_(1037).png,True,1.0,0.0,0.0,0.9828948974609375,0.0,0.0171051025390625,0.9828948974609375,1.0,0.9828948974609375,0.0,0.0,0.0,0.0,0.0,0.0,0.3276316324869792,0.0
baseline,202,img_XXX_(1181).png,True,1.0,0.0,0.0,0.96539306640625,0.0,0.03460693359375,0.96539306640625,1.0,0.96539306640625,0.0,0.0,0.0,0.0,0.0,0.0,0.3217976888020833,0.0
baseline,202,img_XXX_(1226).png,True,1.0,0.0,0.0,0.9818878173828125,0.0,0.0181121826171875,0.9818878173828125,1.0,0.9818878173828125,0.0,0.0,0.0,0.0,0.0,0.0,0.3272959391276042,0.0
baseline,202,img_XXX_(1234).png,True,1.0,0.0,0.0,0.980560302734375,0.0,0.019439697265625,0.980560302734375,1.0,0.980560302734375,0.0,0.0,0.0,0.0,0.0,0.0,0.3268534342447917,0.0
baseline,202,img_XXX_(1270).png,True,1.0,0.0,0.0,0.9872589111328125,0.0,0.0127410888671875,0.9872589111328125,1.0,0.9872589111328125,0.0,0.0,0.0,0.0,0.0,0.0,0.3290863037109375,0.0
baseline,202,img_XXX_(1303).png,True,1.0,0.0,0.0,0.994171142578125,0.0,0.005828857421875,0.994171142578125,1.0,0.994171142578125,0.0,0.0,0.0,0.0,0.0,0.0,0.331390380859375,0.0
baseline,202,img_XXX_(1546).png,True,1.0,0.0,0.0,0.999542236328125,0.0,0.000457763671875,0.999542236328125,1.0,0.999542236328125,0.0,0.0,0.0,0.0,0.0,0.0,0.3331807454427083,0.0
baseline,202,img_XXX_(1614).png,True,1.0,0.0,0.0,0.999725341796875,0.0,0.000274658203125,0.999725341796875,1.0,0.999725341796875,0.0,0.0,0.0,0.0,0.0,0.0,0.3332417805989583,0.0
baseline,202,img_XXX_(1721).png,True,1.0,0.0,0.0,0.99945068359375,0.0,0.00054931640625,0.99945068359375,1.0,0.99945068359375,0.0,0.0,0.0,0.0,0.0,0.0,0.3331502278645833,0.0
baseline,202,img_XXX_(1937).png,True,1.0,0.0,0.0,0.9998016357421875,0.0,0.0001983642578125,0.9998016357421875,1.0,0.9998016357421875,0.0,0.0,0.0,0.0,0.0,0.0,0.3332672119140625,0.0
baseline,202,img_XXX_(1949).png,True,1.0,0.0,0.0,0.9998016357421875,0.0,0.0001983642578125,0.9998016357421875,1.0,0.9998016357421875,0.0,0.0,0.0,0.0,0.0,0.0,0.3332672119140625,0.0
baseline,202,img_XXX_(1988).png,True,1.0,0.0,0.0,0.99981689453125,0.0,0.00018310546875,0.99981689453125,1.0,0.99981689453125,0.0,0.0,0.0,0.0,0.0,0.0,0.3332722981770833,0.0
baseline,202,img_XXX_(2077).png,True,1.0,0.0,0.0,0.9996185302734375,0.0,0.0003814697265625,0.9996185302734375,1.0,0.9996185302734375,0.0,0.0,0.0,0.0,0.0,0.0,0.3332061767578125,0.0
baseline,202,img_XXX_(2125).png,True,1.0,0.0,0.0,0.999847412109375,0.0,0.000152587890625,0.999847412109375,1.0,0.999847412109375,0.0,0.0,0.0,0.0,0.0,0.0,0.333282470703125,0.0
baseline,202,img_XXX_(2149).png,True,1.0,0.0,0.0,0.9998321533203125,0.0,0.0001678466796875,0.9998321533203125,1.0,0.9998321533203125,0.0,0.0,0.0,0.0,0.0,0.0,0.3332773844401042,0.0
baseline,202,img_XXX_(2176).png,True,1.0,0.0,0.0,0.9998321533203125,0.0,0.0001678466796875,0.9998321533203125,1.0,0.9998321533203125,0.0,0.0,0.0,0.0,0.0,0.0,0.3332773844401042,0.0
baseline,202,img_XXX_(2308).png,True,1.0,0.0,0.0,1.0,0.0,0.0,1.0,1.0,1.0,0.0,0.0,0.0,0.0,0.0,0.0,0.3333333333333333,0.0
baseline,202,img_XXX_(2372).png,True,1.0,0.0,0.0,1.0,0.0,0.0,1.0,1.0,1.0,0.0,0.0,0.0,0.0,0.0,0.0,0.3333333333333333,0.0
baseline,202,img_XXX_(2494).png,True,1.0,0.0,0.0,0.9996490478515625,0.0,0.0003509521484375,0.9996490478515625,1.0,0.9996490478515625,0.0,0.0,0.0,0.0,0.0,0.0,0.3332163492838542,0.0
baseline,202,img_XXX_(2513).png,True,1.0,0.0,0.0,0.999725341796875,0.0,0.000274658203125,0.999725341796875,1.0,0.999725341796875,0.0,0.0,0.0,0.0,0.0,0.0,0.3332417805989583,0.0
baseline,202,img_XXX_(2521).png,True,1.0,0.0,0.0,0.999481201171875,0.0,0.000518798828125,0.999481201171875,1.0,0.999481201171875,0.0,0.0,0.0,0.0,0.0,0.0,0.333160400390625,0.0
baseline,202,img_XXX_(2534).png,True,1.0,0.0,0.0,0.998626708984375,0.0,0.001373291015625,0.998626708984375,1.0,0.998626708984375,0.0,0.0,0.0,0.0,0.0,0.0,0.3328755696614583,0.0
baseline,202,img_XXX_(2951).png,True,1.0,0.0,0.0,1.0,0.0,0.0,1.0,1.0,1.0,0.0,0.0,0.0,0.0,0.0,0.0,0.3333333333333333,0.0
baseline,202,img_XXX_(2974).png,True,1.0,0.0,0.0,1.0,0.0,0.0,1.0,1.0,1.0,0.0,0.0,0.0,0.0,0.0,0.0,0.3333333333333333,0.0
baseline,202,img_XXX_(2986).png,True,1.0,0.0,0.0,0.9988861083984375,0.0,0.0011138916015625,0.9988861083984375,1.0,0.9988861083984375,0.0,0.0,0.0,0.0,0.0,0.0,0.3329620361328125,0.0
baseline,202,img_XXX_(3037).png,True,1.0,0.0,0.0,0.9870758056640625,0.0,0.0129241943359375,0.9870758056640625,1.0,0.9870758056640625,0.0,0.0,0.0,0.0,0.0,0.0,0.3290252685546875,0.0
baseline,202,img_XXX_(3103).png,True,1.0,0.0,0.0,0.9593505859375,0.005767822265625,0.034881591796875,0.9593505859375,1.0,0.9593505859375,0.0,0.0,0.0,0.0,0.0,0.0,0.3197835286458333,0.0
baseline,202,img_XXX_(3149).png,True,1.0,0.0,0.0,0.963775634765625,0.00140380859375,0.034820556640625,0.963775634765625,1.0,0.963775634765625,0.0,0.0,0.0,0.0,0.0,0.0,0.321258544921875,0.0
baseline,202,img_XXX_(3250).png,True,1.0,0.0,0.0,0.963653564453125,0.0008392333984375,0.0355072021484375,0.963653564453125,1.0,0.963653564453125,0.0,0.0,0.0,0.0,0.0,0.0,0.3212178548177083,0.0
baseline,202,img_XXX_(3355).png,True,1.0,0.0,0.0,0.9620361328125,0.00054931640625,0.03741455078125,0.9620361328125,1.0,0.9620361328125,0.0,0.0,0.0,0.0,0.0,0.0,0.3206787109375,0.0
baseline,202,img_XXX_(3359).png,True,1.0,0.0,0.0,0.9618988037109375,0.00048828125,0.0376129150390625,0.9618988037109375,1.0,0.9618988037109375,0.0,0.0,0.0,0.0,0.0,0.0,0.3206329345703125,0.0
baseline,202,img_XXX_(3422).png,True,1.0,0.0,0.0,0.9611968994140625,0.0007476806640625,0.038055419921875,0.9611968994140625,1.0,0.9611968994140625,0.0,0.0,0.0,0.0,0.0,0.0,0.3203989664713542,0.0
baseline,202,img_XXX_(3430).png,True,1.0,0.0,0.0,0.9608306884765625,0.000732421875,0.0384368896484375,0.9608306884765625,1.0,0.9608306884765625,0.0,0.0,0.0,0.0,0.0,0.0,0.3202768961588542,0.0
baseline,202,img_XXX_(3431).png,True,1.0,0.0,0.0,0.9608612060546875,0.000823974609375,0.0383148193359375,0.9608612060546875,1.0,0.9608612060546875,0.0,0.0,0.0,0.0,0.0,0.0,0.3202870686848958,0.0
baseline,202,img_XXX_(3517).png,True,1.0,0.0,0.0,0.989715576171875,0.0,0.010284423828125,0.989715576171875,1.0,0.989715576171875,0.0,0.0,0.0,0.0,0.0,0.0,0.3299051920572917,0.0
baseline,202,img_XXX_(3649).png,True,1.0,0.0,0.0,0.999481201171875,0.0,0.000518798828125,0.999481201171875,1.0,0.999481201171875,0.0,0.0,0.0,0.0,0.0,0.0,0.333160400390625,0.0
baseline,202,img_XXX_(3660).png,True,1.0,0.0,0.0,0.999481201171875,0.0,0.000518798828125,0.999481201171875,1.0,0.999481201171875,0.0,0.0,0.0,0.0,0.0,0.0,0.333160400390625,0.0
baseline,202,img_XXX_(3726).png,True,1.0,0.0,0.0,0.9993438720703125,0.0,0.0006561279296875,0.9993438720703125,1.0,0.9993438720703125,0.0,0.0,0.0,0.0,0.0,0.0,0.3331146240234375,0.0
baseline,202,img_XXX_(4107).png,True,1.0,0.0,0.0,0.999420166015625,0.0,0.000579833984375,0.999420166015625,1.0,0.999420166015625,0.0,0.0,0.0,0.0,0.0,0.0,0.3331400553385417,0.0
baseline,202,img_XXX_(4150).png,True,1.0,0.0,0.0,0.9994964599609375,0.0,0.0005035400390625,0.9994964599609375,1.0,0.9994964599609375,0.0,0.0,0.0,0.0,0.0,0.0,0.3331654866536458,0.0
baseline,202,img_XXX_(4169).png,True,1.0,0.0,0.0,0.99951171875,0.0,0.00048828125,0.99951171875,1.0,0.99951171875,0.0,0.0,0.0,0.0,0.0,0.0,0.3331705729166667,0.0
baseline,202,img_XXX_(48182).png,False,0.9258270263671875,0.0443878173828125,0.02978515625,1.0,0.0,0.0,0.9258270263671875,0.9258270263671875,1.0,0.0,0.0,0.0,0.0,0.0,0.0,0.3086090087890625,0.0
baseline,202,img_XXX_(48229).png,False,0.882568359375,0.086669921875,0.03076171875,1.0,0.0,0.0,0.882568359375,0.882568359375,1.0,0.0,0.0,0.0,0.0,0.0,0.0,0.294189453125,0.0
baseline,202,img_XXX_(48262).png,False,0.8213043212890625,0.1498565673828125,0.028839111328125,1.0,0.0,0.0,0.8213043212890625,0.8213043212890625,1.0,0.0,0.0,0.0,0.0,0.0,0.0,0.2737681070963542,0.0
baseline,202,img_XXX_(48358).png,False,0.971343994140625,0.0,0.028656005859375,1.0,0.0,0.0,0.971343994140625,0.971343994140625,1.0,0.0,0.0,0.0,0.0,0.0,0.0,0.3237813313802083,0.0
baseline,202,img_XXX_(48376).png,False,0.970306396484375,0.0,0.029693603515625,1.0,0.0,0.0,0.970306396484375,0.970306396484375,1.0,0.0,0.0,0.0,0.0,0.0,0.0,0.3234354654947917,0.0
baseline,202,img_XXX_(48462).png,False,0.9704132080078125,0.0,0.0295867919921875,1.0,0.0,0.0,0.9704132080078125,0.9704132080078125,1.0,0.0,0.0,0.0,0.0,0.0,0.0,0.3234710693359375,0.0
baseline,202,img_XXX_(48576).png,False,0.96942138671875,0.0,0.03057861328125,1.0,0.0,0.0,0.96942138671875,0.96942138671875,1.0,0.0,0.0,0.0,0.0,0.0,0.0,0.3231404622395833,0.0
baseline,202,img_XXX_(48597).png,False,0.9718475341796875,0.0,0.0281524658203125,1.0,0.0,0.0,0.9718475341796875,0.9718475341796875,1.0,0.0,0.0,0.0,0.0,0.0,0.0,0.3239491780598958,0.0
baseline,202,img_XXX_(48683).png,False,0.97235107421875,0.0,0.02764892578125,1.0,0.0,0.0,0.97235107421875,0.97235107421875,1.0,0.0,0.0,0.0,0.0,0.0,0.0,0.3241170247395833,0.0
baseline,202,img_XXX_(49053).png,False,0.9226226806640625,0.046295166015625,0.0310821533203125,1.0,0.0,0.0,0.9226226806640625,0.9226226806640625,1.0,0.0,0.0,0.0,0.0,0.0,0.0,0.3075408935546875,0.0
baseline,202,img_XXX_(49154).png,False,0.939483642578125,0.029571533203125,0.03094482421875,1.0,0.0,0.0,0.939483642578125,0.939483642578125,1.0,0.0,0.0,0.0,0.0,0.0,0.0,0.3131612141927083,0.0
baseline,202,img_XXX_(49316).png,False,0.943267822265625,0.0260009765625,0.030731201171875,1.0,0.0,0.0,0.943267822265625,0.943267822265625,1.0,0.0,0.0,0.0,0.0,0.0,0.0,0.314422607421875,0.0
baseline,202,img_XXX_(49324).png,False,0.9494781494140625,0.01904296875,0.0314788818359375,1.0,0.0,0.0,0.9494781494140625,0.9494781494140625,1.0,0.0,0.0,0.0,0.0,0.0,0.0,0.3164927164713542,0.0
baseline,202,img_XXX_(49344).png,False,0.9382781982421875,0.0307769775390625,0.03094482421875,1.0,0.0,0.0,0.9382781982421875,0.9382781982421875,1.0,0.0,0.0,0.0,0.0,0.0,0.0,0.3127593994140625,0.0
baseline,202,img_XXX_(49351).png,False,0.9677581787109375,0.0,0.0322418212890625,1.0,0.0,0.0,0.9677581787109375,0.9677581787109375,1.0,0.0,0.0,0.0,0.0,0.0,0.0,0.3225860595703125,0.0
baseline,202,img_XXX_(49373).png,False,0.89801025390625,0.069122314453125,0.032867431640625,1.0,0.0,0.0,0.89801025390625,0.89801025390625,1.0,0.0,0.0,0.0,0.0,0.0,0.0,0.2993367513020833,0.0
baseline,202,img_XXX_(49393).png,False,0.969390869140625,0.0,0.030609130859375,1.0,0.0,0.0,0.969390869140625,0.969390869140625,1.0,0.0,0.0,0.0,0.0,0.0,0.0,0.3231302897135417,0.0
baseline,202,img_XXX_(49434).png,False,0.9662933349609375,0.0,0.0337066650390625,1.0,0.0,0.0,0.9662933349609375,0.9662933349609375,1.0,0.0,0.0,0.0,0.0,0.0,0.0,0.3220977783203125,0.0
baseline,202,img_XXX_(49456).png,False,0.9686126708984375,0.0,0.0313873291015625,1.0,0.0,0.0,0.9686126708984375,0.9686126708984375,1.0,0.0,0.0,0.0,0.0,0.0,0.0,0.3228708902994792,0.0
baseline,202,img_XXX_(49581).png,False,0.96954345703125,0.0,0.03045654296875,1.0,0.0,0.0,0.96954345703125,0.96954345703125,1.0,0.0,0.0,0.0,0.0,0.0,0.0,0.32318115234375,0.0
baseline,202,img_XXX_(49613).png,False,0.97003173828125,0.0,0.02996826171875,1.0,0.0,0.0,0.97003173828125,0.97003173828125,1.0,0.0,0.0,0.0,0.0,0.0,0.0,0.3233439127604167,0.0
baseline,202,img_XXX_(49673).png,False,0.9740142822265625,0.0,0.0259857177734375,1.0,0.0,0.0,0.9740142822265625,0.9740142822265625,1.0,0.0,0.0,0.0,0.0,0.0,0.0,0.3246714274088542,0.0
baseline,202,img_XXX_(49731).png,False,0.9710845947265625,0.0,0.0289154052734375,1.0,0.0,0.0,0.9710845947265625,0.9710845947265625,1.0,0.0,0.0,0.0,0.0,0.0,0.0,0.3236948649088542,0.0
baseline,202,img_XXX_(49766).png,False,0.96990966796875,0.0,0.03009033203125,1.0,0.0,0.0,0.96990966796875,0.96990966796875,1.0,0.0,0.0,0.0,0.0,0.0,0.0,0.32330322265625,0.0
baseline,202,img_XXX_(49872).png,False,0.9656524658203125,0.0073089599609375,0.02703857421875,1.0,0.0,0.0,0.9656524658203125,0.9656524658203125,1.0,0.0,0.0,0.0,0.0,0.0,0.0,0.3218841552734375,0.0
baseline,202,img_XXX_(50185).png,False,0.9013214111328125,0.0332183837890625,0.065460205078125,0.998779296875,0.0,0.001220703125,0.9008258155118988,0.9015827426057199,0.9990688855406389,0.0,0.0,0.0,0.005753739930955121,0.3125,0.005827505827505828,0.30219318514761795,0.0028768699654775605
baseline,202,img_XXX_(50271).png,False,0.904571533203125,0.0301971435546875,0.0652313232421875,1.0,0.0,0.0,0.904571533203125,0.904571533203125,1.0,0.0,0.0,0.0,0.0,0.0,0.0,0.3015238444010417,0.0
baseline,202,img_XXX_(50274).png,False,0.9035491943359375,0.0352783203125,0.0611724853515625,1.0,0.0,0.0,0.9035491943359375,0.9035491943359375,1.0,0.0,0.0,0.0,0.0,0.0,0.0,0.3011830647786458,0.0
baseline,202,img_XXX_(50396).png,False,0.780731201171875,0.1357421875,0.083526611328125,0.99993896484375,0.0,6.103515625e-05,0.7807788561313557,0.7807788561313557,1.0,0.0,0.0,0.0,0.0,0.0,0.0,0.2602596187104519,0.0
baseline,202,img_XXX_(50410).png,False,0.7238006591796875,0.1797027587890625,0.09649658203125,1.0,0.0,0.0,0.7238006591796875,0.7238006591796875,1.0,0.0,0.0,0.0,0.0,0.0,0.0,0.24126688639322916,0.0
baseline,202,img_XXX_(50427).png,False,0.726104736328125,0.2053985595703125,0.0684967041015625,0.999908447265625,0.0,9.1552734375e-05,0.726092197823997,0.7261254387303525,0.9999369562476359,0.0,0.0,0.0,0.0006678539626001781,0.5,0.0006683002895967921,0.2422533505955324,0.00033392698130008905
baseline,202,img_XXX_(50473).png,False,0.6545867919921875,0.246917724609375,0.0984954833984375,1.0,0.0,0.0,0.6545867919921875,0.6545867919921875,1.0,0.0,0.0,0.0,0.0,0.0,0.0,0.21819559733072916,0.0
baseline,202,img_XXX_(50484).png,False,0.734832763671875,0.17132568359375,0.093841552734375,1.0,0.0,0.0,0.734832763671875,0.734832763671875,1.0,0.0,0.0,0.0,0.0,0.0,0.0,0.24494425455729166,0.0
baseline,202,img_XXX_(50554).png,False,0.6790924072265625,0.23468017578125,0.0862274169921875,0.99993896484375,0.0,6.103515625e-05,0.6791338582677166,0.6791338582677166,1.0,0.0,0.0,0.0,0.0007078393204742523,1.0,0.0007078393204742523,0.2266138991960636,0.00035391966023712616
baseline,202,img_XXX_(50657).png,False,0.53546142578125,0.36529541015625,0.0992431640625,0.999969482421875,0.0,3.0517578125e-05,0.5354777672658467,0.5354777672658467,1.0,0.0,0.0,0.0,0.0003075030750307503,1.0,0.0003075030750307503,0.17859509011362582,0.00015375153751537516
baseline,202,img_XXX_(50671).png,False,0.53802490234375,0.364593505859375,0.097381591796875,0.9999847412109375,0.0,1.52587890625e-05,0.5380331120775158,0.5380331120775158,1.0,0.0,0.0,0.0,0.00015669069257286117,1.0,0.00015669069257286117,0.1793966009233629,7.834534628643058e-05
baseline,202,img_XXX_(50672).png,False,0.5467071533203125,0.3545989990234375,0.09869384765625,0.9998931884765625,0.0,0.0001068115234375,0.5467655541821178,0.5467655541821178,1.0,0.0,0.0,0.0,0.0010822510822510823,1.0,0.0010822510822510823,0.18261593508812296,0.0005411255411255411
baseline,202,img_XXX_(50803).png,False,0.6017913818359375,0.295379638671875,0.1028289794921875,0.99993896484375,0.0,6.103515625e-05,0.6018281145089422,0.6018281145089422,1.0,0.0,0.0,0.0,0.0005935598753524262,1.0,0.0005935598753524262,0.2008072247947649,0.0002967799376762131
baseline,202,img_XXX_(50816).png,False,0.5553436279296875,0.3322296142578125,0.1124267578125,1.0,0.0,0.0,0.5553436279296875,0.5553436279296875,1.0,0.0,0.0,0.0,0.0,0.0,0.0,0.18511454264322916,0.0
baseline,202,img_XXX_(50865).png,False,0.662200927734375,0.222412109375,0.115386962890625,1.0,0.0,0.0,0.662200927734375,0.662200927734375,1.0,0.0,0.0,0.0,0.0,0.0,0.0,0.220733642578125,0.0
baseline,202,img_XXX_(51279).png,False,0.235687255859375,0.6944732666015625,0.0698394775390625,0.999908447265625,0.0,9.1552734375e-05,0.23565226679688095,0.2356630550892721,0.9998057749579179,0.0,0.0,0.0,0.0006550218340611354,0.5,0.0006554511688879179,0.07876909621031403,0.0003275109170305677
baseline,202,img_XXX_(51321).png,False,0.221160888671875,0.7079620361328125,0.0708770751953125,0.9999542236328125,0.0,4.57763671875e-05,0.22117101307738085,0.22117101307738085,1.0,0.0,0.0,0.0,0.0006458557588805167,1.0,0.0006458557588805167,0.07393895627875378,0.00032292787944025834
baseline,202,img_XXX_(51381).png,False,0.07025146484375,0.8871917724609375,0.0425567626953125,0.9998931884765625,0.0,0.0001068115234375,0.07025896931129728,0.07025896931129728,1.0,0.0,0.0,0.0,0.002509860164933668,1.0,0.002509860164933668,0.024256276492076984,0.001254930082466834
baseline,202,img_XXX_(51536).png,False,0.130218505859375,0.8443756103515625,0.0254058837890625,0.9999237060546875,0.0,7.62939453125e-05,0.13022844150096902,0.13022844150096902,1.0,0.0,0.0,0.0,0.003003003003003003,1.0,0.003003003003003003,0.044410481501324005,0.0015015015015015015
baseline,202,img_XXX_(51546).png,False,0.12371826171875,0.8492431640625,0.02703857421875,0.9999237060546875,0.0,7.62939453125e-05,0.12372770139323373,0.12372770139323373,1.0,0.0,0.0,0.0,0.0028216704288939053,1.0,0.0028216704288939053,0.042183123940709215,0.0014108352144469526
baseline,202,img_XXX_(51578).png,False,0.0728759765625,0.9017181396484375,0.0254058837890625,0.999786376953125,0.0,0.000213623046875,0.07287517360316224,0.07287628582766094,0.9997906197654941,0.0,0.0,0.0,0.0078031212484993995,0.9285714285714286,0.007807807807807808,0.02689276495055388,0.0039015606242496998
baseline,202,img_XXX_(51611).png,False,0.0528564453125,0.92181396484375,0.02532958984375,0.999786376953125,0.0,0.000213623046875,0.0528516704058117,0.05285247703061567,0.9997113163972287,0.0,0.0,0.0,0.007826610475617099,0.9285714285714286,0.00783132530120482,0.020226093627142932,0.0039133052378085495
baseline,202,img_XXX_(51639).png,False,0.0882568359375,0.887176513671875,0.024566650390625,0.9998016357421875,0.0,0.0001983642578125,0.08825773762285574,0.08825908459624865,0.9998271092669433,0.0,0.0,0.0,0.0074487895716946,0.9230769230769231,0.007453416149068323,0.03190217573151678,0.0037243947858473
baseline,202,img_XXX_(51762).png,False,0.254638671875,0.66162109375,0.083740234375,1.0,0.0,0.0,0.254638671875,0.254638671875,1.0,0.0,0.0,0.0,0.0,0.0,0.0,0.08487955729166667,0.0
baseline,202,img_XXX_(51866).png,False,0.26263427734375,0.6544189453125,0.08294677734375,0.9999847412109375,0.0,1.52587890625e-05,0.2626382848859388,0.2626382848859388,1.0,0.0,0.0,0.0,0.0,0.0,0.0,0.08754609496197961,0.0
baseline,202,img_XXX_(51903).png,False,0.21405029296875,0.6995391845703125,0.0864105224609375,0.999969482421875,0.0,3.0517578125e-05,0.2140568254646443,0.2140568254646443,1.0,0.0,0.0,0.0,0.0,0.0,0.0,0.07135227515488143,0.0
baseline,202,img_XXX_(51942).png,False,0.1991729736328125,0.7121124267578125,0.088714599609375,1.0,0.0,0.0,0.1991729736328125,0.1991729736328125,1.0,0.0,0.0,0.0,0.0,0.0,0.0,0.0663909912109375,0.0
baseline,202,img_XXX_(51948).png,False,0.1454620361328125,0.764312744140625,0.0902252197265625,1.0,0.0,0.0,0.1454620361328125,0.1454620361328125,1.0,0.0,0.0,0.0,0.0,0.0,0.0,0.048487345377604164,0.0
baseline,202,img_XXX_(51950).png,False,0.2035980224609375,0.7050018310546875,0.091400146484375,1.0,0.0,0.0,0.2035980224609375,0.2035980224609375,1.0,0.0,0.0,0.0,0.0,0.0,0.0,0.06786600748697917,0.0
baseline,202,img_XXX_(51993).png,False,0.244110107421875,0.6771392822265625,0.0787506103515625,1.0,0.0,0.0,0.244110107421875,0.244110107421875,1.0,0.0,0.0,0.0,0.0,0.0,0.0,0.08137003580729167,0.0
baseline,202,img_XXX_(52031).png,False,0.2314910888671875,0.6881866455078125,0.080322265625,1.0,0.0,0.0,0.2314910888671875,0.2314910888671875,1.0,0.0,0.0,0.0,0.0,0.0,0.0,0.0771636962890625,0.0
baseline,202,img_XXX_(52259).png,False,0.3029022216796875,0.6017913818359375,0.095306396484375,1.0,0.0,0.0,0.3029022216796875,0.3029022216796875,1.0,0.0,0.0,0.0,0.0,0.0,0.0,0.1009674072265625,0.0
baseline,202,img_XXX_(52373).png,False,0.71661376953125,0.2161407470703125,0.0672454833984375,1.0,0.0,0.0,0.71661376953125,0.71661376953125,1.0,0.0,0.0,0.0,0.0,0.0,0.0,0.23887125651041666,0.0
baseline,202,img_XXX_(52502).png,False,0.7601165771484375,0.17730712890625,0.0625762939453125,0.9992523193359375,0.0,0.0007476806640625,0.760309002915986,0.760471543970559,0.9997189601525645,0.0,0.0,0.0,0.00850546780072904,0.7142857142857143,0.00853450377956596,0.256271490238905,0.00425273390036452
baseline,202,img_XXX_(52558).png,False,0.814849853515625,0.122039794921875,0.0631103515625,0.998565673828125,0.0,0.001434326171875,0.8139137336304527,0.8148589590782678,0.9985768323283772,0.0,0.0,0.0,0.004273504273504274,0.19148936170212766,0.004352030947775629,0.272729079301319,0.002136752136752137
baseline,202,img_XXX_(52811).png,False,0.9082489013671875,0.03564453125,0.0561065673828125,0.99755859375,0.0,0.00244140625,0.906942302700887,0.9086209006363192,0.997967172353544,0.0,0.0,0.0,0.010268562401263823,0.24375,0.010606472667935817,0.3057369550340503,0.005134281200631911
baseline,202,img_XXX_(52812).png,False,0.8903961181640625,0.054840087890625,0.0547637939453125,0.9977874755859375,0.0,0.0022125244140625,0.8891925314117342,0.8906883210227707,0.9981149212551197,0.0,0.0,0.0,0.009462016761286834,0.2413793103448276,0.009752020061298413,0.29955151605767366,0.004731008380643417
baseline,202,img_XXX_(52855).png,False,0.9364166259765625,0.0086822509765625,0.054901123046875,0.9989776611328125,0.0,0.0010223388671875,0.9363102053278376,0.9368250622431991,0.9994133846078639,0.0,0.0,0.0,0.0085305448541552,0.4626865671641791,0.008615897720956087,0.31494691672733094,0.0042652724270776
baseline,202,img_XXX_(52914).png,False,0.9436492919921875,0.005828857421875,0.0505218505859375,0.999847412109375,0.0,0.000152587890625,0.9437636394158133,0.9437780423038183,0.9999838300211826,0.0,0.0,0.0,0.002717391304347826,0.9,0.002718212020537602,0.31549367690672037,0.001358695652173913
baseline,202,img_XXX_(53024).png,False,0.9295196533203125,0.015625,0.0548553466796875,1.0,0.0,0.0,0.9295196533203125,0.9295196533203125,1.0,0.0,0.0,0.0,0.0,0.0,0.0,0.3098398844401042,0.0
baseline,202,img_XXX_(53046).png,False,0.925506591796875,0.016845703125,0.057647705078125,1.0,0.0,0.0,0.925506591796875,0.925506591796875,1.0,0.0,0.0,0.0,0.0,0.0,0.0,0.308502197265625,0.0
baseline,202,img_XXX_(53137).png,False,0.918731689453125,0.0205535888671875,0.0607147216796875,1.0,0.0,0.0,0.918731689453125,0.918731689453125,1.0,0.0,0.0,0.0,0.0,0.0,0.0,0.306243896484375,0.0
baseline,202,img_XXX_(53148).png,False,0.922210693359375,0.02044677734375,0.057342529296875,1.0,0.0,0.0,0.922210693359375,0.922210693359375,1.0,0.0,0.0,0.0,0.0,0.0,0.0,0.307403564453125,0.0
baseline,202,img_XXX_(53164).png,False,0.835540771484375,0.1023712158203125,0.0620880126953125,1.0,0.0,0.0,0.835540771484375,0.835540771484375,1.0,0.0,0.0,0.0,0.0,0.0,0.0,0.2785135904947917,0.0
baseline,202,img_XXX_(18323).png,False,0.036712646484375,0.801910400390625,0.161376953125,0.9703369140625,0.0,0.0296630859375,0.03783494779217512,0.03783494779217512,1.0,0.0,0.0,0.0,0.163352536703215,0.904320987654321,0.1662254160363086,0.06706249483179672,0.0816762683516075
baseline,202,img_XXX_(18538).png,False,0.0716400146484375,0.7637786865234375,0.164581298828125,0.9832305908203125,0.0,0.0167694091796875,0.07256225273446591,0.07258252246380185,0.9961661341853035,0.0,0.0,0.0,0.09237132352941177,0.9144676979071884,0.0931763396996106,0.054977858754625894,0.046185661764705885
baseline,202,img_XXX_(18544).png,False,0.085418701171875,0.76202392578125,0.152557373046875,0.983154296875,0.0,0.016845703125,0.08629221151907178,0.08633908616836354,0.9937477670596642,0.0,0.0,0.0,0.09584443786398184,0.8795289855072463,0.09711942388477696,0.06071221646101787,0.04792221893199092
baseline,202,img_XXX_(18577).png,False,0.0586090087890625,0.7845458984375,0.1568450927734375,0.982208251953125,0.0,0.017791748046875,0.059308609765188224,0.05932887991300295,0.9942723249153866,0.0,0.0,0.0,0.10164597170083742,0.9056603773584906,0.10273372896196128,0.05365152715534188,0.05082298585041871
baseline,202,img_XXX_(18620).png,False,0.06585693359375,0.7730712890625,0.16107177734375,0.97979736328125,0.0,0.02020263671875,0.06633470785030732,0.06638945991403476,0.9877201112140871,0.0,0.0,0.0,0.11308910334488897,0.9116314199395771,0.11434255399772641,0.05980793706506543,0.05654455167244449
baseline,202,img_XXX_(19166).png,False,0.0518646240234375,0.7961883544921875,0.151947021484375,0.9839019775390625,0.0,0.0160980224609375,0.05253364758419649,0.05254260945084598,0.9967637540453075,0.0,0.0,0.0,0.08555938886150813,0.8227488151658767,0.08716609760996184,0.04603101214856821,0.042779694430754064
baseline,202,img_XXX_(19222).png,False,0.0841064453125,0.762664794921875,0.153228759765625,0.987457275390625,0.0,0.012542724609375,0.0847222007692189,0.08475754859844856,0.9951015965166908,0.0,0.0,0.0,0.06395064146508667,0.7944038929440389,0.06502688707428798,0.04955761407810185,0.03197532073254333
baseline,202,img_XXX_(19274).png,False,0.0864715576171875,0.755126953125,0.1584014892578125,0.986480712890625,0.0,0.013519287109375,0.08698407791003246,0.08703789636504254,0.9929415916710782,0.0,0.0,0.0,0.0666477326517088,0.7945823927765236,0.06781620267796937,0.05121060352058042,0.0333238663258544
baseline,202,img_XXX_(19317).png,False,0.0378265380859375,0.8137664794921875,0.148406982421875,0.9886322021484375,0.0,0.0113677978515625,0.038261486934913796,0.038261486934913796,1.0,0.0,0.0,0.0,0.055544354838709675,0.7395973154362416,0.05665227225992186,0.03126861392454116,0.027772177419354838
baseline,202,img_XXX_(19318).png,False,0.049041748046875,0.7970428466796875,0.1539154052734375,0.98846435546875,0.0,0.01153564453125,0.04927393095785559,0.04928990429144798,0.9934660858743,0.0,0.0,0.0,0.054561369383388444,0.7420634920634921,0.05561613958560523,0.03461176678041468,0.027280684691694222
baseline,202,img_XXX_(19336).png,False,0.03704833984375,0.813446044921875,0.149505615234375,0.9885406494140625,0.0,0.0114593505859375,0.03747781122173342,0.03747781122173342,1.0,0.0,0.0,0.0,0.05585026523871484,0.7430093209054593,0.05695039804041641,0.03110935882014942,0.02792513261935742
baseline,202,img_XXX_(19497).png,False,0.0,0.8441009521484375,0.1558990478515625,0.9886932373046875,0.0,0.0113067626953125,0.0,0.0,0.0,0.0,0.0,0.0,0.04921486020681731,0.6936572199730094,0.050308309679945186,0.016404953402272437,0.024607430103408656
baseline,202,img_XXX_(19503).png,False,0.0,0.843292236328125,0.156707763671875,0.9891510009765625,0.0,0.0108489990234375,0.0,0.0,0.0,0.0,0.0,0.0,0.04810537367567052,0.7088607594936709,0.04907497565725414,0.01603512455855684,0.02405268683783526
baseline,202,img_XXX_(19509).png,False,0.0,0.8439483642578125,0.1560516357421875,0.99072265625,0.0,0.00927734375,0.0,0.0,0.0,0.0,0.0,0.0,0.04595038131093735,0.7828947368421053,0.04654346338124572,0.01531679377031245,0.022975190655468675
baseline,202,img_XXX_(19512).png,False,0.0,0.8382110595703125,0.1617889404296875,0.9902191162109375,0.0,0.0097808837890625,0.0,0.0,0.0,0.0,0.0,0.0,0.047512576858580215,0.7956318252730109,0.0480995944543997,0.015837525619526737,0.023756288429290107
baseline,202,img_XXX_(19521).png,False,0.0,0.8374176025390625,0.1625823974609375,0.9913787841796875,0.0,0.0086212158203125,0.0,0.0,0.0,0.0,0.0,0.0,0.04149262043998886,0.7911504424778761,0.041952135147817926,0.013830873479996286,0.02074631021999443
baseline,202,img_XXX_(19572).png,False,0.0,0.8397979736328125,0.1602020263671875,0.9920196533203125,0.0,0.0079803466796875,0.0,0.0,0.0,0.0,0.0,0.0,0.036584218941032635,0.7437858508604207,0.037051147728355084,0.012194739647010878,0.018292109470516318
baseline,202,img_XXX_(19601).png,False,0.018218994140625,0.8277587890625,0.154022216796875,0.991790771484375,0.0,0.008209228515625,0.018369795993722883,0.018369795993722883,1.0,0.0,0.0,0.0,0.038585523102471424,0.7342007434944238,0.039132157717455915,0.018985106365398102,0.019292761551235712
baseline,202,img_XXX_(19620).png,False,0.022216796875,0.820587158203125,0.157196044921875,0.9925384521484375,0.0,0.0074615478515625,0.022383814780082095,0.022383814780082095,1.0,0.0,0.0,0.0,0.03332375754093651,0.7116564417177914,0.0337798485730926,0.018569190773672868,0.016661878770468257
baseline,202,img_XXX_(19630).png,False,0.0321197509765625,0.8137054443359375,0.1541748046875,0.9934844970703125,0.0,0.0065155029296875,0.032298689929505,0.032299682071603004,0.9990498812351544,0.0,0.0,0.0,0.030027386541471048,0.7189695550351288,0.030384006334125097,0.020775358823658684,0.015013693270735524
baseline,202,img_XXX_(19728).png,False,0.022979736328125,0.831085205078125,0.14593505859375,0.9928741455078125,0.0,0.0071258544921875,0.02308176970479308,0.023083188615162367,0.99734395750332,0.0,0.0,0.0,0.032314500360193475,0.6723768736616702,0.032831451275616895,0.018465423354995517,0.016157250180096738
baseline,202,img_XXX_(20103).png,False,0.0533599853515625,0.7691497802734375,0.177490234375,0.951446533203125,0.0,0.048553466796875,0.05572745490981964,0.05574622317734227,0.9939948527309123,0.0,0.0,0.0,0.22157169951348232,0.8444374607165305,0.23100068775790922,0.09243305147443398,0.11078584975674116
baseline,202,img_XXX_(20113).png,False,0.0677337646484375,0.7671356201171875,0.165130615234375,0.952789306640625,0.0,0.047210693359375,0.07062703100737966,0.07065757022516896,0.9939175489975219,0.0,0.0,0.0,0.2257553069673214,0.8283775048480931,0.23683237848826463,0.0987941126582337,0.1128776534836607
baseline,202,img_XXX_(20168).png,False,0.038604736328125,0.8365631103515625,0.1248321533203125,0.9997711181640625,0.0,0.0002288818359375,0.0383758544921875,0.038384640039071445,0.9940711462450593,0.0,0.0,0.0,0.0,0.0,0.0,0.012791951497395834,0.0
baseline,202,img_XXX_(20194).png,False,0.0548553466796875,0.769378662109375,0.1757659912109375,1.0,0.0,0.0,0.0548553466796875,0.0548553466796875,1.0,0.0,0.0,0.0,0.0,0.0,0.0,0.018285115559895832,0.0
baseline,202,img_XXX_(20195).png,False,0.0654144287109375,0.748291015625,0.1862945556640625,1.0,0.0,0.0,0.0654144287109375,0.0654144287109375,1.0,0.0,0.0,0.0,0.0,0.0,0.0,0.0218048095703125,0.0
baseline,202,img_XXX_(20339).png,False,0.46923828125,0.3868560791015625,0.1439056396484375,0.999298095703125,0.0,0.000701904296875,0.46945568363997253,0.4694915254237288,0.9998374089490114,0.0,0.0,0.0,0.004345061466723188,0.8913043478260869,0.004347365072632807,0.1579335817022319,0.002172530733361594
baseline,202,img_XXX_(20367).png,False,0.47784423828125,0.386993408203125,0.135162353515625,0.9994964599609375,0.0,0.0005035400390625,0.4778819147637074,0.47794757492023265,0.9997126069740707,0.0,0.0,0.0,0.0021415689810640216,0.5757575757575758,0.0021449537141566945,0.1600078279149238,0.0010707844905320108
baseline,202,img_XXX_(20382).png,False,0.4635162353515625,0.3988189697265625,0.137664794921875,0.999359130859375,0.0,0.000640869140625,0.4635900097703957,0.4636607933551165,0.9996708035684894,0.0,0.0,0.0,0.0027657926761809936,0.5952380952380952,0.0027710042119264023,0.1554519341488589,0.0013828963380904968
baseline,202,img_XXX_(20400).png,False,0.3951263427734375,0.46575927734375,0.1391143798828125,0.999725341796875,0.0,0.000274658203125,0.3951497207044962,0.39517384535547484,0.9998455300251013,0.0,0.0,0.0,0.0015349194167306216,0.7777777777777778,0.001535592848524734,0.13222821337374227,0.0007674597083653108
baseline,202,img_XXX_(53262).png,False,0.915618896484375,0.014312744140625,0.070068359375,1.0,0.0,0.0,0.915618896484375,0.915618896484375,1.0,0.0,0.0,0.0,0.0,0.0,0.0,0.305206298828125,0.0
baseline,202,img_XXX_(53364).png,False,0.82928466796875,0.063720703125,0.10699462890625,1.0,0.0,0.0,0.82928466796875,0.82928466796875,1.0,0.0,0.0,0.0,0.0,0.0,0.0,0.27642822265625,0.0
baseline,202,img_XXX_(53385).png,False,0.83331298828125,0.0394134521484375,0.1272735595703125,1.0,0.0,0.0,0.83331298828125,0.83331298828125,1.0,0.0,0.0,0.0,0.0,0.0,0.0,0.27777099609375,0.0
baseline,202,img_XXX_(24138).png,False,0.1840057373046875,0.67681884765625,0.1391754150390625,0.99993896484375,0.0,6.103515625e-05,0.1840169688091314,0.1840169688091314,1.0,0.0,0.0,0.0,0.0,0.0,0.0,0.0613389896030438,0.0
baseline,202,img_XXX_(24144).png,False,0.170989990234375,0.6842803955078125,0.1447296142578125,0.999908447265625,0.0,9.1552734375e-05,0.17100564626888448,0.17100564626888448,1.0,0.0,0.0,0.0,0.00021077036568658446,0.3333333333333333,0.00021085925144965736,0.057072138878190355,0.00010538518284329223
baseline,202,img_XXX_(24153).png,False,0.21002197265625,0.6642608642578125,0.1257171630859375,0.999908447265625,0.0,9.1552734375e-05,0.21004120250267053,0.21004120250267053,1.0,0.0,0.0,0.0,0.00024263011039670022,0.3333333333333333,0.00024274790629930817,0.07009461087102241,0.00012131505519835011
baseline,202,img_XXX_(24418).png,False,0.06121826171875,0.8034515380859375,0.1353302001953125,0.9677581787109375,0.0,0.0322418212890625,0.06307343065233156,0.06308437002349306,0.997258225324028,0.0,0.0,0.0,0.17391769107429184,0.7699952673923331,0.18344796482128764,0.07899704057554113,0.08695884553714592
baseline,202,img_XXX_(24435).png,False,0.0631256103515625,0.7896575927734375,0.147216796875,0.969635009765625,0.0,0.030364990234375,0.0650354051927616,0.06503949894564567,0.9990331157843848,0.0,0.0,0.0,0.16112940237453857,0.8115577889447236,0.1673922056384743,0.07538826918910006,0.08056470118726929
baseline,202,img_XXX_(24488).png,False,0.0882415771484375,0.77520751953125,0.1365509033203125,0.9748992919921875,0.0,0.0251007080078125,0.08962669877859969,0.08969964470739228,0.9910081272695833,0.0,0.0,0.0,0.13803845740681062,0.7811550151975684,0.14359146273326628,0.07588838539513677,0.06901922870340531
baseline,202,img_XXX_(24542).png,False,0.148590087890625,0.7132110595703125,0.1381988525390625,0.9703826904296875,0.0,0.0296173095703125,0.14994276395226672,0.15035773252614199,0.9819264736085439,0.0,0.0,0.0,0.14861618798955614,0.7331272539927872,0.1571160428397924,0.09951965064727429,0.07430809399477807
baseline,202,img_XXX_(24555).png,False,0.1713714599609375,0.674285888671875,0.1543426513671875,0.9653472900390625,0.0,0.0346527099609375,0.17333165330519287,0.17395084169762112,0.9798771258124833,0.0,0.0,0.0,0.16904200094384145,0.7886393659180978,0.17706376668314386,0.11412455141634477,0.08452100047192072
baseline,202,img_XXX_(24618).png,False,0.14404296875,0.6995391845703125,0.1564178466796875,0.96343994140625,0.0,0.03656005859375,0.1467302861295878,0.14708584098828,0.9837923728813559,0.0,0.0,0.0,0.17613689203013114,0.7904841402337228,0.18476246219880987,0.10762239271990631,0.08806844601506557
baseline,202,img_XXX_(24912).png,False,0.0620880126953125,0.77252197265625,0.1653900146484375,0.9861602783203125,0.0,0.0138397216796875,0.0625976396343444,0.06261894815021121,0.9945932661587613,0.0,0.0,0.0,0.06394927536231884,0.7783902976846747,0.06513516007011717,0.04218230499888775,0.03197463768115942
baseline,202,img_XXX_(24913).png,False,0.0604705810546875,0.774139404296875,0.1653900146484375,0.9860076904296875,0.0,0.0139923095703125,0.06068854588759318,0.060725173710518575,0.9901589704769115,0.0,0.0,0.0,0.06504801594491756,0.7829880043620502,0.0662422732724421,0.04191218727750358,0.03252400797245878
baseline,202,img_XXX_(24927).png,False,0.0612945556640625,0.7694549560546875,0.16925048828125,0.985992431640625,0.0,0.014007568359375,0.06147540983606557,0.06151536723513572,0.9895444361463779,0.0,0.0,0.0,0.0617982494916453,0.761437908496732,0.06301839163360981,0.041091219775903624,0.03089912474582265
baseline,202,img_XXX_(24988).png,False,0.066162109375,0.7734222412109375,0.1604156494140625,0.9885101318359375,0.0,0.0114898681640625,0.06602609580801382,0.06608215118163716,0.9873154981549815,0.0,0.0,0.0,0.05417797323851408,0.7689243027888446,0.05507466945686293,0.040068023015509296,0.02708898661925704
baseline,202,img_XXX_(25136).png,False,0.0706329345703125,0.7498321533203125,0.179534912109375,0.9901123046875,0.0,0.0098876953125,0.07118973142055873,0.07119960547404759,0.9980557355800389,0.0,0.0,0.0,0.045477513895907026,0.8333333333333334,0.04589495155532891,0.038889081772155255,0.022738756947953513
baseline,202,img_XXX_(25176).png,False,0.09259033203125,0.749481201171875,0.157928466796875,0.9875335693359375,0.0,0.0124664306640625,0.09315110802254652,0.09320292340734561,0.994067237969677,0.0,0.0,0.0,0.06332127213864026,0.813953488372093,0.0642512077294686,0.05215746005372893,0.03166063606932013
baseline,202,img_XXX_(25208).png,False,0.1195831298828125,0.7191314697265625,0.161285400390625,0.984100341796875,0.0,0.015899658203125,0.12076793157413576,0.12084845101869941,0.9945132065841521,0.0,0.0,0.0,0.07838038632986627,0.8099808061420346,0.07984862819299905,0.06638277263466734,0.039190193164933135
baseline,202,img_XXX_(25221).png,False,0.1194610595703125,0.7215728759765625,0.158966064453125,0.9814910888671875,0.0,0.0185089111328125,0.12094706915034101,0.12102980271442564,0.9943798697151616,0.0,0.0,0.0,0.09078120603957611,0.7980214344600165,0.09291610673833749,0.07057609172997237,0.045390603019788055
baseline,202,img_XXX_(25229).png,False,0.1039886474609375,0.728179931640625,0.1678314208984375,0.980316162109375,0.0,0.019683837890625,0.10552599645290768,0.10557855741991719,0.9953044754218635,0.0,0.0,0.0,0.09332740213523132,0.8131782945736434,0.09537230657332485,0.06628446619604633,0.04666370106761566
baseline,202,img_XXX_(25272).png,False,0.11212158203125,0.7184906005859375,0.1693878173828125,0.9742584228515625,0.0,0.0257415771484375,0.11393256669013534,0.11405033751507462,0.9910179640718563,0.0,0.0,0.0,0.11832094446873634,0.8020154119739182,0.12188091162958292,0.07741783705295723,0.05916047223436817
baseline,202,img_XXX_(25280).png,False,0.1290130615234375,0.7148590087890625,0.1561279296875,0.9752655029296875,0.0,0.0247344970703125,0.1309756364375127,0.13112727841664712,0.9912477823772915,0.0,0.0,0.0,0.11494685354152949,0.7538556446637877,0.11942924159499609,0.0819741633263474,0.057473426770764745
baseline,202,img_XXX_(25328).png,False,0.171417236328125,0.658355712890625,0.17022705078125,0.971405029296875,0.0,0.028594970703125,0.17494979919678716,0.1751751437278125,0.9927007299270073,0.0,0.0,0.0,0.1270651327739815,0.7838847385272145,0.13167802079598423,0.10067164399025622,0.06353256638699074
baseline,202,img_XXX_(46606).png,False,0.9687652587890625,0.0,0.0312347412109375,1.0,0.0,0.0,0.9687652587890625,0.9687652587890625,1.0,0.0,0.0,0.0,0.0,0.0,0.0,0.3229217529296875,0.0
baseline,202,img_XXX_(46623).png,False,0.96893310546875,0.0,0.03106689453125,1.0,0.0,0.0,0.96893310546875,0.96893310546875,1.0,0.0,0.0,0.0,0.0,0.0,0.0,0.3229777018229167,0.0
baseline,202,img_XXX_(46691).png,False,0.96826171875,0.0,0.03173828125,1.0,0.0,0.0,0.96826171875,0.96826171875,1.0,0.0,0.0,0.0,0.0,0.0,0.0,0.32275390625,0.0
baseline,202,img_XXX_(46776).png,False,0.9703826904296875,0.0,0.0296173095703125,1.0,0.0,0.0,0.9703826904296875,0.9703826904296875,1.0,0.0,0.0,0.0,0.0,0.0,0.0,0.3234608968098958,0.0
baseline,202,img_XXX_(46937).png,False,0.919464111328125,0.0445709228515625,0.0359649658203125,1.0,0.0,0.0,0.919464111328125,0.919464111328125,1.0,0.0,0.0,0.0,0.0,0.0,0.0,0.306488037109375,0.0
baseline,202,img_XXX_(46956).png,False,0.9223175048828125,0.04364013671875,0.0340423583984375,1.0,0.0,0.0,0.9223175048828125,0.9223175048828125,1.0,0.0,0.0,0.0,0.0,0.0,0.0,0.3074391682942708,0.0
baseline,202,img_XXX_(46967).png,False,0.9164276123046875,0.048309326171875,0.0352630615234375,1.0,0.0,0.0,0.9164276123046875,0.9164276123046875,1.0,0.0,0.0,0.0,0.0,0.0,0.0,0.3054758707682292,0.0
baseline,202,img_XXX_(47028).png,False,0.88665771484375,0.07550048828125,0.037841796875,1.0,0.0,0.0,0.88665771484375,0.88665771484375,1.0,0.0,0.0,0.0,0.0,0.0,0.0,0.2955525716145833,0.0
baseline,202,img_XXX_(47076).png,False,0.493377685546875,0.471160888671875,0.03546142578125,1.0,0.0,0.0,0.493377685546875,0.493377685546875,1.0,0.0,0.0,0.0,0.0,0.0,0.0,0.164459228515625,0.0
baseline,202,img_XXX_(47221).png,False,0.9420013427734375,0.0205230712890625,0.0374755859375,1.0,0.0,0.0,0.9420013427734375,0.9420013427734375,1.0,0.0,0.0,0.0,0.0,0.0,0.0,0.3140004475911458,0.0
baseline,202,img_XXX_(47243).png,False,0.9639434814453125,0.0,0.0360565185546875,1.0,0.0,0.0,0.9639434814453125,0.9639434814453125,1.0,0.0,0.0,0.0,0.0,0.0,0.0,0.3213144938151042,0.0
baseline,202,img_XXX_(47249).png,False,0.965240478515625,0.0,0.034759521484375,1.0,0.0,0.0,0.965240478515625,0.965240478515625,1.0,0.0,0.0,0.0,0.0,0.0,0.0,0.321746826171875,0.0
baseline,202,img_XXX_(47267).png,False,0.965301513671875,0.0,0.034698486328125,1.0,0.0,0.0,0.965301513671875,0.965301513671875,1.0,0.0,0.0,0.0,0.0,0.0,0.0,0.3217671712239583,0.0
baseline,202,img_XXX_(47383).png,False,0.9616241455078125,0.0,0.0383758544921875,1.0,0.0,0.0,0.9616241455078125,0.9616241455078125,1.0,0.0,0.0,0.0,0.0,0.0,0.0,0.3205413818359375,0.0
baseline,202,img_XXX_(47394).png,False,0.963714599609375,0.0,0.036285400390625,1.0,0.0,0.0,0.963714599609375,0.963714599609375,1.0,0.0,0.0,0.0,0.0,0.0,0.0,0.3212381998697917,0.0
baseline,202,img_XXX_(47490).png,False,0.9560394287109375,0.0,0.0439605712890625,1.0,0.0,0.0,0.9560394287109375,0.9560394287109375,1.0,0.0,0.0,0.0,0.0,0.0,0.0,0.3186798095703125,0.0
baseline,202,img_XXX_(47566).png,False,0.9523468017578125,0.0056304931640625,0.042022705078125,1.0,0.0,0.0,0.9523468017578125,0.9523468017578125,1.0,0.0,0.0,0.0,0.0,0.0,0.0,0.3174489339192708,0.0
baseline,202,img_XXX_(47581).png,False,0.9590606689453125,0.0050811767578125,0.035858154296875,1.0,0.0,0.0,0.9590606689453125,0.9590606689453125,1.0,0.0,0.0,0.0,0.0,0.0,0.0,0.3196868896484375,0.0
baseline,202,img_XXX_(47598).png,False,0.943267822265625,0.01556396484375,0.041168212890625,1.0,0.0,0.0,0.943267822265625,0.943267822265625,1.0,0.0,0.0,0.0,0.0,0.0,0.0,0.314422607421875,0.0
baseline,202,img_XXX_(47777).png,False,0.9504241943359375,0.02117919921875,0.0283966064453125,1.0,0.0,0.0,0.9504241943359375,0.9504241943359375,1.0,0.0,0.0,0.0,0.0,0.0,0.0,0.3168080647786458,0.0
baseline,202,img_XXX_(47850).png,False,0.969512939453125,0.0004425048828125,0.0300445556640625,1.0,0.0,0.0,0.969512939453125,0.969512939453125,1.0,0.0,0.0,0.0,0.0,0.0,0.0,0.3231709798177083,0.0
baseline,202,img_XXX_(47890).png,False,0.96527099609375,0.0054931640625,0.02923583984375,1.0,0.0,0.0,0.96527099609375,0.96527099609375,1.0,0.0,0.0,0.0,0.0,0.0,0.0,0.3217569986979167,0.0
baseline,202,img_XXX_(47932).png,False,0.971038818359375,0.0,0.028961181640625,1.0,0.0,0.0,0.971038818359375,0.971038818359375,1.0,0.0,0.0,0.0,0.0,0.0,0.0,0.3236796061197917,0.0
baseline,202,img_XXX_(48021).png,False,0.9703826904296875,0.0,0.0296173095703125,1.0,0.0,0.0,0.9703826904296875,0.9703826904296875,1.0,0.0,0.0,0.0,0.0,0.0,0.0,0.3234608968098958,0.0
baseline,202,img_XXX_(48050).png,False,0.97149658203125,0.0,0.02850341796875,1.0,0.0,0.0,0.97149658203125,0.97149658203125,1.0,0.0,0.0,0.0,0.0,0.0,0.0,0.3238321940104167,0.0
baseline,202,img_XXX_(48102).png,False,0.9710235595703125,0.0,0.0289764404296875,1.0,0.0,0.0,0.9710235595703125,0.9710235595703125,1.0,0.0,0.0,0.0,0.0,0.0,0.0,0.3236745198567708,0.0
baseline,202,img_XXX_(46538).png,False,0.969757080078125,0.0,0.030242919921875,1.0,0.0,0.0,0.969757080078125,0.969757080078125,1.0,0.0,0.0,0.0,0.0,0.0,0.0,0.3232523600260417,0.0
v11,200,img_XXX_(378).png,True,1.0,0.0,0.0,0.9999542236328125,0.0,4.57763671875e-05,0.9999542236328125,1.0,0.9999542236328125,0.0,0.0,0.0,0.0,0.0,0.0,0.3333180745442708,0.0
v11,200,img_XXX_(384).png,True,1.0,0.0,0.0,1.0,0.0,0.0,1.0,1.0,1.0,0.0,0.0,0.0,0.0,0.0,0.0,0.3333333333333333,0.0
v11,200,img_XXX_(763).png,True,1.0,0.0,0.0,0.9864501953125,0.0060882568359375,0.0074615478515625,0.9864501953125,1.0,0.9864501953125,0.0,0.0,0.0,0.0,0.0,0.0,0.3288167317708333,0.0
v11,200,img_XXX_(792).png,True,1.0,0.0,0.0,0.984893798828125,0.00543212890625,0.009674072265625,0.984893798828125,1.0,0.984893798828125,0.0,0.0,0.0,0.0,0.0,0.0,0.3282979329427083,0.0
v11,200,img_XXX_(865).png,True,1.0,0.0,0.0,0.9913787841796875,0.0016326904296875,0.006988525390625,0.9913787841796875,1.0,0.9913787841796875,0.0,0.0,0.0,0.0,0.0,0.0,0.3304595947265625,0.0
v11,200,img_XXX_(885).png,True,1.0,0.0,0.0,0.991790771484375,0.0013427734375,0.006866455078125,0.991790771484375,1.0,0.991790771484375,0.0,0.0,0.0,0.0,0.0,0.0,0.330596923828125,0.0
v11,200,img_XXX_(938).png,True,1.0,0.0,0.0,0.9911041259765625,0.00238037109375,0.0065155029296875,0.9911041259765625,1.0,0.9911041259765625,0.0,0.0,0.0,0.0,0.0,0.0,0.3303680419921875,0.0
v11,200,img_XXX_(955).png,True,1.0,0.0,0.0,0.990325927734375,0.0021514892578125,0.0075225830078125,0.990325927734375,1.0,0.990325927734375,0.0,0.0,0.0,0.0,0.0,0.0,0.330108642578125,0.0
v11,200,img_XXX_(1010).png,True,1.0,0.0,0.0,0.98565673828125,0.00091552734375,0.013427734375,0.98565673828125,1.0,0.98565673828125,0.0,0.0,0.0,0.0,0.0,0.0,0.32855224609375,0.0
v11,200,img_XXX_(1037).png,True,1.0,0.0,0.0,0.97882080078125,0.0005645751953125,0.0206146240234375,0.97882080078125,1.0,0.97882080078125,0.0,0.0,0.0,0.0,0.0,0.0,0.3262736002604167,0.0
v11,200,img_XXX_(1181).png,True,1.0,0.0,0.0,0.968414306640625,4.57763671875e-05,0.0315399169921875,0.968414306640625,1.0,0.968414306640625,0.0,0.0,0.0,0.0,0.0,0.0,0.3228047688802083,0.0
v11,200,img_XXX_(1226).png,True,1.0,0.0,0.0,0.9728546142578125,0.0057220458984375,0.02142333984375,0.9728546142578125,1.0,0.9728546142578125,0.0,0.0,0.0,0.0,0.0,0.0,0.3242848714192708,0.0
v11,200,img_XXX_(1234).png,True,1.0,0.0,0.0,0.978607177734375,0.0022735595703125,0.0191192626953125,0.978607177734375,1.0,0.978607177734375,0.0,0.0,0.0,0.0,0.0,0.0,0.326202392578125,0.0
v11,200,img_XXX_(1270).png,True,1.0,0.0,0.0,0.988128662109375,0.000518798828125,0.0113525390625,0.988128662109375,1.0,0.988128662109375,0.0,0.0,0.0,0.0,0.0,0.0,0.329376220703125,0.0
v11,200,img_XXX_(1303).png,True,1.0,0.0,0.0,0.9908294677734375,0.002349853515625,0.0068206787109375,0.9908294677734375,1.0,0.9908294677734375,0.0,0.0,0.0,0.0,0.0,0.0,0.3302764892578125,0.0
v11,200,img_XXX_(1546).png,True,1.0,0.0,0.0,0.9982147216796875,3.0517578125e-05,0.0017547607421875,0.9982147216796875,1.0,0.9982147216796875,0.0,0.0,0.0,0.0,0.0,0.0,0.3327382405598958,0.0
v11,200,img_XXX_(1614).png,True,1.0,0.0,0.0,0.999114990234375,0.0,0.000885009765625,0.999114990234375,1.0,0.999114990234375,0.0,0.0,0.0,0.0,0.0,0.0,0.333038330078125,0.0
v11,200,img_XXX_(1721).png,True,1.0,0.0,0.0,0.996002197265625,0.0,0.003997802734375,0.996002197265625,1.0,0.996002197265625,0.0,0.0,0.0,0.0,0.0,0.0,0.332000732421875,0.0
v11,200,img_XXX_(1937).png,True,1.0,0.0,0.0,0.999786376953125,0.0,0.000213623046875,0.999786376953125,1.0,0.999786376953125,0.0,0.0,0.0,0.0,0.0,0.0,0.3332621256510417,0.0
v11,200,img_XXX_(1949).png,True,1.0,0.0,0.0,0.9998321533203125,4.57763671875e-05,0.0001220703125,0.9998321533203125,1.0,0.9998321533203125,0.0,0.0,0.0,0.0,0.0,0.0,0.3332773844401042,0.0
v11,200,img_XXX_(1988).png,True,1.0,0.0,0.0,0.999664306640625,1.52587890625e-05,0.0003204345703125,0.999664306640625,1.0,0.999664306640625,0.0,0.0,0.0,0.0,0.0,0.0,0.333221435546875,0.0
v11,200,img_XXX_(2077).png,True,1.0,0.0,0.0,0.9990692138671875,0.0,0.0009307861328125,0.9990692138671875,1.0,0.9990692138671875,0.0,0.0,0.0,0.0,0.0,0.0,0.3330230712890625,0.0
v11,200,img_XXX_(2125).png,True,1.0,0.0,0.0,0.9994659423828125,0.0,0.0005340576171875,0.9994659423828125,1.0,0.9994659423828125,0.0,0.0,0.0,0.0,0.0,0.0,0.3331553141276042,0.0
v11,200,img_XXX_(2149).png,True,1.0,0.0,0.0,0.999176025390625,0.000640869140625,0.00018310546875,0.999176025390625,1.0,0.999176025390625,0.0,0.0,0.0,0.0,0.0,0.0,0.3330586751302083,0.0
v11,200,img_XXX_(2176).png,True,1.0,0.0,0.0,0.9986114501953125,0.0001678466796875,0.001220703125,0.9986114501953125,1.0,0.9986114501953125,0.0,0.0,0.0,0.0,0.0,0.0,0.3328704833984375,0.0
v11,200,img_XXX_(2308).png,True,1.0,0.0,0.0,0.9993133544921875,3.0517578125e-05,0.0006561279296875,0.9993133544921875,1.0,0.9993133544921875,0.0,0.0,0.0,0.0,0.0,0.0,0.3331044514973958,0.0
v11,200,img_XXX_(2372).png,True,1.0,0.0,0.0,0.9992828369140625,0.0,0.0007171630859375,0.9992828369140625,1.0,0.9992828369140625,0.0,0.0,0.0,0.0,0.0,0.0,0.3330942789713542,0.0
v11,200,img_XXX_(2494).png,True,1.0,0.0,0.0,0.9995880126953125,0.0,0.0004119873046875,0.9995880126953125,1.0,0.9995880126953125,0.0,0.0,0.0,0.0,0.0,0.0,0.3331960042317708,0.0
v11,200,img_XXX_(2513).png,True,1.0,0.0,0.0,0.9997100830078125,0.0,0.0002899169921875,0.9997100830078125,1.0,0.9997100830078125,0.0,0.0,0.0,0.0,0.0,0.0,0.3332366943359375,0.0
v11,200,img_XXX_(2521).png,True,1.0,0.0,0.0,0.999359130859375,0.0,0.000640869140625,0.999359130859375,1.0,0.999359130859375,0.0,0.0,0.0,0.0,0.0,0.0,0.3331197102864583,0.0
v11,200,img_XXX_(2534).png,True,1.0,0.0,0.0,0.9998779296875,0.0,0.0001220703125,0.9998779296875,1.0,0.9998779296875,0.0,0.0,0.0,0.0,0.0,0.0,0.3332926432291667,0.0
v11,200,img_XXX_(2951).png,True,1.0,0.0,0.0,0.9998321533203125,0.0,0.0001678466796875,0.9998321533203125,1.0,0.9998321533203125,0.0,0.0,0.0,0.0,0.0,0.0,0.3332773844401042,0.0
v11,200,img_XXX_(2974).png,True,1.0,0.0,0.0,0.9996490478515625,0.0,0.0003509521484375,0.9996490478515625,1.0,0.9996490478515625,0.0,0.0,0.0,0.0,0.0,0.0,0.3332163492838542,0.0
v11,200,img_XXX_(2986).png,True,1.0,0.0,0.0,0.9998321533203125,0.0,0.0001678466796875,0.9998321533203125,1.0,0.9998321533203125,0.0,0.0,0.0,0.0,0.0,0.0,0.3332773844401042,0.0
v11,200,img_XXX_(3037).png,True,1.0,0.0,0.0,0.9991912841796875,0.0,0.0008087158203125,0.9991912841796875,1.0,0.9991912841796875,0.0,0.0,0.0,0.0,0.0,0.0,0.3330637613932292,0.0
v11,200,img_XXX_(3103).png,True,1.0,0.0,0.0,0.968017578125,0.0001068115234375,0.0318756103515625,0.968017578125,1.0,0.968017578125,0.0,0.0,0.0,0.0,0.0,0.0,0.3226725260416667,0.0
v11,200,img_XXX_(3149).png,True,1.0,0.0,0.0,0.9661865234375,0.000244140625,0.0335693359375,0.9661865234375,1.0,0.9661865234375,0.0,0.0,0.0,0.0,0.0,0.0,0.3220621744791667,0.0
v11,200,img_XXX_(3250).png,True,1.0,0.0,0.0,0.965576171875,0.0001220703125,0.0343017578125,0.965576171875,1.0,0.965576171875,0.0,0.0,0.0,0.0,0.0,0.0,0.3218587239583333,0.0
v11,200,img_XXX_(3355).png,True,1.0,0.0,0.0,0.9697418212890625,0.000274658203125,0.0299835205078125,0.9697418212890625,1.0,0.9697418212890625,0.0,0.0,0.0,0.0,0.0,0.0,0.3232472737630208,0.0
v11,200,img_XXX_(3359).png,True,1.0,0.0,0.0,0.96923828125,0.000152587890625,0.030609130859375,0.96923828125,1.0,0.96923828125,0.0,0.0,0.0,0.0,0.0,0.0,0.3230794270833333,0.0
v11,200,img_XXX_(3422).png,True,1.0,0.0,0.0,0.9680023193359375,7.62939453125e-05,0.03192138671875,0.9680023193359375,1.0,0.9680023193359375,0.0,0.0,0.0,0.0,0.0,0.0,0.3226674397786458,0.0
v11,200,img_XXX_(3430).png,True,1.0,0.0,0.0,0.9668121337890625,0.0001068115234375,0.0330810546875,0.9668121337890625,1.0,0.9668121337890625,0.0,0.0,0.0,0.0,0.0,0.0,0.3222707112630208,0.0
v11,200,img_XXX_(3431).png,True,1.0,0.0,0.0,0.9667205810546875,7.62939453125e-05,0.033203125,0.9667205810546875,1.0,0.9667205810546875,0.0,0.0,0.0,0.0,0.0,0.0,0.3222401936848958,0.0
v11,200,img_XXX_(3517).png,True,1.0,0.0,0.0,0.9941864013671875,0.0,0.0058135986328125,0.9941864013671875,1.0,0.9941864013671875,0.0,0.0,0.0,0.0,0.0,0.0,0.3313954671223958,0.0
v11,200,img_XXX_(3649).png,True,1.0,0.0,0.0,0.9897003173828125,0.0,0.0102996826171875,0.9897003173828125,1.0,0.9897003173828125,0.0,0.0,0.0,0.0,0.0,0.0,0.3299001057942708,0.0
v11,200,img_XXX_(3660).png,True,1.0,0.0,0.0,0.9868621826171875,0.0,0.0131378173828125,0.9868621826171875,1.0,0.9868621826171875,0.0,0.0,0.0,0.0,0.0,0.0,0.3289540608723958,0.0
v11,200,img_XXX_(3726).png,True,1.0,0.0,0.0,0.98577880859375,0.0,0.01422119140625,0.98577880859375,1.0,0.98577880859375,0.0,0.0,0.0,0.0,0.0,0.0,0.3285929361979167,0.0
v11,200,img_XXX_(4107).png,True,1.0,0.0,0.0,0.987762451171875,0.0,0.012237548828125,0.987762451171875,1.0,0.987762451171875,0.0,0.0,0.0,0.0,0.0,0.0,0.329254150390625,0.0
v11,200,img_XXX_(4150).png,True,1.0,0.0,0.0,0.9888458251953125,0.0,0.0111541748046875,0.9888458251953125,1.0,0.9888458251953125,0.0,0.0,0.0,0.0,0.0,0.0,0.3296152750651042,0.0
v11,200,img_XXX_(4169).png,True,1.0,0.0,0.0,0.9888153076171875,0.0,0.0111846923828125,0.9888153076171875,1.0,0.9888153076171875,0.0,0.0,0.0,0.0,0.0,0.0,0.3296051025390625,0.0
v11,200,img_XXX_(48182).png,False,0.9258270263671875,0.0443878173828125,0.02978515625,0.9999237060546875,0.0,7.62939453125e-05,0.9257801174944686,0.9258366269399215,0.9999340749896992,0.0,0.0,0.0,0.0005112474437627812,0.2,0.0005122950819672131,0.3087637883127438,0.0002556237218813906
v11,200,img_XXX_(48229).png,False,0.882568359375,0.086669921875,0.03076171875,0.9998626708984375,0.0001373291015625,0.0,0.8826895783417522,0.8826895783417522,1.0,0.0015845070422535212,1.0,0.0015845070422535212,0.0,0.0,0.0,0.29475802846133525,0.0007922535211267606
v11,200,img_XXX_(48262).png,False,0.8213043212890625,0.1498565673828125,0.028839111328125,1.0,0.0,0.0,0.8213043212890625,0.8213043212890625,1.0,0.0,0.0,0.0,0.0,0.0,0.0,0.2737681070963542,0.0
v11,200,img_XXX_(48358).png,False,0.971343994140625,0.0,0.028656005859375,1.0,0.0,0.0,0.971343994140625,0.971343994140625,1.0,0.0,0.0,0.0,0.0,0.0,0.0,0.3237813313802083,0.0
v11,200,img_XXX_(48376).png,False,0.970306396484375,0.0,0.029693603515625,0.9999847412109375,0.0,1.52587890625e-05,0.9702911376953125,0.9703059433890288,0.9999842742569587,0.0,0.0,0.0,0.0,0.0,0.0,0.3234303792317708,0.0
v11,200,img_XXX_(48462).png,False,0.9704132080078125,0.0,0.0295867919921875,1.0,0.0,0.0,0.9704132080078125,0.9704132080078125,1.0,0.0,0.0,0.0,0.0,0.0,0.0,0.3234710693359375,0.0
v11,200,img_XXX_(48576).png,False,0.96942138671875,0.0,0.03057861328125,0.999969482421875,0.0,3.0517578125e-05,0.9694509720145268,0.9694509720145268,1.0,0.0,0.0,0.0,0.000998003992015968,1.0,0.000998003992015968,0.32348299200218095,0.000499001996007984
v11,200,img_XXX_(48597).png,False,0.9718475341796875,0.0,0.0281524658203125,0.9997100830078125,0.0,0.0002899169921875,0.9721293710029458,0.9721293710029458,1.0,0.0,0.0,0.0,0.010298102981029811,1.0,0.010298102981029811,0.3274758246613252,0.005149051490514906
v11,200,img_XXX_(48683).png,False,0.97235107421875,0.0,0.02764892578125,1.0,0.0,0.0,0.97235107421875,0.97235107421875,1.0,0.0,0.0,0.0,0.0,0.0,0.0,0.3241170247395833,0.0
v11,200,img_XXX_(49053).png,False,0.9226226806640625,0.046295166015625,0.0310821533203125,1.0,0.0,0.0,0.9226226806640625,0.9226226806640625,1.0,0.0,0.0,0.0,0.0,0.0,0.0,0.3075408935546875,0.0
v11,200,img_XXX_(49154).png,False,0.939483642578125,0.029571533203125,0.03094482421875,1.0,0.0,0.0,0.939483642578125,0.939483642578125,1.0,0.0,0.0,0.0,0.0,0.0,0.0,0.3131612141927083,0.0
v11,200,img_XXX_(49316).png,False,0.943267822265625,0.0260009765625,0.030731201171875,1.0,0.0,0.0,0.943267822265625,0.943267822265625,1.0,0.0,0.0,0.0,0.0,0.0,0.0,0.314422607421875,0.0
v11,200,img_XXX_(49324).png,False,0.9494781494140625,0.01904296875,0.0314788818359375,0.9999542236328125,0.0,4.57763671875e-05,0.949432373046875,0.9494758366014069,0.9999517878666131,0.0,0.0,0.0,0.0,0.0,0.0,0.3164774576822917,0.0
v11,200,img_XXX_(49344).png,False,0.9382781982421875,0.0307769775390625,0.03094482421875,0.999755859375,0.0,0.000244140625,0.9380340576171875,0.9382631257631258,0.9997397993202257,0.0,0.0,0.0,0.0,0.0,0.0,0.3126780192057292,0.0
v11,200,img_XXX_(49351).png,False,0.9677581787109375,0.0,0.0322418212890625,0.9997100830078125,0.0,0.0002899169921875,0.96746826171875,0.9677488285483157,0.9997004241363543,0.0,0.0,0.0,0.0,0.0,0.0,0.3224894205729167,0.0
v11,200,img_XXX_(49373).png,False,0.89801025390625,0.069122314453125,0.032867431640625,0.99993896484375,0.0,6.103515625e-05,0.89794921875,0.8980040285661967,0.9999320328960783,0.0,0.0,0.0,0.0,0.0,0.0,0.29931640625,0.0
v11,200,img_XXX_(49393).png,False,0.969390869140625,0.0,0.030609130859375,0.9996185302734375,0.0,0.0003814697265625,0.9690093994140625,0.9693791882279312,0.9996064851251377,0.0,0.0,0.0,0.0,0.0,0.0,0.3230031331380208,0.0
v11,200,img_XXX_(49434).png,False,0.9662933349609375,0.0,0.0337066650390625,0.99969482421875,0.0,0.00030517578125,0.9659881591796875,0.9662830453629647,0.9996841789442102,0.0,0.0,0.0,0.0,0.0,0.0,0.3219960530598958,0.0
v11,200,img_XXX_(49456).png,False,0.9686126708984375,0.0,0.0313873291015625,0.99957275390625,0.0002593994140625,0.0001678466796875,0.9681854248046875,0.968599255052818,0.9995589092455773,0.0,0.0,0.0,0.0,0.0,0.0,0.3227284749348958,0.0
v11,200,img_XXX_(49581).png,False,0.96954345703125,0.0,0.03045654296875,1.0,0.0,0.0,0.96954345703125,0.96954345703125,1.0,0.0,0.0,0.0,0.0,0.0,0.0,0.32318115234375,0.0
v11,200,img_XXX_(49613).png,False,0.97003173828125,0.0,0.02996826171875,0.999969482421875,0.0,3.0517578125e-05,0.9700613422040467,0.9700613422040467,1.0,0.0,0.0,0.0,0.0010183299389002036,1.0,0.0010183299389002036,0.323693224047649,0.0005091649694501018
v11,200,img_XXX_(49673).png,False,0.9740142822265625,0.0,0.0259857177734375,1.0,0.0,0.0,0.9740142822265625,0.9740142822265625,1.0,0.0,0.0,0.0,0.0,0.0,0.0,0.3246714274088542,0.0
v11,200,img_XXX_(49731).png,False,0.9710845947265625,0.0,0.0289154052734375,0.9999847412109375,0.0,1.52587890625e-05,0.9710693359375,0.9710841535057603,0.9999842868591002,0.0,0.0,0.0,0.0,0.0,0.0,0.3236897786458333,0.0
v11,200,img_XXX_(49766).png,False,0.96990966796875,0.0,0.03009033203125,1.0,0.0,0.0,0.96990966796875,0.96990966796875,1.0,0.0,0.0,0.0,0.0,0.0,0.0,0.32330322265625,0.0
v11,200,img_XXX_(49872).png,False,0.9656524658203125,0.0073089599609375,0.02703857421875,0.999847412109375,0.0,0.000152587890625,0.9657098383921623,0.9657540518267558,0.999952595401754,0.0,0.0,0.0,0.003943661971830986,0.7,0.0039503386004514675,0.3232178334546644,0.001971830985915493
v11,200,img_XXX_(50185).png,False,0.9013214111328125,0.0332183837890625,0.065460205078125,0.9996490478515625,0.0,0.0003509521484375,0.9014636975533815,0.9015462579945965,0.9998984238771607,0.0,0.0,0.0,0.003957169459962756,0.7391304347826086,0.003962703962703963,0.30180695567111476,0.001978584729981378
v11,200,img_XXX_(50271).png,False,0.904571533203125,0.0301971435546875,0.0652313232421875,0.99981689453125,0.0,0.00018310546875,0.904388427734375,0.9045540565289054,0.9997975776795655,0.0,0.0,0.0,0.0,0.0,0.0,0.3014628092447917,0.0
v11,200,img_XXX_(50274).png,False,0.9035491943359375,0.0352783203125,0.0611724853515625,0.999542236328125,0.0,0.000457763671875,0.9030914306640625,0.9035050224406924,0.9994933716119226,0.0,0.0,0.0,0.0,0.0,0.0,0.3010304768880208,0.0
v11,200,img_XXX_(50396).png,False,0.780731201171875,0.1357421875,0.083526611328125,0.99298095703125,0.0,0.00701904296875,0.785234899328859,0.7856813571823714,0.999276863542196,0.0,0.0,0.0,0.05605979711692472,0.6847826086956522,0.05754475703324808,0.28043156548192794,0.02802989855846236
v11,200,img_XXX_(50410).png,False,0.7238006591796875,0.1797027587890625,0.09649658203125,0.9961395263671875,0.0009613037109375,0.002899169921875,0.7239385782454423,0.7250585910573962,0.997870770528091,0.0,0.0,0.0,0.013536642290337637,0.45789473684210524,0.013757115749525617,0.24582507351192665,0.006768321145168819
v11,200,img_XXX_(50427).png,False,0.726104736328125,0.2053985595703125,0.0684967041015625,0.993499755859375,0.0015106201171875,0.0049896240234375,0.7299521061034017,0.7303332821379205,0.999285504139873,0.007354579897481613,1.0,0.007354579897481613,0.02337441563960901,0.3363914373088685,0.02450434395188238,0.25356036721349745,0.015364497768545312
v11,200,img_XXX_(50473).png,False,0.6545867919921875,0.246917724609375,0.0984954833984375,0.9992218017578125,0.00042724609375,0.0003509521484375,0.6549954954267129,0.6550355043139651,0.9999067577332805,0.0017303176368804844,1.0,0.0017303176368804844,0.0013912505796877415,0.391304347826087,0.0013942680092951202,0.21937235454776036,0.001560784108284113
v11,200,img_XXX_(50484).png,False,0.734832763671875,0.17132568359375,0.093841552734375,0.9986114501953125,0.0006256103515625,0.000762939453125,0.7348737057511988,0.7352891741156696,0.9992316956684247,0.003651585322408265,1.0,0.003651585322408265,0.0008071025020177562,0.1,0.0008130081300813008,0.24644413119187494,0.002229343912213011
v11,200,img_XXX_(50554).png,False,0.6790924072265625,0.23468017578125,0.0862274169921875,0.9789581298828125,0.0143890380859375,0.00665283203125,0.6930291982175688,0.6932992502766651,0.9994382653634423,0.06110641617369824,0.9968186638388123,0.0611183355006502,0.033973161202649906,0.45871559633027525,0.03539196602371262,0.26270292519797234,0.04753978868817407
v11,200,img_XXX_(50657).png,False,0.53546142578125,0.36529541015625,0.0992431640625,0.9970245361328125,1.52587890625e-05,0.002960205078125,0.5367066527939286,0.5368298618019314,0.9995725521486378,4.177109440267335e-05,1.0,4.177109440267335e-05,0.009342977697408076,0.31958762886597936,0.009532595325953259,0.18203046719524646,0.0046923743959053745
v11,200,img_XXX_(50671).png,False,0.53802490234375,0.364593505859375,0.097381591796875,0.9967193603515625,0.0001678466796875,0.00311279296875,0.5392066844183271,0.5394130524639855,0.9992909812819059,0.00046036661923495436,1.0,0.00046036661923495436,0.013386674873057393,0.4264705882352941,0.013632090253838922,0.18435124197020647,0.006923520746146173
v11,200,img_XXX_(50672).png,False,0.5467071533203125,0.3545989990234375,0.09869384765625,0.995635986328125,0.0007476806640625,0.0036163330078125,0.5481306765097793,0.5484750957854406,0.9988556755700689,0.0021085244631868843,1.0,0.0021085244631868843,0.013758693680072574,0.38396624472573837,0.01406926406926407,0.18799929821767958,0.00793360907162973
v11,200,img_XXX_(50803).png,False,0.6017913818359375,0.295379638671875,0.1028289794921875,0.994140625,0.00091552734375,0.00494384765625,0.6049195169482423,0.6050773575638507,0.999568954588098,0.0030994937493542722,1.0,0.0030994937493542722,0.03547866881688902,0.7469135802469136,0.03591037245882178,0.21449922650482853,0.019289081283121647
v11,200,img_XXX_(50816).png,False,0.5553436279296875,0.3322296142578125,0.1124267578125,0.9965057373046875,1.52587890625e-05,0.00347900390625,0.557052528438232,0.5571378259604637,0.9997252369831021,4.592844348505029e-05,1.0,4.592844348505029e-05,0.022892539725289523,0.7456140350877193,0.023072747014115092,0.19333033220233553,0.011469234084387287
v11,200,img_XXX_(50865).png,False,0.662200927734375,0.222412109375,0.115386962890625,0.998199462890625,0.0,0.001800537109375,0.6630140754665077,0.6631661010730991,0.9996543619521637,0.0,0.0,0.0,0.012524719841793012,0.8050847457627118,0.01256281407035176,0.22517959843610025,0.006262359920896506
v11,200,img_XXX_(51279).png,False,0.235687255859375,0.6944732666015625,0.0698394775390625,0.774627685546875,0.16485595703125,0.060516357421875,0.3010807624287679,0.3018161761809085,0.9919720315939402,0.23548252638044886,0.9935209181784525,0.23584470371102761,0.19182477678571427,0.34669692385274836,0.300415119073629,0.242796021864977,0.21365365158308158
v11,200,img_XXX_(51321).png,False,0.221160888671875,0.7079620361328125,0.0708770751953125,0.9278717041015625,0.0655517578125,0.0065765380859375,0.23757950268706757,0.23772796789948855,0.9973782254726093,0.0916980725745666,0.9911545623836127,0.09177317498976227,0.038461538461538464,0.4361948955916473,0.040473627556512376,0.12257970457439088,0.06507980551805254
v11,200,img_XXX_(51381).png,False,0.07025146484375,0.8871917724609375,0.0425567626953125,0.852020263671875,0.13372802734375,0.014251708984375,0.08208460891204325,0.08211253984741573,0.9958731537793223,0.15065265619894405,0.9995435874030123,0.15066302048397914,0.07445887445887446,0.2762312633832976,0.09250627465041233,0.10239871318995392,0.11255576532890926
v11,200,img_XXX_(51536).png,False,0.130218505859375,0.8443756103515625,0.0254058837890625,0.8486480712890625,0.1489715576171875,0.00238037109375,0.153048385937163,0.15310067065825197,0.9977736114366065,0.17642806801958907,1.0,0.17642806801958907,0.01675041876046901,0.19230769230769232,0.018018018018018018,0.11540895757240703,0.09658924339002904
v11,200,img_XXX_(51546).png,False,0.12371826171875,0.8492431640625,0.02703857421875,0.8478240966796875,0.149658203125,0.0025177001953125,0.14524426217713504,0.14533052570955493,0.9959299457326097,0.17622538450481529,1.0,0.17622538450481529,0.012016718913270637,0.1393939393939394,0.012979683972911963,0.11116212186507365,0.09412105170904296
v11,200,img_XXX_(51578).png,False,0.0728759765625,0.9017181396484375,0.0254058837890625,0.840850830078125,0.15576171875,0.003387451171875,0.08613715923312716,0.08617936340870323,0.9943467336683417,0.17271896575064302,0.9999020376175548,0.17272188848464337,0.036243822075782535,0.2972972972972973,0.03963963963963964,0.0983666490198509,0.10448139391321278
v11,200,img_XXX_(51611).png,False,0.0528564453125,0.92181396484375,0.02532958984375,0.82861328125,0.1693878173828125,0.0019989013671875,0.06359318039547815,0.06360489098408957,0.9971131639722863,0.1836765095338983,0.9996396721016124,0.18368867112494205,0.014730878186968839,0.1984732824427481,0.01566265060240964,0.08733352270544843,0.09920369386043357
v11,200,img_XXX_(51639).png,False,0.0882568359375,0.887176513671875,0.024566650390625,0.8204345703125,0.1760711669921875,0.0034942626953125,0.10755267905298592,0.10755467936319,0.9998271092669433,0.19844177287033693,0.999913337377589,0.1984451859241168,0.014900662251655629,0.11790393013100436,0.016770186335403725,0.10696503805832616,0.10667121756099628
v11,200,img_XXX_(51762).png,False,0.254638671875,0.66162109375,0.083740234375,0.89483642578125,0.0829925537109375,0.0221710205078125,0.27752810894228974,0.27905668099038267,0.9806447746883988,0.12440092165898617,0.9926457069314212,0.12451568265682657,0.14481279894441695,0.604267033723331,0.15998542274052477,0.18224727651523095,0.13460686030170155
v11,200,img_XXX_(51866).png,False,0.26263427734375,0.6544189453125,0.08294677734375,0.9073028564453125,0.0689849853515625,0.023712158203125,0.2846491522015951,0.2857166882494408,0.987043922844527,0.10477011628177942,0.9944702499447025,0.10483118821115464,0.12073112073112073,0.48455598455598453,0.13852097130242827,0.17005012973816508,0.11275061850645007
v11,200,img_XXX_(51903).png,False,0.21405029296875,0.6995391845703125,0.0864105224609375,0.8505401611328125,0.1228790283203125,0.026580810546875,0.24848343861281605,0.24911644929226243,0.9898773880809809,0.17228179307044827,0.9836085930709052,0.17277783836841532,0.11002848148703342,0.4213547646383467,0.1296132791806463,0.17693123772343258,0.14115513727874085
v11,200,img_XXX_(51942).png,False,0.1991729736328125,0.7121124267578125,0.088714599609375,0.8989715576171875,0.082611083984375,0.0184173583984375,0.21985863687984133,0.22016464397861327,0.9937179192522791,0.11553042472531003,0.9963058736608792,0.11557993528894984,0.09840425531914894,0.5211267605633803,0.10818713450292397,0.14459777230810011,0.10696734002222949
v11,200,img_XXX_(51948).png,False,0.1454620361328125,0.764312744140625,0.0902252197265625,0.910308837890625,0.0696868896484375,0.0200042724609375,0.1588617559374267,0.15898957390458948,0.9949648589111507,0.09074037118339653,0.9956207576089336,0.09077660211619086,0.10273240726606625,0.513348588863463,0.11381701336039235,0.11744484479562983,0.09673638922473139
v11,200,img_XXX_(51950).png,False,0.2035980224609375,0.7050018310546875,0.091400146484375,0.916046142578125,0.06524658203125,0.018707275390625,0.22081357624157724,0.2210747243228837,0.9946788578280746,0.09205174800969193,0.995088868101029,0.09209358699651538,0.09632330598602248,0.5171288743882545,0.10584307178631051,0.13639621007909722,0.09418752699785721
v11,200,img_XXX_(51993).png,False,0.244110107421875,0.6771392822265625,0.0787506103515625,0.90966796875,0.0676727294921875,0.0226593017578125,0.2654639175257732,0.26606951154052605,0.9914989373671709,0.09964180314942891,0.9972942502818489,0.09966874732406426,0.09561490273656446,0.39057239057239057,0.11238132144933152,0.15357354113725552,0.09762835294299668
v11,200,img_XXX_(52031).png,False,0.2314910888671875,0.6881866455078125,0.080322265625,0.8870086669921875,0.0897064208984375,0.023284912109375,0.25751831329021635,0.25822710773941615,0.9894535627183442,0.12982580559372367,0.9964279639394454,0.1298862552936742,0.1107475871094389,0.4436435124508519,0.1286094224924012,0.16603056866445964,0.12028669635158129
v11,200,img_XXX_(52259).png,False,0.3029022216796875,0.6017913818359375,0.095306396484375,0.9886322021484375,0.00030517578125,0.0110626220703125,0.30600216016046905,0.30609189547931037,0.9990428693768576,0.0005071122492963817,1.0,0.0005071122492963817,0.07676861291319123,0.6855172413793104,0.07957092539225104,0.12775929510765222,0.038637862581243805
v11,200,img_XXX_(52373).png,False,0.71661376953125,0.2161407470703125,0.0672454833984375,0.955352783203125,0.043914794921875,0.000732421875,0.6948539079055235,0.7175051908640793,0.9565411804786645,0.04821944769050987,0.27241139680333565,0.0553476879632898,0.010891763104152484,1.0,0.010891763104152484,0.2513217062333953,0.029555605397331177
v11,200,img_XXX_(52502).png,False,0.7601165771484375,0.17730712890625,0.0625762939453125,0.9825592041015625,0.0154876708984375,0.001953125,0.7459526393836088,0.7577687015669405,0.9795242396868413,0.0,0.0,0.0,0.029956161714564052,0.9609375,0.029992684711046085,0.2586362670327243,0.014978080857282026
v11,200,img_XXX_(52558).png,False,0.814849853515625,0.122039794921875,0.0631103515625,0.9930267333984375,0.0,0.0069732666015625,0.8160512561119542,0.8180826380245547,0.9969664057525935,0.0,0.0,0.0,0.06863657515123313,0.6455142231947484,0.07132495164410058,0.29489594375439576,0.034318287575616564
v11,200,img_XXX_(52811).png,False,0.9082489013671875,0.03564453125,0.0561065673828125,0.9990386962890625,0.0,0.0009613037109375,0.9078698333231577,0.908466085256518,0.9992775901752264,0.0,0.0,0.0,0.005376344086021506,0.31746031746031744,0.005439216752787599,0.30441539246972643,0.002688172043010753
v11,200,img_XXX_(52812).png,False,0.8903961181640625,0.054840087890625,0.0547637939453125,0.9991912841796875,0.0,0.0008087158203125,0.8899334594957573,0.8904906616984561,0.9992973797405447,0.0,0.0,0.0,0.003305785123966942,0.22641509433962265,0.0033435497353023124,0.29774641487324144,0.001652892561983471
v11,200,img_XXX_(52855).png,False,0.9364166259765625,0.0086822509765625,0.054901123046875,0.99945068359375,0.0,0.00054931640625,0.9364878272151416,0.9367022900763359,0.9997555769199433,0.0,0.0,0.0,0.005812344312205923,0.5833333333333334,0.005836575875486381,0.3141000571757825,0.0029061721561029616
v11,200,img_XXX_(52914).png,False,0.9436492919921875,0.005828857421875,0.0505218505859375,0.9998626708984375,0.0,0.0001373291015625,0.9437492369674032,0.9437636394158133,0.9999838300211826,0.0,0.0,0.0,0.0024154589371980675,0.8888888888888888,0.0024161884627000906,0.3153882319682004,0.0012077294685990338
v11,200,img_XXX_(53024).png,False,0.9295196533203125,0.015625,0.0548553466796875,0.9999542236328125,0.0,4.57763671875e-05,0.929562205301146,0.929562205301146,1.0,0.0,0.0,0.0,0.0008344923504867872,1.0,0.0008344923504867872,0.31013223255054423,0.0004172461752433936
v11,200,img_XXX_(53046).png,False,0.925506591796875,0.016845703125,0.057647705078125,0.99969482421875,0.0,0.00030517578125,0.9256715506715507,0.9257280664265217,0.9999340521647377,0.0,0.0,0.0,0.004230565838180857,0.8,0.004235044997353097,0.30996737216991055,0.0021152829190904283
v11,200,img_XXX_(53137).png,False,0.918731689453125,0.0205535888671875,0.0607147216796875,0.9998321533203125,0.0,0.0001678466796875,0.9187395086220052,0.9188096146508966,0.9999169573160605,0.0,0.0,0.0,0.0015060240963855422,0.5454545454545454,0.0015079165619502387,0.30674851090613026,0.0007530120481927711
v11,200,img_XXX_(53148).png,False,0.922210693359375,0.02044677734375,0.057342529296875,0.999725341796875,0.0,0.000274658203125,0.9224053724053725,0.9224335297170243,0.9999669082365399,0.0,0.0,0.0,0.00425531914893617,0.8888888888888888,0.004257583821181479,0.3088868971847695,0.002127659574468085
v11,200,img_XXX_(53164).png,False,0.835540771484375,0.1023712158203125,0.0620880126953125,0.999969482421875,0.0,3.0517578125e-05,0.83551025390625,0.8355357524338511,0.9999634756565251,0.0,0.0,0.0,0.0,0.0,0.0,0.27850341796875,0.0
v11,200,img_XXX_(18323).png,False,0.036712646484375,0.801910400390625,0.161376953125,0.777496337890625,0.0351715087890625,0.1873321533203125,0.04182123472216799,0.04203791655218432,0.8902743142144638,0.04314508461684731,0.9843817787418655,0.04317463941850287,0.5597188097188097,0.6679970676875459,0.7754349470499243,0.214895043019275,0.3014319471678285
v11,200,img_XXX_(18538).png,False,0.0716400146484375,0.7637786865234375,0.164581298828125,0.7324981689453125,0.0694122314453125,0.198089599609375,0.08621720221777933,0.08713675658785543,0.8909478168264111,0.08874842980479732,0.9784568036931194,0.08892218559584457,0.5678100263852243,0.6630719457710677,0.7980715742629334,0.24759188613593364,0.3282792280950108
v11,200,img_XXX_(18544).png,False,0.085418701171875,0.76202392578125,0.152557373046875,0.7370147705078125,0.062591552734375,0.2003936767578125,0.10067593783822418,0.10206828015983106,0.8806716684530189,0.08077515349079055,0.984641638225256,0.08087705246295554,0.5423751416950057,0.6193558212137363,0.8135627125425084,0.2412754110080068,0.3115751475928981
v11,200,img_XXX_(18577).png,False,0.0586090087890625,0.7845458984375,0.1568450927734375,0.725433349609375,0.073333740234375,0.20123291015625,0.06849799330408202,0.06928610491775693,0.8575891694871127,0.09160453557005281,0.9816895547232626,0.09176131943363934,0.543373890167708,0.6264786169244768,0.8037746862535267,0.23449213968061428,0.3174892128688804
v11,200,img_XXX_(18620).png,False,0.06585693359375,0.7730712890625,0.16107177734375,0.741241455078125,0.063720703125,0.195037841796875,0.0726177681341634,0.07371649717979332,0.8297034291010195,0.08080409932991722,0.9818007662835249,0.08092531185851887,0.5436206098286924,0.643013612893131,0.77860932171277,0.23234749243092434,0.31221235457930485
v11,200,img_XXX_(19166).png,False,0.0518646240234375,0.7961883544921875,0.151947021484375,0.6999969482421875,0.117919921875,0.1820831298828125,0.05541157067277829,0.056392370572207084,0.7611062077081494,0.1466990793024903,0.9917184265010351,0.14687901262960196,0.5195751770095793,0.6272521578815051,0.7516569592287607,0.24056194232828265,0.3331371281560348
v11,200,img_XXX_(19222).png,False,0.0841064453125,0.762664794921875,0.153228759765625,0.67950439453125,0.1332244873046875,0.1872711181640625,0.10768277296974257,0.10924728285278003,0.8826197387518142,0.17289943665348195,0.991295384262971,0.17316233844183906,0.5442906574394464,0.6408376110160515,0.7832105158334993,0.2749576223542236,0.35859504704646417
v11,200,img_XXX_(19274).png,False,0.0864715576171875,0.755126953125,0.1584014892578125,0.671051025390625,0.15313720703125,0.175811767578125,0.11571826681049982,0.11708126790668061,0.9085936121404623,0.19976619031302278,0.987544838581108,0.2002707727125768,0.5591543280182233,0.6817392813747614,0.7566708409594451,0.2915462617139153,0.37946025916562304
v11,200,img_XXX_(19317).png,False,0.0378265380859375,0.8137664794921875,0.148406982421875,0.6788177490234375,0.156982421875,0.1641998291015625,0.052907680581087746,0.053049205385843054,0.9519967728922952,0.1905644135040048,0.9897939346811819,0.19093960360765783,0.5628194370279961,0.6856240126382307,0.7585852354513675,0.2687638437043629,0.3766919252660004
v11,200,img_XXX_(19318).png,False,0.049041748046875,0.7970428466796875,0.1539154052734375,0.6825714111328125,0.15203857421875,0.1653900146484375,0.06831398587375503,0.06854000402387499,0.9539514623522091,0.18838724469324977,0.9895624247290244,0.18876232411218533,0.5679604375842949,0.6993265061352524,0.7514622781798355,0.2748872227170999,0.37817384113877234
v11,200,img_XXX_(19336).png,False,0.03704833984375,0.813446044921875,0.149505615234375,0.672271728515625,0.1544647216796875,0.1732635498046875,0.05233847964866211,0.052476281265604434,0.9522240527182867,0.1884625473076779,0.9936777635088413,0.18868880135059088,0.5554820207368188,0.6652575957727873,0.7709736680955297,0.26542768256438626,0.37197228402224836
v11,200,img_XXX_(19497).png,False,0.0,0.8441009521484375,0.1558990478515625,0.702392578125,0.1179046630859375,0.1797027587890625,0.0,0.0,0.0,0.1376037531577048,0.9869289504335447,0.13785498653265604,0.5152600757836721,0.6350513713169738,0.732015268669864,0.21762127631379227,0.3264319144706884
v11,200,img_XXX_(19503).png,False,0.0,0.843292236328125,0.156707763671875,0.7029571533203125,0.1167449951171875,0.1802978515625,0.0,0.0,0.0,0.13689669503622992,0.9901973598222454,0.13708247385372563,0.5158544955387783,0.6360866621530129,0.731840311587147,0.2175837301916694,0.3263755952875041
v11,200,img_XXX_(19509).png,False,0.0,0.8439483642578125,0.1560516357421875,0.68145751953125,0.1218414306640625,0.1967010498046875,0.0,0.0,0.0,0.14273849931393082,0.9901064495929869,0.14294237827478348,0.5246323286948493,0.6170971995966178,0.7778429647012809,0.22245694266959337,0.33368541400439006
v11,200,img_XXX_(19512).png,False,0.0,0.8382110595703125,0.1617889404296875,0.677978515625,0.1233367919921875,0.1986846923828125,0.0,0.0,0.0,0.14539142446880055,0.9896078188791291,0.14561374765623578,0.5275784028451341,0.6266031794793027,0.7694991983400924,0.22432327577131156,0.3364849136569673
v11,200,img_XXX_(19521).png,False,0.0,0.8374176025390625,0.1625823974609375,0.663238525390625,0.134796142578125,0.20196533203125,0.0,0.0,0.0,0.15933985952909493,0.991283676703645,0.15956341903390972,0.5386745668834932,0.6319129646418857,0.784983575786016,0.23267147547086273,0.3490072132062941
v11,200,img_XXX_(19572).png,False,0.0,0.8397979736328125,0.1602020263671875,0.6733856201171875,0.15216064453125,0.1744537353515625,0.0,0.0,0.0,0.17891663493099758,0.9893702366626554,0.1792612242673111,0.5589991470002843,0.6878334645324936,0.7490237165444328,0.2459719273104273,0.3689578909656409
v11,200,img_XXX_(19601).png,False,0.018218994140625,0.8277587890625,0.154022216796875,0.7152252197265625,0.12640380859375,0.1583709716796875,0.022767410685788456,0.022827640646000895,0.8961474036850922,0.15100868796937122,0.9903428295509416,0.15123138180209408,0.555817311345847,0.7046921668754216,0.7245888646720824,0.2431978033336689,0.3534129996576091
v11,200,img_XXX_(19620).png,False,0.022216796875,0.820587158203125,0.157196044921875,0.7157745361328125,0.139434814453125,0.1447906494140625,0.029436805585117704,0.029482615276386195,0.9498626373626373,0.16820469019811723,0.9913547822280586,0.16845178325709398,0.5313370473537604,0.7236800505848877,0.6665695981362842,0.2429928477123318,0.3497708687759388
v11,200,img_XXX_(19630).png,False,0.0321197509765625,0.8137054443359375,0.1541748046875,0.7105560302734375,0.14990234375,0.1395416259765625,0.04227161762816395,0.042390534069190626,0.9377672209026128,0.1822487644151565,0.9909405537459284,0.18255292816021904,0.4998441639395356,0.7014762165117551,0.6348970704671417,0.24145484866095202,0.3410464641773461
v11,200,img_XXX_(19728).png,False,0.022979736328125,0.831085205078125,0.14593505859375,0.574462890625,0.24688720703125,0.17864990234375,0.036203885036786114,0.03633659158521037,0.9083665338645418,0.29532994737710627,0.9954882571075402,0.2957257738772812,0.5044911238418559,0.6092415442432525,0.7458176495190297,0.27867498541858277,0.3999105356094811
v11,200,img_XXX_(20103).png,False,0.0533599853515625,0.7691497802734375,0.177490234375,0.675811767578125,0.1113433837890625,0.2128448486328125,0.07546023315479138,0.0757055768796568,0.9588218472976837,0.14392197288081834,0.9949294230505688,0.14402761521217292,0.5511156924569488,0.6515879274499964,0.781378954607978,0.25683263283085284,0.34751883266888356
v11,200,img_XXX_(20113).png,False,0.0677337646484375,0.7671356201171875,0.165130615234375,0.643096923828125,0.1268157958984375,0.2300872802734375,0.09867691799721705,0.09927395245100365,0.9425546294210407,0.1619595398651329,0.9825532426904103,0.16242665340626555,0.5141470828948906,0.5832614894886928,0.8126963592681574,0.2582611802524135,0.33805331138001177
v11,200,img_XXX_(20168).png,False,0.038604736328125,0.8365631103515625,0.1248321533203125,0.40631103515625,0.3589324951171875,0.2347564697265625,0.08879761015683346,0.0893044915126934,0.9399209486166008,0.42837869865635997,0.9988946988054245,0.4285818513451892,0.32052000448279727,0.3717907052323692,0.6991810292140325,0.2792321044319969,0.3744493515695786
v11,200,img_XXX_(20194).png,False,0.0548553466796875,0.769378662109375,0.1757659912109375,0.63177490234375,0.2776031494140625,0.0906219482421875,0.08092721595003603,0.08136894985991691,0.937134909596662,0.34310098459490673,0.9634474797999231,0.3476260362540161,0.241325369738339,0.5714766795756862,0.29464363225974477,0.2217845234277606,0.2922131771666229
v11,200,img_XXX_(20195).png,False,0.0654144287109375,0.748291015625,0.1862945556640625,0.642822265625,0.2524261474609375,0.1047515869140625,0.09330098459509116,0.09402297759210027,0.9239561464893865,0.32287800548652573,0.9675995889500091,0.3264070146818923,0.2471557473519027,0.5506190823015294,0.3096076664755508,0.22111157914450652,0.28501687641921425
v11,200,img_XXX_(20339).png,False,0.46923828125,0.3868560791015625,0.1439056396484375,0.729034423828125,0.1676788330078125,0.1032867431640625,0.6229901211094118,0.6309179957302524,0.9802289281997919,0.41972029064770683,0.9777049777049777,0.4237762789413482,0.5185601799775028,0.8172551336977397,0.5865761849220655,0.5204235305782071,0.46914023531260485
v11,200,img_XXX_(20367).png,False,0.47784423828125,0.386993408203125,0.135162353515625,0.705474853515625,0.19329833984375,0.101226806640625,0.6457281100123085,0.6581303802396504,0.9716438881083153,0.4724330184296113,0.9632143984843701,0.4811134768551376,0.508177570093458,0.7868555924027736,0.5892978098893655,0.5421128995117925,0.49030529426153463
v11,200,img_XXX_(20382).png,False,0.4635162353515625,0.3988189697265625,0.137664794921875,0.730133056640625,0.16644287109375,0.103424072265625,0.597056061410314,0.6111807732497387,0.9627349639529907,0.38828511467546095,0.9498533186651998,0.39641121781382715,0.49819836904987674,0.7751549129536737,0.5823542451784527,0.4945131817118839,0.44324174186266885
v11,200,img_XXX_(20400).png,False,0.3951263427734375,0.46575927734375,0.1391143798828125,0.7470703125,0.1806488037109375,0.0722808837890625,0.5048953579542028,0.5129493464052287,0.9698397374010427,0.3659315147997678,0.95861136920348,0.3718057921635434,0.379743053480729,0.8049398353388221,0.41822968081605794,0.4168566420782332,0.3728372841402484
v11,200,img_XXX_(53262).png,False,0.915618896484375,0.014312744140625,0.070068359375,0.999969482421875,0.0,3.0517578125e-05,0.9156468398083437,0.9156468398083437,1.0,0.0,0.0,0.0,0.00043554006968641115,1.0,0.00043554006968641115,0.30536079329267674,0.00021777003484320557
v11,200,img_XXX_(53364).png,False,0.82928466796875,0.063720703125,0.10699462890625,0.9980926513671875,0.0001220703125,0.0017852783203125,0.8299462135566286,0.8303649233309383,0.9993928019430338,0.0,0.0,0.0,0.008059954751131223,0.48717948717948717,0.008128921848260126,0.27933538943591996,0.004029977375565611
v11,200,img_XXX_(53385).png,False,0.83331298828125,0.0394134521484375,0.1272735595703125,0.991943359375,0.0005035400390625,0.0075531005859375,0.8309837596240682,0.835112601525966,0.9940855489635978,0.0,0.0,0.0,0.02375159309465879,0.41414141414141414,0.024577388802301883,0.2849117842395757,0.011875796547329395
v11,200,img_XXX_(24138).png,False,0.1840057373046875,0.67681884765625,0.1391754150390625,0.9713134765625,0.00079345703125,0.02789306640625,0.1880589989016162,0.1882776171924092,0.9938635044365205,0.0011723329425556857,1.0,0.0011723329425556857,0.09808444489018153,0.5350109409190372,0.10722508496875342,0.09577192557811781,0.04962838891636861
v11,200,img_XXX_(24144).png,False,0.170989990234375,0.6842803955078125,0.1447296142578125,0.95452880859375,0.000335693359375,0.045135498046875,0.17753547995721652,0.17777671206598888,0.9924147777976084,0.0004905786598282974,1.0,0.0004905786598282974,0.15437424621950088,0.5625422582826234,0.1754348972061149,0.1108001016121819,0.07743241243966459
v11,200,img_XXX_(24153).png,False,0.21002197265625,0.6642608642578125,0.1257171630859375,0.9651031494140625,0.0071258544921875,0.02777099609375,0.21504188820346148,0.21549747822099954,0.9902644580063935,0.010727494084947052,1.0,0.010727494084947052,0.09575163398692811,0.48296703296703297,0.10668770481854593,0.10717367209177889,0.05323956403593758
v11,200,img_XXX_(24418).png,False,0.06121826171875,0.8034515380859375,0.1353302001953125,0.5817718505859375,0.213714599609375,0.2045135498046875,0.09395119418483905,0.09491961077451674,0.9020438683948155,0.2648906092863513,0.996715693274311,0.26512202070078816,0.49516648764769067,0.5503245542042826,0.8316608411320329,0.28466943037296033,0.38002854846702094
v11,200,img_XXX_(24435).png,False,0.0631256103515625,0.7896575927734375,0.147216796875,0.594451904296875,0.21063232421875,0.194915771484375,0.096062871967038,0.09695056214384722,0.9129804205946338,0.26488123950836434,0.9944943494639235,0.26527023632393576,0.5224063009234112,0.602317206826366,0.7974709784411277,0.2944501374662712,0.3936437702158878
v11,200,img_XXX_(24488).png,False,0.0882415771484375,0.77520751953125,0.1365509033203125,0.54833984375,0.2514495849609375,0.2002105712890625,0.14779761740996505,0.1494879786286732,0.9289296213038215,0.3225939613146721,0.995873536015535,0.32302574600425166,0.4949536002167581,0.5568935294565963,0.81651581182255,0.3217817263137984,0.40877378076571513
v11,200,img_XXX_(24542).png,False,0.148590087890625,0.7132110595703125,0.1381988525390625,0.545013427734375,0.25494384765625,0.200042724609375,0.25292171995589857,0.25690128226664427,0.942287944136373,0.354474425753565,0.9938352884845583,0.3552555572195717,0.4903186768858411,0.5562929061784897,0.8052335210334548,0.36590494086510156,0.42239655131970305
v11,200,img_XXX_(24555).png,False,0.1713714599609375,0.674285888671875,0.1543426513671875,0.552825927734375,0.2488861083984375,0.1982879638671875,0.2771723042975162,0.2842947833287331,0.9171044430593892,0.3648484028153763,0.9915394519036234,0.3659877800407332,0.5102600967193831,0.6008464794151597,0.7719228868017796,0.3840936012774252,0.43755424976737967
v11,200,img_XXX_(24618).png,False,0.14404296875,0.6995391845703125,0.1564178466796875,0.5988006591796875,0.2086639404296875,0.192535400390625,0.21264883176406119,0.21754198200953037,0.9043432203389831,0.2949264641893656,0.9912979890310786,0.2956920056712837,0.5152057245080501,0.6162624821683309,0.7585601404741001,0.3409270068204923,0.4050660943487079
v11,200,img_XXX_(24912).png,False,0.0620880126953125,0.77252197265625,0.1653900146484375,0.5221710205078125,0.241790771484375,0.2360382080078125,0.08701206529453513,0.08956488705765465,0.7532563283362005,0.31195231704428833,0.9974757036476082,0.31219878328197836,0.5157870477068449,0.5787057986941625,0.8259064489344036,0.30491714334855613,0.41386968237556665
v11,200,img_XXX_(24913).png,False,0.0604705810546875,0.774139404296875,0.1653900146484375,0.522735595703125,0.2396697998046875,0.2375946044921875,0.0857930172438283,0.08815459162823282,0.7620489528135251,0.3085118953836458,0.9973260329789266,0.30876729609334963,0.5161605143808485,0.5774195620062937,0.8295045668419596,0.30348847566944087,0.4123362048822472
v11,200,img_XXX_(24927).png,False,0.0612945556640625,0.7694549560546875,0.16925048828125,0.5111846923828125,0.2525177001953125,0.236297607421875,0.08785664578983994,0.0904450613414525,0.7542942494398805,0.32691431401684,0.9970995226297662,0.32722549427885855,0.5196112064036592,0.5868526410951828,0.8193292463036422,0.31146072207011305,0.4232627602102496
v11,200,img_XXX_(24988).png,False,0.066162109375,0.7734222412109375,0.1604156494140625,0.4962615966796875,0.25799560546875,0.2457427978515625,0.09438836104513064,0.09774621037419673,0.7331642066420664,0.33168502137551964,0.9957416607523066,0.33215617416694615,0.49977462249267524,0.5507606333436821,0.8437173023875202,0.3086160016377752,0.41572982193409747
v11,200,img_XXX_(25136).png,False,0.0706329345703125,0.7498321533203125,0.179534912109375,0.4938201904296875,0.274444580078125,0.2317352294921875,0.11971425976934952,0.12220745913543243,0.8543961978829121,0.36301244695323764,0.9939953297008784,0.36381026027146374,0.5399954290938178,0.6223085533680122,0.8032466428692844,0.3409073786054683,0.45150393802352773
v11,200,img_XXX_(25176).png,False,0.09259033203125,0.749481201171875,0.157928466796875,0.488250732421875,0.269012451171875,0.24273681640625,0.14930104767368135,0.15454090880680044,0.8149307844429796,0.3571907850592709,0.9964265456608055,0.3576489270735779,0.500628643273517,0.5506663314055821,0.8463768115942029,0.33570682533548973,0.4289097141663939
v11,200,img_XXX_(25208).png,False,0.1195831298828125,0.7191314697265625,0.161285400390625,0.4727783203125,0.2859344482421875,0.2412872314453125,0.19232777419453914,0.20210431190291764,0.7990302411637106,0.3957746180415757,0.9966913922834729,0.3962952746716459,0.513567781538638,0.5661164864352115,0.8469252601702932,0.367223391258251,0.45467119979010684
v11,200,img_XXX_(25221).png,False,0.1194610595703125,0.7215728759765625,0.158966064453125,0.4579620361328125,0.2999114990234375,0.24212646484375,0.1959043074297633,0.20654383100656382,0.7917997189934858,0.4138418974001563,0.9969473416433478,0.41436697752119944,0.5141705069124424,0.5625157549785732,0.8567863313495873,0.3746389039141207,0.46400620215629934
v11,200,img_XXX_(25229).png,False,0.1039886474609375,0.728179931640625,0.1678314208984375,0.465728759765625,0.286590576171875,0.2476806640625,0.16805881432817144,0.17600419369635018,0.7882611885546589,0.39051163568695507,0.9944095410499414,0.3913708562088764,0.527600134634803,0.5794110399211434,0.8550777343394854,0.3620568615499765,0.45905588516087903
v11,200,img_XXX_(25272).png,False,0.11212158203125,0.7184906005859375,0.1693878173828125,0.48333740234375,0.2752532958984375,0.2414093017578125,0.17754978877489438,0.1857557772446016,0.8007621121393577,0.38069494795310477,0.995454293475248,0.3813579119502198,0.536556132640831,0.5942102269135958,0.8468606431852986,0.3649336231229434,0.4586255402969679
v11,200,img_XXX_(25280).png,False,0.1290130615234375,0.7148590087890625,0.1561279296875,0.5027618408203125,0.258819580078125,0.2384185791015625,0.20203222528668893,0.2112051959088288,0.8230632761679479,0.36051767515244554,0.9968753684706992,0.36092552669213857,0.5094570928196147,0.558528,0.8529124315871774,0.3573356644195831,0.4349873839860301
v11,200,img_XXX_(25328).png,False,0.171417236328125,0.658355712890625,0.17022705078125,0.4940032958984375,0.28582763671875,0.2201690673828125,0.2854910977479071,0.29915057915057913,0.862115008011394,0.43133399643774145,0.995462310484732,0.43218374820377325,0.5433104113885873,0.6242289832975259,0.807368232341341,0.42004516852474527,0.4873222039131644
v11,200,img_XXX_(46606).png,False,0.9687652587890625,0.0,0.0312347412109375,1.0,0.0,0.0,0.9687652587890625,0.9687652587890625,1.0,0.0,0.0,0.0,0.0,0.0,0.0,0.3229217529296875,0.0
v11,200,img_XXX_(46623).png,False,0.96893310546875,0.0,0.03106689453125,1.0,0.0,0.0,0.96893310546875,0.96893310546875,1.0,0.0,0.0,0.0,0.0,0.0,0.0,0.3229777018229167,0.0
v11,200,img_XXX_(46691).png,False,0.96826171875,0.0,0.03173828125,1.0,0.0,0.0,0.96826171875,0.96826171875,1.0,0.0,0.0,0.0,0.0,0.0,0.0,0.32275390625,0.0
v11,200,img_XXX_(46776).png,False,0.9703826904296875,0.0,0.0296173095703125,1.0,0.0,0.0,0.9703826904296875,0.9703826904296875,1.0,0.0,0.0,0.0,0.0,0.0,0.0,0.3234608968098958,0.0
v11,200,img_XXX_(46937).png,False,0.919464111328125,0.0445709228515625,0.0359649658203125,0.999969482421875,0.0,3.0517578125e-05,0.9194921720023194,0.9194921720023194,1.0,0.0,0.0,0.0,0.0008485362749257531,1.0,0.0008485362749257531,0.30678023609241506,0.00042426813746287653
v11,200,img_XXX_(46956).png,False,0.9223175048828125,0.04364013671875,0.0340423583984375,1.0,0.0,0.0,0.9223175048828125,0.9223175048828125,1.0,0.0,0.0,0.0,0.0,0.0,0.0,0.3074391682942708,0.0
v11,200,img_XXX_(46967).png,False,0.9164276123046875,0.048309326171875,0.0352630615234375,1.0,0.0,0.0,0.9164276123046875,0.9164276123046875,1.0,0.0,0.0,0.0,0.0,0.0,0.0,0.3054758707682292,0.0
v11,200,img_XXX_(47028).png,False,0.88665771484375,0.07550048828125,0.037841796875,1.0,0.0,0.0,0.88665771484375,0.88665771484375,1.0,0.0,0.0,0.0,0.0,0.0,0.0,0.2955525716145833,0.0
v11,200,img_XXX_(47076).png,False,0.493377685546875,0.471160888671875,0.03546142578125,0.99835205078125,0.0006866455078125,0.0009613037109375,0.4934844711957103,0.4937182857492205,0.9990412568813014,0.0014573482738519333,1.0,0.0014573482738519333,0.004206983592763988,0.15873015873015872,0.004302925989672977,0.16638293435410875,0.0028321659333079606
v11,200,img_XXX_(47221).png,False,0.9420013427734375,0.0205230712890625,0.0374755859375,1.0,0.0,0.0,0.9420013427734375,0.9420013427734375,1.0,0.0,0.0,0.0,0.0,0.0,0.0,0.3140004475911458,0.0
v11,200,img_XXX_(47243).png,False,0.9639434814453125,0.0,0.0360565185546875,0.999969482421875,0.0,3.0517578125e-05,0.9639129638671875,0.9639423810541093,0.9999683409051335,0.0,0.0,0.0,0.0,0.0,0.0,0.3213043212890625,0.0
v11,200,img_XXX_(47249).png,False,0.965240478515625,0.0,0.034759521484375,0.999847412109375,0.0,0.000152587890625,0.9651478621784112,0.9652656960595795,0.9998735337822884,0.0,0.0,0.0,0.0008748906386701663,0.2,0.000877963125548727,0.3220075842723605,0.0004374453193350831
v11,200,img_XXX_(47267).png,False,0.965301513671875,0.0,0.034698486328125,0.99932861328125,0.0,0.00067138671875,0.9653198601804222,0.9656293898491419,0.9996680471689166,0.0,0.0,0.0,0.010021786492374727,0.5227272727272727,0.010114335971855761,0.3251138822242656,0.005010893246187364
v11,200,img_XXX_(47383).png,False,0.9616241455078125,0.0,0.0383758544921875,0.999755859375,0.0,0.000244140625,0.961499725325032,0.9616758241758242,0.9998095872804303,0.0,0.0,0.0,0.0015829046299960427,0.25,0.0015904572564612327,0.3210275433183427,0.0007914523149980214
v11,200,img_XXX_(47394).png,False,0.963714599609375,0.0,0.036285400390625,0.999969482421875,0.0,3.0517578125e-05,0.9637440107425154,0.9637440107425154,1.0,0.0,0.0,0.0,0.0008410428931875525,1.0,0.0008410428931875525,0.321528351211901,0.00042052144659377626
v11,200,img_XXX_(47490).png,False,0.9560394287109375,0.0,0.0439605712890625,1.0,0.0,0.0,0.9560394287109375,0.9560394287109375,1.0,0.0,0.0,0.0,0.0,0.0,0.0,0.3186798095703125,0.0
v11,200,img_XXX_(47566).png,False,0.9523468017578125,0.0056304931640625,0.042022705078125,0.99993896484375,0.0,6.103515625e-05,0.9522857666015625,0.9523438930598791,0.9999359107878166,0.0,0.0,0.0,0.0,0.0,0.0,0.3174285888671875,0.0
v11,200,img_XXX_(47581).png,False,0.9590606689453125,0.0050811767578125,0.035858154296875,0.9996490478515625,0.0,0.0003509521484375,0.9590983318834607,0.9592447300535771,0.9998408986046807,0.0,0.0,0.0,0.005508474576271186,0.5652173913043478,0.005531914893617021,0.32153560215324395,0.002754237288135593
v11,200,img_XXX_(47598).png,False,0.943267822265625,0.01556396484375,0.041168212890625,0.99993896484375,0.0,6.103515625e-05,0.943206787109375,0.9432643593969359,0.999935293927335,0.0,0.0,0.0,0.0,0.0,0.0,0.3144022623697917,0.0
v11,200,img_XXX_(47777).png,False,0.9504241943359375,0.02117919921875,0.0283966064453125,1.0,0.0,0.0,0.9504241943359375,0.9504241943359375,1.0,0.0,0.0,0.0,0.0,0.0,0.0,0.3168080647786458,0.0
v11,200,img_XXX_(47850).png,False,0.969512939453125,0.0004425048828125,0.0300445556640625,1.0,0.0,0.0,0.969512939453125,0.969512939453125,1.0,0.0,0.0,0.0,0.0,0.0,0.0,0.3231709798177083,0.0
v11,200,img_XXX_(47890).png,False,0.96527099609375,0.0054931640625,0.02923583984375,1.0,0.0,0.0,0.96527099609375,0.96527099609375,1.0,0.0,0.0,0.0,0.0,0.0,0.0,0.3217569986979167,0.0
v11,200,img_XXX_(47932).png,False,0.971038818359375,0.0,0.028961181640625,1.0,0.0,0.0,0.971038818359375,0.971038818359375,1.0,0.0,0.0,0.0,0.0,0.0,0.0,0.3236796061197917,0.0
v11,200,img_XXX_(48021).png,False,0.9703826904296875,0.0,0.0296173095703125,1.0,0.0,0.0,0.9703826904296875,0.9703826904296875,1.0,0.0,0.0,0.0,0.0,0.0,0.0,0.3234608968098958,0.0
v11,200,img_XXX_(48050).png,False,0.97149658203125,0.0,0.02850341796875,1.0,0.0,0.0,0.97149658203125,0.97149658203125,1.0,0.0,0.0,0.0,0.0,0.0,0.0,0.3238321940104167,0.0
v11,200,img_XXX_(48102).png,False,0.9710235595703125,0.0,0.0289764404296875,0.9999847412109375,0.0,1.52587890625e-05,0.97100830078125,0.9710231174181735,0.999984285871427,0.0,0.0,0.0,0.0,0.0,0.0,0.32366943359375,0.0
v11,200,img_XXX_(46538).png,False,0.969757080078125,0.0,0.030242919921875,0.99981689453125,0.0,0.00018310546875,0.9696641386782232,0.9697973261705635,0.9998583881423672,0.0,0.0,0.0,0.0015067805123053742,0.25,0.0015136226034308778,0.3237236397301762,0.0007533902561526871
v11,201,img_XXX_(378).png,True,1.0,0.0,0.0,0.99993896484375,0.0,6.103515625e-05,0.99993896484375,1.0,0.99993896484375,0.0,0.0,0.0,0.0,0.0,0.0,0.33331298828125,0.0
v11,201,img_XXX_(384).png,True,1.0,0.0,0.0,1.0,0.0,0.0,1.0,1.0,1.0,0.0,0.0,0.0,0.0,0.0,0.0,0.3333333333333333,0.0
v11,201,img_XXX_(763).png,True,1.0,0.0,0.0,0.970611572265625,0.0260162353515625,0.0033721923828125,0.970611572265625,1.0,0.970611572265625,0.0,0.0,0.0,0.0,0.0,0.0,0.3235371907552083,0.0
v11,201,img_XXX_(792).png,True,1.0,0.0,0.0,0.9772186279296875,0.017974853515625,0.0048065185546875,0.9772186279296875,1.0,0.9772186279296875,0.0,0.0,0.0,0.0,0.0,0.0,0.3257395426432292,0.0
v11,201,img_XXX_(865).png,True,1.0,0.0,0.0,0.981597900390625,0.013763427734375,0.004638671875,0.981597900390625,1.0,0.981597900390625,0.0,0.0,0.0,0.0,0.0,0.0,0.3271993001302083,0.0
v11,201,img_XXX_(885).png,True,1.0,0.0,0.0,0.9819793701171875,0.0140838623046875,0.003936767578125,0.9819793701171875,1.0,0.9819793701171875,0.0,0.0,0.0,0.0,0.0,0.0,0.3273264567057292,0.0
v11,201,img_XXX_(938).png,True,1.0,0.0,0.0,0.984893798828125,0.01104736328125,0.004058837890625,0.984893798828125,1.0,0.984893798828125,0.0,0.0,0.0,0.0,0.0,0.0,0.3282979329427083,0.0
v11,201,img_XXX_(955).png,True,1.0,0.0,0.0,0.9868011474609375,0.00885009765625,0.0043487548828125,0.9868011474609375,1.0,0.9868011474609375,0.0,0.0,0.0,0.0,0.0,0.0,0.3289337158203125,0.0
v11,201,img_XXX_(1010).png,True,1.0,0.0,0.0,0.9853057861328125,0.0079345703125,0.0067596435546875,0.9853057861328125,1.0,0.9853057861328125,0.0,0.0,0.0,0.0,0.0,0.0,0.3284352620442708,0.0
v11,201,img_XXX_(1037).png,True,1.0,0.0,0.0,0.9561309814453125,0.0426788330078125,0.001190185546875,0.9561309814453125,1.0,0.9561309814453125,0.0,0.0,0.0,0.0,0.0,0.0,0.3187103271484375,0.0
v11,201,img_XXX_(1181).png,True,1.0,0.0,0.0,0.9741973876953125,0.0096588134765625,0.016143798828125,0.9741973876953125,1.0,0.9741973876953125,0.0,0.0,0.0,0.0,0.0,0.0,0.3247324625651042,0.0
v11,201,img_XXX_(1226).png,True,1.0,0.0,0.0,0.9831085205078125,0.0162811279296875,0.0006103515625,0.9831085205078125,1.0,0.9831085205078125,0.0,0.0,0.0,0.0,0.0,0.0,0.3277028401692708,0.0
v11,201,img_XXX_(1234).png,True,1.0,0.0,0.0,0.9860992431640625,0.0126190185546875,0.00128173828125,0.9860992431640625,1.0,0.9860992431640625,0.0,0.0,0.0,0.0,0.0,0.0,0.3286997477213542,0.0
v11,201,img_XXX_(1270).png,True,1.0,0.0,0.0,0.9815673828125,0.0093994140625,0.009033203125,0.9815673828125,1.0,0.9815673828125,0.0,0.0,0.0,0.0,0.0,0.0,0.3271891276041667,0.0
v11,201,img_XXX_(1303).png,True,1.0,0.0,0.0,0.98602294921875,0.0085601806640625,0.0054168701171875,0.98602294921875,1.0,0.98602294921875,0.0,0.0,0.0,0.0,0.0,0.0,0.32867431640625,0.0
v11,201,img_XXX_(1546).png,True,1.0,0.0,0.0,0.9998779296875,6.103515625e-05,6.103515625e-05,0.9998779296875,1.0,0.9998779296875,0.0,0.0,0.0,0.0,0.0,0.0,0.3332926432291667,0.0
v11,201,img_XXX_(1614).png,True,1.0,0.0,0.0,0.999969482421875,0.0,3.0517578125e-05,0.999969482421875,1.0,0.999969482421875,0.0,0.0,0.0,0.0,0.0,0.0,0.3333231608072917,0.0
v11,201,img_XXX_(1721).png,True,1.0,0.0,0.0,0.99993896484375,6.103515625e-05,0.0,0.99993896484375,1.0,0.99993896484375,0.0,0.0,0.0,0.0,0.0,0.0,0.33331298828125,0.0
v11,201,img_XXX_(1937).png,True,1.0,0.0,0.0,0.9998321533203125,0.0001373291015625,3.0517578125e-05,0.9998321533203125,1.0,0.9998321533203125,0.0,0.0,0.0,0.0,0.0,0.0,0.3332773844401042,0.0
v11,201,img_XXX_(1949).png,True,1.0,0.0,0.0,0.999847412109375,0.0001220703125,3.0517578125e-05,0.999847412109375,1.0,0.999847412109375,0.0,0.0,0.0,0.0,0.0,0.0,0.333282470703125,0.0
v11,201,img_XXX_(1988).png,True,1.0,0.0,0.0,0.9998931884765625,0.0001068115234375,0.0,0.9998931884765625,1.0,0.9998931884765625,0.0,0.0,0.0,0.0,0.0,0.0,0.3332977294921875,0.0
v11,201,img_XXX_(2077).png,True,1.0,0.0,0.0,0.999847412109375,0.000152587890625,0.0,0.999847412109375,1.0,0.999847412109375,0.0,0.0,0.0,0.0,0.0,0.0,0.333282470703125,0.0
v11,201,img_XXX_(2125).png,True,1.0,0.0,0.0,0.99993896484375,6.103515625e-05,0.0,0.99993896484375,1.0,0.99993896484375,0.0,0.0,0.0,0.0,0.0,0.0,0.33331298828125,0.0
v11,201,img_XXX_(2149).png,True,1.0,0.0,0.0,0.9999237060546875,7.62939453125e-05,0.0,0.9999237060546875,1.0,0.9999237060546875,0.0,0.0,0.0,0.0,0.0,0.0,0.3333079020182292,0.0
v11,201,img_XXX_(2176).png,True,1.0,0.0,0.0,0.999908447265625,4.57763671875e-05,4.57763671875e-05,0.999908447265625,1.0,0.999908447265625,0.0,0.0,0.0,0.0,0.0,0.0,0.3333028157552083,0.0
v11,201,img_XXX_(2308).png,True,1.0,0.0,0.0,0.999969482421875,3.0517578125e-05,0.0,0.999969482421875,1.0,0.999969482421875,0.0,0.0,0.0,0.0,0.0,0.0,0.3333231608072917,0.0
v11,201,img_XXX_(2372).png,True,1.0,0.0,0.0,0.99981689453125,0.00018310546875,0.0,0.99981689453125,1.0,0.99981689453125,0.0,0.0,0.0,0.0,0.0,0.0,0.3332722981770833,0.0
v11,201,img_XXX_(2494).png,True,1.0,0.0,0.0,0.9998321533203125,0.0,0.0001678466796875,0.9998321533203125,1.0,0.9998321533203125,0.0,0.0,0.0,0.0,0.0,0.0,0.3332773844401042,0.0
v11,201,img_XXX_(2513).png,True,1.0,0.0,0.0,0.999908447265625,4.57763671875e-05,4.57763671875e-05,0.999908447265625,1.0,0.999908447265625,0.0,0.0,0.0,0.0,0.0,0.0,0.3333028157552083,0.0
v11,201,img_XXX_(2521).png,True,1.0,0.0,0.0,0.999847412109375,3.0517578125e-05,0.0001220703125,0.999847412109375,1.0,0.999847412109375,0.0,0.0,0.0,0.0,0.0,0.0,0.333282470703125,0.0
v11,201,img_XXX_(2534).png,True,1.0,0.0,0.0,0.999786376953125,0.000213623046875,0.0,0.999786376953125,1.0,0.999786376953125,0.0,0.0,0.0,0.0,0.0,0.0,0.3332621256510417,0.0
v11,201,img_XXX_(2951).png,True,1.0,0.0,0.0,0.9907073974609375,0.008819580078125,0.0004730224609375,0.9907073974609375,1.0,0.9907073974609375,0.0,0.0,0.0,0.0,0.0,0.0,0.3302357991536458,0.0
v11,201,img_XXX_(2974).png,True,1.0,0.0,0.0,0.992431640625,0.00701904296875,0.00054931640625,0.992431640625,1.0,0.992431640625,0.0,0.0,0.0,0.0,0.0,0.0,0.330810546875,0.0
v11,201,img_XXX_(2986).png,True,1.0,0.0,0.0,0.999908447265625,0.0,9.1552734375e-05,0.999908447265625,1.0,0.999908447265625,0.0,0.0,0.0,0.0,0.0,0.0,0.3333028157552083,0.0
v11,201,img_XXX_(3037).png,True,1.0,0.0,0.0,1.0,0.0,0.0,1.0,1.0,1.0,0.0,0.0,0.0,0.0,0.0,0.0,0.3333333333333333,0.0
v11,201,img_XXX_(3103).png,True,1.0,0.0,0.0,0.96295166015625,0.0258636474609375,0.0111846923828125,0.96295166015625,1.0,0.96295166015625,0.0,0.0,0.0,0.0,0.0,0.0,0.32098388671875,0.0
v11,201,img_XXX_(3149).png,True,1.0,0.0,0.0,0.9623260498046875,0.0272216796875,0.0104522705078125,0.9623260498046875,1.0,0.9623260498046875,0.0,0.0,0.0,0.0,0.0,0.0,0.3207753499348958,0.0
v11,201,img_XXX_(3250).png,True,1.0,0.0,0.0,0.9638519287109375,0.027069091796875,0.0090789794921875,0.9638519287109375,1.0,0.9638519287109375,0.0,0.0,0.0,0.0,0.0,0.0,0.3212839762369792,0.0
v11,201,img_XXX_(3355).png,True,1.0,0.0,0.0,0.97723388671875,0.0138092041015625,0.0089569091796875,0.97723388671875,1.0,0.97723388671875,0.0,0.0,0.0,0.0,0.0,0.0,0.32574462890625,0.0
v11,201,img_XXX_(3359).png,True,1.0,0.0,0.0,0.9759674072265625,0.014984130859375,0.0090484619140625,0.9759674072265625,1.0,0.9759674072265625,0.0,0.0,0.0,0.0,0.0,0.0,0.3253224690755208,0.0
v11,201,img_XXX_(3422).png,True,1.0,0.0,0.0,0.9786224365234375,0.012908935546875,0.0084686279296875,0.9786224365234375,1.0,0.9786224365234375,0.0,0.0,0.0,0.0,0.0,0.0,0.3262074788411458,0.0
v11,201,img_XXX_(3430).png,True,1.0,0.0,0.0,0.97802734375,0.0126953125,0.00927734375,0.97802734375,1.0,0.97802734375,0.0,0.0,0.0,0.0,0.0,0.0,0.3260091145833333,0.0
v11,201,img_XXX_(3431).png,True,1.0,0.0,0.0,0.9784393310546875,0.011962890625,0.0095977783203125,0.9784393310546875,1.0,0.9784393310546875,0.0,0.0,0.0,0.0,0.0,0.0,0.3261464436848958,0.0
v11,201,img_XXX_(3517).png,True,1.0,0.0,0.0,0.9970703125,0.0020751953125,0.0008544921875,0.9970703125,1.0,0.9970703125,0.0,0.0,0.0,0.0,0.0,0.0,0.3323567708333333,0.0
v11,201,img_XXX_(3649).png,True,1.0,0.0,0.0,0.999969482421875,0.0,3.0517578125e-05,0.999969482421875,1.0,0.999969482421875,0.0,0.0,0.0,0.0,0.0,0.0,0.3333231608072917,0.0
v11,201,img_XXX_(3660).png,True,1.0,0.0,0.0,0.9998931884765625,0.0,0.0001068115234375,0.9998931884765625,1.0,0.9998931884765625,0.0,0.0,0.0,0.0,0.0,0.0,0.3332977294921875,0.0
v11,201,img_XXX_(3726).png,True,1.0,0.0,0.0,0.9997711181640625,0.0,0.0002288818359375,0.9997711181640625,1.0,0.9997711181640625,0.0,0.0,0.0,0.0,0.0,0.0,0.3332570393880208,0.0
v11,201,img_XXX_(4107).png,True,1.0,0.0,0.0,0.999420166015625,0.0,0.000579833984375,0.999420166015625,1.0,0.999420166015625,0.0,0.0,0.0,0.0,0.0,0.0,0.3331400553385417,0.0
v11,201,img_XXX_(4150).png,True,1.0,0.0,0.0,0.9994964599609375,0.0,0.0005035400390625,0.9994964599609375,1.0,0.9994964599609375,0.0,0.0,0.0,0.0,0.0,0.0,0.3331654866536458,0.0
v11,201,img_XXX_(4169).png,True,1.0,0.0,0.0,0.9992828369140625,1.52587890625e-05,0.000701904296875,0.9992828369140625,1.0,0.9992828369140625,0.0,0.0,0.0,0.0,0.0,0.0,0.3330942789713542,0.0
v11,201,img_XXX_(48182).png,False,0.9258270263671875,0.0443878173828125,0.02978515625,0.98260498046875,0.0173187255859375,7.62939453125e-05,0.9380636563671862,0.9400739176346357,0.997725587144623,0.32720708893994094,0.8784140969162996,0.3427294602956342,0.0025614754098360654,1.0,0.0025614754098360654,0.42261074023898776,0.1648842821748885
v11,201,img_XXX_(48229).png,False,0.882568359375,0.086669921875,0.03076171875,0.9946136474609375,0.0053863525390625,0.0,0.8853232801557016,0.8862740285043647,0.998789764868603,0.049217391304347824,0.8016997167138811,0.049823943661971834,0.0,0.0,0.0,0.31151355715334983,0.024608695652173912
v11,201,img_XXX_(48262).png,False,0.8213043212890625,0.1498565673828125,0.028839111328125,0.9992828369140625,0.0007171630859375,0.0,0.8218937531493838,0.8218937531493838,1.0,0.0047856633744017925,1.0,0.0047856633744017925,0.0,0.0,0.0,0.2755598055079285,0.0023928316872008962
v11,201,img_XXX_(48358).png,False,0.971343994140625,0.0,0.028656005859375,1.0,0.0,0.0,0.971343994140625,0.971343994140625,1.0,0.0,0.0,0.0,0.0,0.0,0.0,0.3237813313802083,0.0
v11,201,img_XXX_(48376).png,False,0.970306396484375,0.0,0.029693603515625,1.0,0.0,0.0,0.970306396484375,0.970306396484375,1.0,0.0,0.0,0.0,0.0,0.0,0.0,0.3234354654947917,0.0
v11,201,img_XXX_(48462).png,False,0.9704132080078125,0.0,0.0295867919921875,0.9987945556640625,0.0012054443359375,0.0,0.969207763671875,0.9703774997326489,0.9987578030410239,0.0,0.0,0.0,0.0,0.0,0.0,0.3230692545572917,0.0
v11,201,img_XXX_(48576).png,False,0.96942138671875,0.0,0.03057861328125,0.99993896484375,6.103515625e-05,0.0,0.9693603515625,0.9694195202343893,0.9999370396020902,0.0,0.0,0.0,0.0,0.0,0.0,0.3231201171875,0.0
v11,201,img_XXX_(48597).png,False,0.9718475341796875,0.0,0.0281524658203125,1.0,0.0,0.0,0.9718475341796875,0.9718475341796875,1.0,0.0,0.0,0.0,0.0,0.0,0.0,0.3239491780598958,0.0
v11,201,img_XXX_(48683).png,False,0.97235107421875,0.0,0.02764892578125,0.9998321533203125,0.0001678466796875,0.0,0.9721832275390625,0.9723464326592903,0.9998273805787459,0.0,0.0,0.0,0.0,0.0,0.0,0.3240610758463542,0.0
v11,201,img_XXX_(49053).png,False,0.9226226806640625,0.046295166015625,0.0310821533203125,0.99981689453125,0.00018310546875,0.0,0.9224395751953125,0.922608509858983,0.9998015380798809,0.0,0.0,0.0,0.0,0.0,0.0,0.3074798583984375,0.0
v11,201,img_XXX_(49154).png,False,0.939483642578125,0.029571533203125,0.03094482421875,0.9992218017578125,0.0007781982421875,0.0,0.9387054443359375,0.9394365121783614,0.9991716745168101,0.0,0.0,0.0,0.0,0.0,0.0,0.3129018147786458,0.0
v11,201,img_XXX_(49316).png,False,0.943267822265625,0.0260009765625,0.030731201171875,0.998931884765625,0.001068115234375,0.0,0.94219970703125,0.9432071609690527,0.9988676437283639,0.0,0.0,0.0,0.0,0.0,0.0,0.3140665690104167,0.0
v11,201,img_XXX_(49324).png,False,0.9494781494140625,0.01904296875,0.0314788818359375,0.9990692138671875,0.0009307861328125,0.0,0.94854736328125,0.9494310805651012,0.9990196866211329,0.0,0.0,0.0,0.0,0.0,0.0,0.3161824544270833,0.0
v11,201,img_XXX_(49344).png,False,0.9382781982421875,0.0307769775390625,0.03094482421875,0.9998626708984375,0.0001373291015625,0.0,0.938140869140625,0.9382697208784165,0.999853637117627,0.0,0.0,0.0,0.0,0.0,0.0,0.312713623046875,0.0
v11,201,img_XXX_(49351).png,False,0.9677581787109375,0.0,0.0322418212890625,1.0,0.0,0.0,0.9677581787109375,0.9677581787109375,1.0,0.0,0.0,0.0,0.0,0.0,0.0,0.3225860595703125,0.0
v11,201,img_XXX_(49373).png,False,0.89801025390625,0.069122314453125,0.032867431640625,1.0,0.0,0.0,0.89801025390625,0.89801025390625,1.0,0.0,0.0,0.0,0.0,0.0,0.0,0.2993367513020833,0.0
v11,201,img_XXX_(49393).png,False,0.969390869140625,0.0,0.030609130859375,0.9999847412109375,1.52587890625e-05,0.0,0.9693756103515625,0.969390402075227,0.9999842594050055,0.0,0.0,0.0,0.0,0.0,0.0,0.3231252034505208,0.0
v11,201,img_XXX_(49434).png,False,0.9662933349609375,0.0,0.0337066650390625,1.0,0.0,0.0,0.9662933349609375,0.9662933349609375,1.0,0.0,0.0,0.0,0.0,0.0,0.0,0.3220977783203125,0.0
v11,201,img_XXX_(49456).png,False,0.9686126708984375,0.0,0.0313873291015625,0.999298095703125,0.000701904296875,0.0,0.9679107666015625,0.968590624522828,0.9992753509034484,0.0,0.0,0.0,0.0,0.0,0.0,0.3226369222005208,0.0
v11,201,img_XXX_(49581).png,False,0.96954345703125,0.0,0.03045654296875,1.0,0.0,0.0,0.96954345703125,0.96954345703125,1.0,0.0,0.0,0.0,0.0,0.0,0.0,0.32318115234375,0.0
v11,201,img_XXX_(49613).png,False,0.97003173828125,0.0,0.02996826171875,0.99932861328125,0.00067138671875,0.0,0.9693603515625,0.9700116044707751,0.99930787138992,0.0,0.0,0.0,0.0,0.0,0.0,0.3231201171875,0.0
v11,201,img_XXX_(49673).png,False,0.9740142822265625,0.0,0.0259857177734375,0.999603271484375,0.000396728515625,0.0,0.9736175537109375,0.9740039688597161,0.9995926871680793,0.0,0.0,0.0,0.0,0.0,0.0,0.3245391845703125,0.0
v11,201,img_XXX_(49731).png,False,0.9710845947265625,0.0,0.0289154052734375,0.9995574951171875,0.0004425048828125,0.0,0.97064208984375,0.9710717938540919,0.9995443189139077,0.0,0.0,0.0,0.0,0.0,0.0,0.32354736328125,0.0
v11,201,img_XXX_(49766).png,False,0.96990966796875,0.0,0.03009033203125,0.9998626708984375,0.0001373291015625,0.0,0.9697723388671875,0.9699055351229264,0.999858410420993,0.0,0.0,0.0,0.0,0.0,0.0,0.3232574462890625,0.0
v11,201,img_XXX_(49872).png,False,0.9656524658203125,0.0073089599609375,0.02703857421875,0.9998016357421875,0.0001983642578125,0.0,0.9654541015625,0.9656456511453994,0.9997945800742672,0.0,0.0,0.0,0.0,0.0,0.0,0.3218180338541667,0.0
v11,201,img_XXX_(50185).png,False,0.9013214111328125,0.0332183837890625,0.065460205078125,0.996307373046875,0.00140380859375,0.002288818359375,0.8995998044846337,0.9019971207155328,0.9970542924376576,0.0,0.0,0.0,0.01092896174863388,0.32,0.011188811188811189,0.3035095887444225,0.00546448087431694
v11,201,img_XXX_(50271).png,False,0.904571533203125,0.0301971435546875,0.0652313232421875,0.9356231689453125,0.064300537109375,7.62939453125e-05,0.8409812541979605,0.8984620904479997,0.9293040045882393,0.0004846526655896607,0.0007119126720455624,0.0015159171298635675,0.00023369946249123628,0.2,0.00023391812865497077,0.2805665354420138,0.0003591760640404485
v11,201,img_XXX_(50274).png,False,0.9035491943359375,0.0352783203125,0.0611724853515625,0.9344024658203125,0.0655364990234375,6.103515625e-05,0.8393549766362276,0.8975945915051358,0.928244532635312,0.0,0.0,0.0,0.0007481296758104738,0.75,0.0007483162883512097,0.28003436877067933,0.0003740648379052369
v11,201,img_XXX_(50396).png,False,0.780731201171875,0.1357421875,0.083526611328125,0.969696044921875,0.0245513916015625,0.0057525634765625,0.7998619304631606,0.8022029897718332,0.9963647734823906,0.15490325417766052,0.8756991920447483,0.15838579136690648,0.040917986123465575,0.610079575596817,0.04201680672268908,0.3318943902547622,0.09791062015056304
v11,201,img_XXX_(50410).png,False,0.7238006591796875,0.1797027587890625,0.09649658203125,0.96966552734375,0.02532958984375,0.0050048828125,0.742932973176707,0.7444294076918235,0.997301570570254,0.12603704014078607,0.9060240963855422,0.12770654665874162,0.04328732747804266,0.8414634146341463,0.04364326375711575,0.3040857802651786,0.08466218380941437
v11,201,img_XXX_(50427).png,False,0.726104736328125,0.2053985595703125,0.0684967041015625,0.9792022705078125,0.019256591796875,0.0015411376953125,0.7389254539513607,0.7400308540975177,0.9979825999243475,0.08432758874650169,0.9072900158478605,0.08506054527895401,0.006358254768691077,0.2871287128712871,0.0064602361327689905,0.27653709915551783,0.04534292175759638
v11,201,img_XXX_(50473).png,False,0.6545867919921875,0.246917724609375,0.0984954833984375,0.974273681640625,0.025726318359375,0.0,0.6706418141696793,0.6711354737666405,0.9989044033660458,0.09271037181996086,0.8991696322657177,0.09368434062538623,0.0,0.0,0.0,0.2544507286632134,0.04635518590998043
v11,201,img_XXX_(50484).png,False,0.734832763671875,0.17132568359375,0.093841552734375,0.981658935546875,0.017822265625,0.000518798828125,0.7454421325389068,0.7467746448223335,0.9976120270775365,0.08555915579297661,0.836472602739726,0.08701460634128963,0.005201560468140442,0.9411764705882353,0.005203252032520325,0.2787342829333413,0.045380358130558525
v11,201,img_XXX_(50554).png,False,0.6790924072265625,0.23468017578125,0.0862274169921875,0.9653472900390625,0.027862548828125,0.0067901611328125,0.6960435617386925,0.6990911246344741,0.9937759802269408,0.09487750556792873,0.816538882803943,0.09694408322496749,0.022990434636684008,0.30786516853932583,0.024243496726243142,0.27130383398110175,0.058933970102306374
v11,201,img_XXX_(50657).png,False,0.53546142578125,0.36529541015625,0.0992431640625,0.9866790771484375,0.0109100341796875,0.002410888671875,0.5422135646151229,0.5423812690410281,0.9994300695315171,0.026906576700404014,0.9034965034965035,0.026984126984126985,0.010312405216863815,0.43037974683544306,0.010455104551045511,0.1931441821774636,0.018609490958633915
v11,201,img_XXX_(50671).png,False,0.53802490234375,0.364593505859375,0.097381591796875,0.9842529296875,0.011749267578125,0.003997802734375,0.5445256378498885,0.5452685104799703,0.9975042541123086,0.0278808085017712,0.8688311688311688,0.027998660751653134,0.019643953345610803,0.48854961832061067,0.02005640864932623,0.1973501332324235,0.023762380923691002
v11,201,img_XXX_(50672).png,False,0.5467071533203125,0.3545989990234375,0.09869384765625,0.9870758056640625,0.008544921875,0.0043792724609375,0.5528811988258922,0.5532316158852355,0.9988556755700689,0.020934322851872505,0.8714285714285714,0.02099918240888162,0.017319277108433735,0.40069686411149824,0.017779839208410638,0.1970449329287328,0.01912679998015312
v11,201,img_XXX_(50803).png,False,0.6017913818359375,0.295379638671875,0.1028289794921875,0.9717254638671875,0.0258941650390625,0.00238037109375,0.5992121954623699,0.6067396322409434,0.9797155100281447,0.04455028029964776,0.5291691219799647,0.04638908978200227,0.015463917525773196,0.6730769230769231,0.015580946728001187,0.2197421310959303,0.03000709891271048
v11,201,img_XXX_(50816).png,False,0.5553436279296875,0.3322296142578125,0.1124267578125,0.9662933349609375,0.03167724609375,0.0020294189453125,0.5632612751015034,0.5673883177791463,0.9872509960159362,0.07196152463142755,0.7711946050096339,0.07353143801956552,0.009963646155917598,0.556390977443609,0.01004343105320304,0.21506214862961617,0.040962585393672576
v11,201,img_XXX_(50865).png,False,0.662200927734375,0.222412109375,0.115386962890625,0.9828948974609375,0.0163726806640625,0.000732421875,0.6600917713722592,0.6655126911433672,0.9878104981796396,0.034644628099173555,0.48835041938490215,0.035949506037321624,0.004487856388595565,0.7083333333333334,0.00449616503570484,0.23307475195334276,0.01956624224388456
v11,201,img_XXX_(51279).png,False,0.235687255859375,0.6944732666015625,0.0698394775390625,0.69207763671875,0.29254150390625,0.015380859375,0.31338834406186544,0.3198694770261928,0.939272303508999,0.3587287583758691,0.890778218234926,0.3752334497835783,0.10594059405940594,0.5307539682539683,0.11688879178501202,0.25935256549904684,0.2323346762176375
v11,201,img_XXX_(51321).png,False,0.221160888671875,0.7079620361328125,0.0708770751953125,0.679412841796875,0.3148040771484375,0.0057830810546875,0.3122846025569761,0.31543367919867044,0.9690216641368842,0.3941801693117291,0.9185691435218846,0.40845313274565165,0.06508373966504134,0.8100263852242744,0.06609257265877287,0.2571828371779155,0.22963195448838522
v11,201,img_XXX_(51381).png,False,0.07025146484375,0.8871917724609375,0.0425567626953125,0.4945526123046875,0.5017242431640625,0.00372314453125,0.1416982819777305,0.14174200117244146,0.9978279756733276,0.5488174238557086,0.980931236884523,0.55473573775003,0.04730662983425414,0.5614754098360656,0.04912154894227322,0.24594077855589774,0.2980620268449814
v11,201,img_XXX_(51536).png,False,0.130218505859375,0.8443756103515625,0.0254058837890625,0.5928192138671875,0.406158447265625,0.0010223388671875,0.21437724243977446,0.21530977323621014,0.9801968596203422,0.47358673762945913,0.9895183710271245,0.4759744836185554,0.015835777126099706,0.40298507462686567,0.016216216216216217,0.2345999190651111,0.2447112573777794
v11,201,img_XXX_(51546).png,False,0.12371826171875,0.8492431640625,0.02703857421875,0.59649658203125,0.4029541015625,0.00054931640625,0.2073772798199166,0.20738258467205567,0.9998766650222003,0.4714721176259638,0.9956831263253559,0.4724378323990226,0.0066815144766146995,0.3333333333333333,0.006772009029345372,0.22851030397416502,0.23907681605128925
v11,201,img_XXX_(51578).png,False,0.0728759765625,0.9017181396484375,0.0254058837890625,0.63983154296875,0.358673095703125,0.001495361328125,0.112227646148351,0.11239626061242011,0.9868090452261307,0.39566436874831035,0.9962137326640007,0.3962602589051527,0.03523194362889019,0.6122448979591837,0.036036036036036036,0.18104131950851718,0.21544815618860028
v11,201,img_XXX_(51611).png,False,0.0528564453125,0.92181396484375,0.02532958984375,0.6534423828125,0.3452911376953125,0.0012664794921875,0.08083874281978237,0.08084251821408556,0.9994226327944573,0.37400929893939144,0.9988952229440099,0.374164073362908,0.02408930669800235,0.4939759036144578,0.02469879518072289,0.15964578281905872,0.1990493028186969
v11,201,img_XXX_(51639).png,False,0.0882568359375,0.887176513671875,0.024566650390625,0.630706787109375,0.367431640625,0.001861572265625,0.13993322688343737,0.13993322688343737,1.0,0.413429141167572,0.9987541528239202,0.41364246155962986,0.03402985074626866,0.4672131147540984,0.03540372670807453,0.19579740626575934,0.22372949595692032
v11,201,img_XXX_(51762).png,False,0.254638671875,0.66162109375,0.083740234375,0.7658843994140625,0.23382568359375,0.0002899169921875,0.3205583856573076,0.32345147729763113,0.9728547459252157,0.32931635935305575,0.9487079091620987,0.3352859778597786,0.0005450581395348837,0.15789473684210525,0.0005466472303206997,0.21680660104996607,0.1649307087462953
v11,201,img_XXX_(51866).png,False,0.26263427734375,0.6544189453125,0.08294677734375,0.6304168701171875,0.349884033203125,0.0196990966796875,0.3316723549488055,0.35282585017548107,0.8469091331629096,0.4283110175560426,0.860750109027475,0.46019865696698375,0.0676083161402952,0.32997676219984506,0.07836644591611479,0.27586389621504775,0.2479596668481689
v11,201,img_XXX_(51903).png,False,0.21405029296875,0.6995391845703125,0.0864105224609375,0.616485595703125,0.360198974609375,0.0233154296875,0.323011108140298,0.3289193604277016,0.9473196464214428,0.47160656015595204,0.9428535118190291,0.4854836950594394,0.0834714479433479,0.362565445026178,0.09782800635705456,0.292696372079866,0.27753900404965
v11,201,img_XXX_(51942).png,False,0.1991729736328125,0.7121124267578125,0.088714599609375,0.61102294921875,0.3638458251953125,0.0251312255859375,0.24678892619813558,0.26246129257816403,0.8051788860798283,0.4173383449578903,0.8707485846089327,0.44489918361224795,0.10582481102712317,0.4335154826958106,0.12280701754385964,0.2566506940610497,0.26158157799250675
v11,201,img_XXX_(51948).png,False,0.1454620361328125,0.764312744140625,0.0902252197265625,0.628387451171875,0.350189208984375,0.02142333984375,0.2277580071174377,0.2284493225195474,0.9868876534144551,0.4378801897749867,0.9691938997821351,0.44406069075663807,0.09585143028306126,0.45584045584045585,0.10823608997124978,0.2538298757251619,0.266865810029024
v11,201,img_XXX_(51950).png,False,0.2035980224609375,0.7050018310546875,0.091400146484375,0.6298828125,0.3502655029296875,0.0198516845703125,0.24784118426463198,0.26281492248062016,0.8130855130030727,0.4062220414802765,0.8703114789806142,0.4323961647512066,0.09343131373725255,0.47886241352805536,0.10400667779632722,0.24916484649405368,0.24982667760876454
v11,201,img_XXX_(51993).png,False,0.244110107421875,0.6771392822265625,0.0787506103515625,0.600189208984375,0.37884521484375,0.020965576171875,0.332723156221398,0.35119743733157066,0.8634829353669209,0.4572234739213746,0.874577090381827,0.48930752416792483,0.11594945355191257,0.49417758369723436,0.1315636504553381,0.3019653612315617,0.2865864637366436
v11,201,img_XXX_(52031).png,False,0.2314910888671875,0.6881866455078125,0.080322265625,0.722442626953125,0.2654876708984375,0.0120697021484375,0.27650842266462483,0.28602205043720696,0.892624085426142,0.3250789747068925,0.8812575435369849,0.33997028890711956,0.09990917347865577,0.695322376738306,0.10448328267477204,0.23383219028339103,0.21249407409277415
v11,201,img_XXX_(52259).png,False,0.3029022216796875,0.6017913818359375,0.095306396484375,0.823822021484375,0.1721649169921875,0.0040130615234375,0.3676791998518244,0.3676791998518244,1.0,0.2533234494687423,0.9086235930160418,0.25994573898932527,0.0336668254724472,0.8060836501901141,0.03394172270252962,0.21822315826433797,0.14349513747059475
v11,201,img_XXX_(52373).png,False,0.71661376953125,0.2161407470703125,0.0672454833984375,0.9418487548828125,0.0506134033203125,0.007537841796875,0.6800216400030914,0.7127420008100446,0.9367600715441615,0.007840424305315346,0.041000904431715404,0.009601129544652313,0.03309443507588533,0.31781376518218624,0.03562514181983208,0.24031883312809735,0.02046742969060034
v11,201,img_XXX_(52502).png,False,0.7601165771484375,0.17730712890625,0.0625762939453125,0.92584228515625,0.068756103515625,0.005401611328125,0.7404817037632122,0.774737952402927,0.94365151058918,0.09887563884156729,0.32201509098979136,0.12487091222030981,0.04405905788610265,0.5310734463276836,0.04584247744452573,0.2944721334969607,0.07146734836383498
v11,201,img_XXX_(52558).png,False,0.814849853515625,0.122039794921875,0.0631103515625,0.90423583984375,0.094482421875,0.00128173828125,0.7532758567026674,0.8168072899088762,0.9064079997003858,0.0767129524243114,0.16327519379844962,0.1264066016504126,0.016867469879518072,0.8333333333333334,0.016924564796905222,0.28228542633549897,0.04679021115191474
v11,201,img_XXX_(52811).png,False,0.9082489013671875,0.03564453125,0.0561065673828125,0.9868927001953125,0.0117340087890625,0.001373291015625,0.8973998594518623,0.9082363127541475,0.9868790215546931,0.0012899064817800709,0.005201560468140442,0.0017123287671232876,0.009378349410503752,0.3888888888888889,0.009518629317378298,0.30268937178138206,0.0053341279461419115
v11,201,img_XXX_(52812).png,False,0.8903961181640625,0.054840087890625,0.0547637939453125,0.9886932373046875,0.0099945068359375,0.001312255859375,0.88150094725906,0.8904390770892816,0.988740938769215,0.004491725768321513,0.02900763358778626,0.0052865887590428495,0.008507135016465422,0.36046511627906974,0.008637503482864307,0.2981666026812823,0.006499430392393467
v11,201,img_XXX_(52855).png,False,0.9364166259765625,0.0086822509765625,0.054901123046875,0.98504638671875,0.0145416259765625,0.0004119873046875,0.9225190839694657,0.936009046409319,0.9846176408284313,0.0,0.0,0.0,0.0033213396069748133,0.4444444444444444,0.0033351862145636463,0.30861347452548016,0.0016606698034874066
v11,201,img_XXX_(52914).png,False,0.9436492919921875,0.005828857421875,0.0505218505859375,0.9923858642578125,0.00689697265625,0.0007171630859375,0.936064698252842,0.9432323139136184,0.9919473505489708,0.0,0.0,0.0,0.0,0.0,0.0,0.31202156608428067,0.0
v11,201,img_XXX_(53024).png,False,0.9295196533203125,0.015625,0.0548553466796875,0.9915924072265625,0.0084075927734375,0.0,0.9211413748378728,0.9289374471031776,0.990971321634355,0.0,0.0,0.0,0.0,0.0,0.0,0.3070471249459576,0.0
v11,201,img_XXX_(53046).png,False,0.925506591796875,0.016845703125,0.057647705078125,0.9819183349609375,0.0180816650390625,0.0,0.9077160211213869,0.9242902208201893,0.9806278233916972,0.0,0.0,0.0,0.0,0.0,0.0,0.30257200704046233,0.0
v11,201,img_XXX_(53137).png,False,0.918731689453125,0.0205535888671875,0.0607147216796875,0.9868011474609375,0.010986328125,0.0022125244140625,0.9137090842221405,0.9219743006911908,0.9902840059790733,0.049238578680203045,0.13472222222222222,0.07201187824795843,0.03436167544519689,0.9448275862068966,0.03443076149786378,0.33243644611584683,0.04180012706269996
v11,201,img_XXX_(53148).png,False,0.922210693359375,0.02044677734375,0.057342529296875,0.989013671875,0.0095062255859375,0.0014801025390625,0.9201900965813276,0.9260676376203406,0.9931500049637645,0.0935933147632312,0.2696629213483146,0.1253731343283582,0.023632501327668615,0.9175257731958762,0.02368281000532198,0.3458053042240758,0.058612908045449906
v11,201,img_XXX_(53164).png,False,0.835540771484375,0.1023712158203125,0.0620880126953125,0.9889068603515625,0.010955810546875,0.0001373291015625,0.828269545405893,0.8358098412257556,0.9892253186748968,0.011990734432483989,0.12256267409470752,0.01311670889849456,0.0022118456623248955,1.0,0.0022118456623248955,0.2808240418335673,0.007101290047404442
v11,201,img_XXX_(18323).png,False,0.036712646484375,0.801910400390625,0.161376953125,0.7174072265625,0.1924896240234375,0.0901031494140625,0.04894303421343068,0.049047132890930746,0.9584372402327515,0.18186104713371176,0.7949266745937376,0.19081325874338775,0.4160151215740184,0.8199830651989839,0.4578290468986384,0.21560640097372027,0.29893808435386504
v11,201,img_XXX_(18538).png,False,0.0716400146484375,0.7637786865234375,0.164581298828125,0.71990966796875,0.200225830078125,0.079864501953125,0.09651440529286183,0.09677829588808817,0.9725239616613418,0.19687411196362603,0.791952446273434,0.20761162721006893,0.36097188004417635,0.8118074130683989,0.3939365844613388,0.21812013243355474,0.2789229960039012
v11,201,img_XXX_(18544).png,False,0.085418701171875,0.76202392578125,0.152557373046875,0.73046875,0.1924591064453125,0.0770721435546875,0.11233617640940295,0.11280080213903744,0.9646302250803859,0.1911680694671897,0.7959248394513597,0.20102122547056467,0.3632575414439714,0.7939021975846368,0.40108021604320865,0.22225392910685468,0.2772128054555805
v11,201,img_XXX_(18577).png,False,0.0586090087890625,0.7845458984375,0.1568450927734375,0.69036865234375,0.21905517578125,0.090576171875,0.07303690101434068,0.07384404561930864,0.8698255662587868,0.21669318139775795,0.8159654499860686,0.2278279134899642,0.41073603619279625,0.7953167115902965,0.4592859227551318,0.23348870620163162,0.31371460879527713
v11,201,img_XXX_(18620).png,False,0.06585693359375,0.7730712890625,0.16107177734375,0.7111968994140625,0.1966400146484375,0.0921630859375,0.0794912559618442,0.08045656418288313,0.8688600556070436,0.19216988388016584,0.7949095988205168,0.20219485236065057,0.4306896551724138,0.8271523178807947,0.4732853353543009,0.23411693167147463,0.3114297695262898
v11,201,img_XXX_(19166).png,False,0.0518646240234375,0.7961883544921875,0.151947021484375,0.5710601806640625,0.3281097412109375,0.100830078125,0.07507966186500935,0.07617902471609886,0.8387761106207708,0.3366106737292748,0.8629493559038274,0.35562199352229823,0.4064012225146447,0.7244249394673123,0.48071901988351073,0.2726971860363096,0.37150594812195975
v11,201,img_XXX_(19222).png,False,0.0841064453125,0.762664794921875,0.153228759765625,0.5525970458984375,0.341888427734375,0.1055145263671875,0.12968026639954516,0.1322656357862764,0.8690130624092888,0.3597820982436367,0.8548156743729358,0.3831979512624545,0.39863081491257013,0.6989154013015184,0.4812786297550289,0.29603105985191736,0.3792064565781034
v11,201,img_XXX_(19274).png,False,0.0864715576171875,0.755126953125,0.1584014892578125,0.6113739013671875,0.2969970703125,0.0916290283203125,0.12371311334430822,0.1256645119424963,0.8884771484030352,0.30779151809422656,0.833744348540896,0.3279178790817976,0.34731129748396644,0.703413821815154,0.4068972160678162,0.2596053096408337,0.3275514077890965
v11,201,img_XXX_(19317).png,False,0.0378265380859375,0.8137664794921875,0.148406982421875,0.63037109375,0.2790374755859375,0.0905914306640625,0.05635025931733205,0.056545313710302095,0.9423154497781363,0.27558999020393626,0.8461201946738119,0.2901314432506422,0.3631853785900783,0.7028802425467408,0.4290561381863047,0.23170854270378222,0.31938768439700727
v11,201,img_XXX_(19318).png,False,0.049041748046875,0.7970428466796875,0.1539154052734375,0.6188201904296875,0.2902069091796875,0.090972900390625,0.07574901074053138,0.07599556158303539,0.9589296826384568,0.28996868041349094,0.8421578421578422,0.3066334832966402,0.3645948473769237,0.7192217376719222,0.4251016159413106,0.24343751284364867,0.32728176389520736
v11,201,img_XXX_(19336).png,False,0.03704833984375,0.813446044921875,0.149505615234375,0.600830078125,0.3156585693359375,0.0835113525390625,0.050035165276800964,0.0505891913856156,0.8204283360790774,0.2939931800297281,0.8126842944844589,0.31536297129994373,0.3230809218506325,0.6813447834825507,0.38058787507654623,0.22236975571905385,0.30853705094018025
v11,201,img_XXX_(19497).png,False,0.0,0.8441009521484375,0.1558990478515625,0.5430450439453125,0.344757080078125,0.1121978759765625,0.0,0.0,0.0,0.33170956824941034,0.8589448526157387,0.3508197906686672,0.34574142156862747,0.6138990888072895,0.44181266516589995,0.2258169966060126,0.33872549490901893
v11,201,img_XXX_(19503).png,False,0.0,0.843292236328125,0.156707763671875,0.5385284423828125,0.3436126708984375,0.11785888671875,0.0,0.0,0.0,0.33275649372901106,0.8624272836271593,0.3514095465566533,0.3584478333081685,0.6147074054893837,0.462317429406037,0.23040144234572651,0.34560216351858974
v11,201,img_XXX_(19509).png,False,0.0,0.8439483642578125,0.1560516357421875,0.55426025390625,0.323089599609375,0.122650146484375,0.0,0.0,0.0,0.3081620086888106,0.8509020496835742,0.32575168598238985,0.3563790286647854,0.5970390644438915,0.46924806883739123,0.22151367911786532,0.332270518676798
v11,201,img_XXX_(19512).png,False,0.0,0.8382110595703125,0.1617889404296875,0.5648651123046875,0.3154449462890625,0.11968994140625,0.0,0.0,0.0,0.2992284295361985,0.842306389977265,0.3169861467605993,0.35331230283911674,0.6139724630290668,0.45421107233801755,0.2175135774584384,0.3262703661876576
v11,201,img_XXX_(19521).png,False,0.0,0.8374176025390625,0.1625823974609375,0.5465087890625,0.3361358642578125,0.1173553466796875,0.0,0.0,0.0,0.31692950463177,0.840210631440374,0.3372569741804996,0.35185321641736056,0.6208555454427253,0.44814641013608636,0.22292757368304353,0.3343913605245653
v11,201,img_XXX_(19572).png,False,0.0,0.8397979736328125,0.1602020263671875,0.5569610595703125,0.3269195556640625,0.116119384765625,0.0,0.0,0.0,0.3157469068883038,0.8564294049008168,0.3333938986499991,0.39729938271604937,0.6766097240473061,0.4904276597771216,0.2376820965347844,0.3565231448021766
v11,201,img_XXX_(19601).png,False,0.018218994140625,0.8277587890625,0.154022216796875,0.5872650146484375,0.295257568359375,0.1174774169921875,0.019867379459237174,0.020084703926000987,0.6474036850921273,0.29051376468525336,0.8562273901808786,0.3054121810942339,0.42287085165933624,0.6868424470710481,0.5238755696453339,0.24441733193460893,0.3566923081722948
v11,201,img_XXX_(19620).png,False,0.022216796875,0.820587158203125,0.157196044921875,0.605712890625,0.266815185546875,0.127471923828125,0.018311392655646838,0.01864167674324869,0.5082417582417582,0.2605511727456044,0.8423881962713028,0.27390382684369075,0.4292499808473148,0.670696672252813,0.5438749757328674,0.23603751541618867,0.3449005767964596
v11,201,img_XXX_(19630).png,False,0.0321197509765625,0.8137054443359375,0.1541748046875,0.5837860107421875,0.2879486083984375,0.128265380859375,0.03744827408949546,0.038082542669698634,0.6921615201900237,0.29238865816984105,0.8655609135710879,0.3062988729911677,0.4337722695584818,0.6661908160837497,0.5542359461599367,0.25453640060593946,0.36308046386416143
v11,201,img_XXX_(19728).png,False,0.022979736328125,0.831085205078125,0.14593505859375,0.5299072265625,0.337249755859375,0.132843017578125,0.03419340107318187,0.03449665975581663,0.795484727755644,0.35504194244858955,0.9077006605737037,0.36833988176109866,0.409613455751871,0.6098093269009878,0.5551024675867837,0.26628293309121415,0.3823276991002303
v11,201,img_XXX_(20103).png,False,0.0533599853515625,0.7691497802734375,0.177490234375,0.613555908203125,0.219085693359375,0.1673583984375,0.07668620978469724,0.07741855259885601,0.8901915927938233,0.23694111805038293,0.8640479175372615,0.24611661078818417,0.5100895362822397,0.6960247994164843,0.656292984869326,0.27457228803910666,0.3735153271663113
v11,201,img_XXX_(20113).png,False,0.0677337646484375,0.7671356201171875,0.165130615234375,0.663330078125,0.177520751953125,0.159149169921875,0.09849822308838703,0.09882223040117777,0.9677855372831718,0.1937256565500752,0.8635894791129448,0.1998408751864744,0.48015043877977437,0.6609779482262704,0.6370356680835335,0.2574581061394122,0.3369380476649248
v11,201,img_XXX_(20168).png,False,0.038604736328125,0.8365631103515625,0.1248321533203125,0.1934661865234375,0.6390228271484375,0.167510986328125,0.15842790768527687,0.16405079264926256,0.8221343873517787,0.7216614146593316,0.9679075431600563,0.7393524851801185,0.3936858951043864,0.49298597194388777,0.6615328199486615,0.42459173914966497,0.557673654881859
v11,201,img_XXX_(20194).png,False,0.0548553466796875,0.769378662109375,0.1757659912109375,0.3235015869140625,0.63421630859375,0.0422821044921875,0.13519205237375817,0.13928588274138012,0.8214186369958275,0.6283590015932023,0.8540082763930325,0.7039784221173297,0.17972426318831008,0.7856369541681704,0.1889921000086813,0.3144251057184235,0.4040416323907562
v11,201,img_XXX_(20195).png,False,0.0654144287109375,0.748291015625,0.1862945556640625,0.33197021484375,0.630096435546875,0.037933349609375,0.1509700799929288,0.15701415701415702,0.7968276183811523,0.6152415692164647,0.8332445391582313,0.7016313213703099,0.16285510801614309,0.827835880933226,0.1685641739700221,0.30968891907517887,0.3890483386163039
v11,201,img_XXX_(20339).png,False,0.46923828125,0.3868560791015625,0.1439056396484375,0.6309967041015625,0.2928619384765625,0.076141357421875,0.7133182844243793,0.725944913307378,0.9761966701352758,0.559460878697707,0.8326473193351743,0.6303396047804993,0.4275391011680855,0.8655310621242485,0.4579577987488071,0.5667727547633906,0.49349998993289623
v11,201,img_XXX_(20367).png,False,0.47784423828125,0.386993408203125,0.135162353515625,0.600982666015625,0.3180084228515625,0.0810089111328125,0.76755,0.7795155639059564,0.9803934091199387,0.63232644409115,0.8587879660285015,0.7057014431038562,0.46474358974358976,0.84667545677152,0.5074508918491759,0.6215400112782465,0.5485350169173699
v11,201,img_XXX_(20382).png,False,0.4635162353515625,0.3988189697265625,0.137664794921875,0.6040802001953125,0.3212432861328125,0.074676513671875,0.7423982069480762,0.7530122003586855,0.9813674819764954,0.6175916086792582,0.8557925236308365,0.6893293032865286,0.43998344370860926,0.8688189619942787,0.4712923963644425,0.5999910864453146,0.5287875261939338
v11,201,img_XXX_(20400).png,False,0.3951263427734375,0.46575927734375,0.1391143798828125,0.577545166015625,0.3493804931640625,0.0730743408203125,0.6463493375345437,0.6611889035667107,0.9664413979532729,0.5746330248187231,0.8514215836135738,0.638677761761237,0.431100133786148,0.8747128836917937,0.45947131731929364,0.550694165379805,0.5028665793024356
v11,201,img_XXX_(53262).png,False,0.915618896484375,0.014312744140625,0.070068359375,0.96978759765625,0.030029296875,0.00018310546875,0.8929162326122925,0.9170809994335704,0.971336199713362,0.0636896046852123,0.08841463414634146,0.18550106609808104,0.0008695652173913044,0.3333333333333333,0.0008710801393728223,0.31915846750496535,0.0322795849513018
v11,201,img_XXX_(53364).png,False,0.82928466796875,0.063720703125,0.10699462890625,0.97247314453125,0.02752685546875,0.0,0.8393669387500778,0.845477938869014,0.9914624273202326,0.28216123499142365,0.729490022172949,0.31513409961685823,0.0,0.0,0.0,0.3738427245805005,0.14108061749571182
v11,201,img_XXX_(53385).png,False,0.83331298828125,0.0394134521484375,0.1272735595703125,0.981658935546875,0.016876220703125,0.00146484375,0.8435809606472512,0.8460067771318432,0.9966124661246613,0.3468419131069733,0.8589511754068716,0.3677893921796361,0.005721778519489808,0.5,0.0057547056707828795,0.3987148840912381,0.17628184581323156
v11,201,img_XXX_(24138).png,False,0.1840057373046875,0.67681884765625,0.1391754150390625,0.7056732177734375,0.2254180908203125,0.06890869140625,0.24732056904481764,0.24998378273185287,0.958703043370097,0.29023740944400805,0.9003587626074595,0.2998692397871765,0.22623864760363277,0.5571302037201062,0.2758469466067317,0.2545988753641528,0.2582380285238204
v11,201,img_XXX_(24144).png,False,0.170989990234375,0.6842803955078125,0.1447296142578125,0.6873626708984375,0.2546539306640625,0.0579833984375,0.23779870615675747,0.23990498812351543,0.9643940746028913,0.3121654760635462,0.8771645994367547,0.32643550005574756,0.23054835124120043,0.655,0.26241433842909856,0.26017084448716804,0.27135691365237335
v11,201,img_XXX_(24153).png,False,0.21002197265625,0.6642608642578125,0.1257171630859375,0.7371978759765625,0.21075439453125,0.0520477294921875,0.27196541267109253,0.27472936890691946,0.9643272304562627,0.28297201154439894,0.9157254561251086,0.29053821239060024,0.24532335649385356,0.6728232189973615,0.2785532224784561,0.2667535935697817,0.26414768401912625
v11,201,img_XXX_(24418).png,False,0.06121826171875,0.8034515380859375,0.1353302001953125,0.5518798828125,0.2933502197265625,0.1547698974609375,0.0876214709146523,0.08949900464499004,0.8068295114656032,0.3218337961345372,0.9103250975292588,0.33237109486278604,0.49984222152098456,0.6246672582076309,0.714398466568948,0.30309916285672467,0.4108380088277609
v11,201,img_XXX_(24435).png,False,0.0631256103515625,0.7896575927734375,0.147216796875,0.5746307373046875,0.285369873046875,0.1399993896484375,0.09723826525254646,0.0983563026102658,0.8953347836596568,0.31160755841012755,0.8949844936370441,0.3234333636065004,0.5062014883572057,0.6894822888283378,0.6556799336650083,0.3050157706732932,0.4089045233836666
v11,201,img_XXX_(24488).png,False,0.0882415771484375,0.77520751953125,0.1365509033203125,0.5509185791015625,0.32720947265625,0.1218719482421875,0.13813715900445603,0.14081152194986843,0.8791284800276673,0.3608332862443729,0.8933501212460362,0.37707660814109123,0.45886811956240847,0.6669588080631026,0.595262040451447,0.3192795216037458,0.40985070290339065
v11,201,img_XXX_(24542).png,False,0.148590087890625,0.7132110595703125,0.1381988525390625,0.534027099609375,0.3561248779296875,0.1098480224609375,0.240667812967996,0.24795702611577805,0.891148079687821,0.40395865053289526,0.86396160932345,0.43139855801116794,0.39584406663232014,0.6403667175996666,0.50899856464613,0.3468235100444038,0.39990135858260767
v11,201,img_XXX_(24555).png,False,0.1713714599609375,0.674285888671875,0.1543426513671875,0.5209197998046875,0.353515625,0.1255645751953125,0.2799751735033572,0.29069392776589825,0.8836256789244057,0.42484240808901297,0.866885359116022,0.4544919665082598,0.46752,0.7101713452424353,0.5777558082056352,0.3907791938641234,0.44618120404450645
v11,201,img_XXX_(24618).png,False,0.14404296875,0.6995391845703125,0.1564178466796875,0.4848175048828125,0.401336669921875,0.1138458251953125,0.21536419935122383,0.22984924306801371,0.7736228813559322,0.41745417395233697,0.8078473119914835,0.4634747518813393,0.43754565376187,0.7225572979493365,0.5258999122036875,0.3567880090218103,0.4274999138571035
v11,201,img_XXX_(24912).png,False,0.0620880126953125,0.77252197265625,0.1653900146484375,0.5694732666015625,0.289794921875,0.1407318115234375,0.09787798408488063,0.09887194876878969,0.9068567215532072,0.3354817670867622,0.9208614153327717,0.3454412578020068,0.4962708830548926,0.7214572264989699,0.613894270689178,0.3098768780755118,0.4158763250708274
v11,201,img_XXX_(24913).png,False,0.0604705810546875,0.774139404296875,0.1653900146484375,0.560394287109375,0.2977447509765625,0.1418609619140625,0.09543937109627396,0.09652562217502587,0.8945243502397174,0.34523832321568776,0.9238968892533183,0.3553435565892695,0.49687778768956287,0.7189415940626008,0.6166620536949903,0.3125184940005082,0.4210580554526253
v11,201,img_XXX_(24927).png,False,0.0612945556640625,0.7694549560546875,0.16925048828125,0.5038299560546875,0.35015869140625,0.1460113525390625,0.1071716839556366,0.10857385141888004,0.8924570575056012,0.4040912396188143,0.9202109116262855,0.41876375751085726,0.48320172290021535,0.7034172849827568,0.606833754056978,0.33148821549155544,0.44364648125951484
v11,201,img_XXX_(24988).png,False,0.066162109375,0.7734222412109375,0.1604156494140625,0.500030517578125,0.35894775390625,0.141021728515625,0.11654078777119128,0.11818736649374428,0.893219557195572,0.41074823207360656,0.9185087570141133,0.4262828733205753,0.48110661268556004,0.6943302315516122,0.6103871397317607,0.3361318775101193,0.44592742237958327
v11,201,img_XXX_(25136).png,False,0.0706329345703125,0.7498321533203125,0.179534912109375,0.5408477783203125,0.30731201171875,0.1518402099609375,0.11521122057104692,0.11680067710537452,0.8943616331821128,0.3719009900990099,0.9325223435948361,0.3821859547017765,0.5067647262887671,0.733996583257964,0.6207717151113378,0.331292312319608,0.4393328581938885
v11,201,img_XXX_(25176).png,False,0.09259033203125,0.749481201171875,0.157928466796875,0.44769287109375,0.3843231201171875,0.1679840087890625,0.16997092254824214,0.17532379004771642,0.8477257745550428,0.48242358949804487,0.9600587604716719,0.49230424691559105,0.5023563339663782,0.6487419384140249,0.6900483091787439,0.38491694867088844,0.49238996173221156
v11,201,img_XXX_(25208).png,False,0.1195831298828125,0.7191314697265625,0.161285400390625,0.41827392578125,0.4219970703125,0.15972900390625,0.2373714325832836,0.2466802860061287,0.8628301646038025,0.5411961091418679,0.9495588660688459,0.5572153026798786,0.5049717433292796,0.6743408482995796,0.6678334910122989,0.427846428351477,0.5230839262355738
v11,201,img_XXX_(25221).png,False,0.1194610595703125,0.7215728759765625,0.158966064453125,0.4408721923828125,0.410125732421875,0.1490020751953125,0.23402110356878822,0.241027238431454,0.8895133478094265,0.5252226129516524,0.9502195103802367,0.5400833174734082,0.4965890553166247,0.6858166922683052,0.6428297177961221,0.41861092394568844,0.5109058341341386
v11,201,img_XXX_(25229).png,False,0.1039886474609375,0.728179931640625,0.1678314208984375,0.4393463134765625,0.4127960205078125,0.147857666015625,0.2017955381551858,0.20765463828013753,0.8773294203961849,0.5218585907925266,0.9478061582818911,0.537299358786304,0.4971416166148057,0.7089783281733746,0.6246022365669607,0.40693191518750604,0.5095001037036662
v11,201,img_XXX_(25272).png,False,0.11212158203125,0.7184906005859375,0.1693878173828125,0.5067291259765625,0.3679046630859375,0.1253662109375,0.2035789536160489,0.20657050799482068,0.9335873707131193,0.4719454207153194,0.9467877732155447,0.48480472317200074,0.4658521778722113,0.7472005842259006,0.5530132420502657,0.38045885073452657,0.4688987992937653
v11,201,img_XXX_(25280).png,False,0.1290130615234375,0.7148590087890625,0.1561279296875,0.492950439453125,0.3892974853515625,0.1177520751953125,0.24210750853242322,0.2459295486906457,0.9396806623299823,0.5024396320827191,0.9484968447458159,0.516531836325215,0.43948993503889644,0.7101205131527796,0.5355746677091477,0.3946790252180129,0.4709647835608078
v11,201,img_XXX_(25328).png,False,0.171417236328125,0.658355712890625,0.17022705078125,0.4480133056640625,0.439849853515625,0.1121368408203125,0.362065494564488,0.36752835393889854,0.9605661385081005,0.5832985018808984,0.9198293207520988,0.6145413248041534,0.41194872577445446,0.7346577765682406,0.4839548225170312,0.4524375740732803,0.4976236138276764
v11,201,img_XXX_(46606).png,False,0.9687652587890625,0.0,0.0312347412109375,1.0,0.0,0.0,0.9687652587890625,0.9687652587890625,1.0,0.0,0.0,0.0,0.0,0.0,0.0,0.3229217529296875,0.0
v11,201,img_XXX_(46623).png,False,0.96893310546875,0.0,0.03106689453125,0.9998931884765625,0.0001068115234375,0.0,0.9688262939453125,0.9689297868119459,0.9998897637795275,0.0,0.0,0.0,0.0,0.0,0.0,0.3229420979817708,0.0
v11,201,img_XXX_(46691).png,False,0.96826171875,0.0,0.03173828125,1.0,0.0,0.0,0.96826171875,0.96826171875,1.0,0.0,0.0,0.0,0.0,0.0,0.0,0.32275390625,0.0
v11,201,img_XXX_(46776).png,False,0.9703826904296875,0.0,0.0296173095703125,0.9994049072265625,0.0002288818359375,0.0003662109375,0.9705092196849432,0.970731483884758,0.9997641324003459,0.0,0.0,0.0,0.012364760432766615,1.0,0.012364760432766615,0.3276246600392366,0.0061823802163833074
v11,201,img_XXX_(46937).png,False,0.919464111328125,0.0445709228515625,0.0359649658203125,0.9999542236328125,4.57763671875e-05,0.0,0.9194183349609375,0.9194604245189446,0.9999502140794583,0.0,0.0,0.0,0.0,0.0,0.0,0.3064727783203125,0.0
v11,201,img_XXX_(46956).png,False,0.9223175048828125,0.04364013671875,0.0340423583984375,0.999969482421875,3.0517578125e-05,0.0,0.9222869873046875,0.9223151341288491,0.9999669120688229,0.0,0.0,0.0,0.0,0.0,0.0,0.3074289957682292,0.0
v11,201,img_XXX_(46967).png,False,0.9164276123046875,0.048309326171875,0.0352630615234375,0.9997100830078125,0.0002899169921875,0.0,0.9161376953125,0.9164033762229651,0.999683644416324,0.0,0.0,0.0,0.0,0.0,0.0,0.3053792317708333,0.0
v11,201,img_XXX_(47028).png,False,0.88665771484375,0.07550048828125,0.037841796875,0.9516754150390625,0.0477294921875,0.0005950927734375,0.9301643756608671,0.9308951562474947,0.9991567426171956,0.6207104154124021,0.9888107416879796,0.6251010509296685,0.010024057738572574,0.6410256410256411,0.010080645161290322,0.5202996162706139,0.3153672365754874
v11,201,img_XXX_(47076).png,False,0.493377685546875,0.471160888671875,0.03546142578125,0.998931884765625,0.001068115234375,0.0,0.4929246363095147,0.4932484037515657,0.998670130512773,0.0008731929756476181,0.38571428571428573,0.00087440896431116,0.0,0.0,0.0,0.16459927642838745,0.00043659648782380905
v11,201,img_XXX_(47221).png,False,0.9420013427734375,0.0205230712890625,0.0374755859375,0.99981689453125,0.00018310546875,0.0,0.9418182373046875,0.9419907209572065,0.9998056207985746,0.0,0.0,0.0,0.0,0.0,0.0,0.3139394124348958,0.0
v11,201,img_XXX_(47243).png,False,0.9639434814453125,0.0,0.0360565185546875,0.99945068359375,0.00054931640625,0.0,0.9633941650390625,0.9639236641221374,0.9994301362924034,0.0,0.0,0.0,0.0,0.0,0.0,0.3211313883463542,0.0
v11,201,img_XXX_(47249).png,False,0.965240478515625,0.0,0.034759521484375,0.9997406005859375,0.0002593994140625,0.0,0.9649810791015625,0.9652314595766114,0.9997312592873628,0.0,0.0,0.0,0.0,0.0,0.0,0.3216603597005208,0.0
v11,201,img_XXX_(47267).png,False,0.965301513671875,0.0,0.034698486328125,0.999847412109375,0.000152587890625,0.0,0.96514892578125,0.9652962182950279,0.9998419272232936,0.0,0.0,0.0,0.0,0.0,0.0,0.32171630859375,0.0
v11,201,img_XXX_(47383).png,False,0.9616241455078125,0.0,0.0383758544921875,1.0,0.0,0.0,0.9616241455078125,0.9616241455078125,1.0,0.0,0.0,0.0,0.0,0.0,0.0,0.3205413818359375,0.0
v11,201,img_XXX_(47394).png,False,0.963714599609375,0.0,0.036285400390625,0.9999542236328125,0.0,4.57763671875e-05,0.9637587169822838,0.9637587169822838,1.0,0.0,0.0,0.0,0.001261564339781329,1.0,0.001261564339781329,0.321673427107355,0.0006307821698906644
v11,201,img_XXX_(47490).png,False,0.9560394287109375,0.0,0.0439605712890625,0.9995880126953125,0.0001220703125,0.0002899169921875,0.956194575453699,0.9563113465325375,0.9998723166546963,0.0,0.0,0.0,0.006594932315168344,1.0,0.006594932315168344,0.32092983592295576,0.003297466157584172
v11,201,img_XXX_(47566).png,False,0.9523468017578125,0.0056304931640625,0.042022705078125,1.0,0.0,0.0,0.9523468017578125,0.9523468017578125,1.0,0.0,0.0,0.0,0.0,0.0,0.0,0.3174489339192708,0.0
v11,201,img_XXX_(47581).png,False,0.9590606689453125,0.0050811767578125,0.035858154296875,0.99993896484375,6.103515625e-05,0.0,0.9589996337890625,0.9590581700543246,0.9999363594418723,0.0,0.0,0.0,0.0,0.0,0.0,0.3196665445963542,0.0
v11,201,img_XXX_(47598).png,False,0.943267822265625,0.01556396484375,0.041168212890625,0.9997406005859375,0.0002593994140625,0.0,0.9430084228515625,0.9432531021535737,0.9997249991911741,0.0,0.0,0.0,0.0,0.0,0.0,0.3143361409505208,0.0
v11,201,img_XXX_(47777).png,False,0.9504241943359375,0.02117919921875,0.0283966064453125,0.9997711181640625,0.0002288818359375,0.0,0.9501953125,0.950412844736802,0.9997591792829964,0.0,0.0,0.0,0.0,0.0,0.0,0.3167317708333333,0.0
v11,201,img_XXX_(47850).png,False,0.969512939453125,0.0004425048828125,0.0300445556640625,0.9998626708984375,0.0001373291015625,0.0,0.9693756103515625,0.9695087521174478,0.9998583524819793,0.0,0.0,0.0,0.0,0.0,0.0,0.3231252034505208,0.0
v11,201,img_XXX_(47890).png,False,0.96527099609375,0.0054931640625,0.02923583984375,0.9993438720703125,0.0006561279296875,0.0,0.9646148681640625,0.9652481944635305,0.9993202655706608,0.0,0.0,0.0,0.0,0.0,0.0,0.3215382893880208,0.0
v11,201,img_XXX_(47932).png,False,0.971038818359375,0.0,0.028961181640625,0.9989013671875,0.0010986328125,0.0,0.969940185546875,0.9710069656605157,0.9988686005217009,0.0,0.0,0.0,0.0,0.0,0.0,0.3233133951822917,0.0
v11,201,img_XXX_(48021).png,False,0.9703826904296875,0.0,0.0296173095703125,0.9995574951171875,0.0004425048828125,0.0,0.969940185546875,0.9703695788236372,0.9995439893073355,0.0,0.0,0.0,0.0,0.0,0.0,0.3233133951822917,0.0
v11,201,img_XXX_(48050).png,False,0.97149658203125,0.0,0.02850341796875,0.9996337890625,0.0003662109375,0.0,0.97113037109375,0.971486139943827,0.9996230445435698,0.0,0.0,0.0,0.0,0.0,0.0,0.3237101236979167,0.0
v11,201,img_XXX_(48102).png,False,0.9710235595703125,0.0,0.0289764404296875,0.9992523193359375,0.000701904296875,4.57763671875e-05,0.9703660751071979,0.9710476888542764,0.999277150085642,0.0,0.0,0.0,0.001579778830963665,1.0,0.001579778830963665,0.3239819513127205,0.0007898894154818325
v11,201,img_XXX_(46538).png,False,0.969757080078125,0.0,0.030242919921875,0.9987945556640625,0.0012054443359375,0.0,0.9685516357421875,0.9697205799226973,0.9987569625830003,0.0,0.0,0.0,0.0,0.0,0.0,0.3228505452473958,0.0
v11,202,img_XXX_(378).png,True,1.0,0.0,0.0,0.999969482421875,0.0,3.0517578125e-05,0.999969482421875,1.0,0.999969482421875,0.0,0.0,0.0,0.0,0.0,0.0,0.3333231608072917,0.0
v11,202,img_XXX_(384).png,True,1.0,0.0,0.0,0.9999237060546875,0.0,7.62939453125e-05,0.9999237060546875,1.0,0.9999237060546875,0.0,0.0,0.0,0.0,0.0,0.0,0.3333079020182292,0.0
v11,202,img_XXX_(763).png,True,1.0,0.0,0.0,0.9892578125,0.0107421875,0.0,0.9892578125,1.0,0.9892578125,0.0,0.0,0.0,0.0,0.0,0.0,0.3297526041666667,0.0
v11,202,img_XXX_(792).png,True,1.0,0.0,0.0,0.9204254150390625,0.0742950439453125,0.005279541015625,0.9204254150390625,1.0,0.9204254150390625,0.0,0.0,0.0,0.0,0.0,0.0,0.3068084716796875,0.0
v11,202,img_XXX_(865).png,True,1.0,0.0,0.0,0.9481201171875,0.046966552734375,0.004913330078125,0.9481201171875,1.0,0.9481201171875,0.0,0.0,0.0,0.0,0.0,0.0,0.3160400390625,0.0
v11,202,img_XXX_(885).png,True,1.0,0.0,0.0,0.949615478515625,0.0452728271484375,0.0051116943359375,0.949615478515625,1.0,0.949615478515625,0.0,0.0,0.0,0.0,0.0,0.0,0.3165384928385417,0.0
v11,202,img_XXX_(938).png,True,1.0,0.0,0.0,0.960052490234375,0.03460693359375,0.005340576171875,0.960052490234375,1.0,0.960052490234375,0.0,0.0,0.0,0.0,0.0,0.0,0.3200174967447917,0.0
v11,202,img_XXX_(955).png,True,1.0,0.0,0.0,0.9562530517578125,0.0384521484375,0.0052947998046875,0.9562530517578125,1.0,0.9562530517578125,0.0,0.0,0.0,0.0,0.0,0.0,0.3187510172526042,0.0
v11,202,img_XXX_(1010).png,True,1.0,0.0,0.0,0.8282623291015625,0.126434326171875,0.0453033447265625,0.8282623291015625,1.0,0.8282623291015625,0.0,0.0,0.0,0.0,0.0,0.0,0.2760874430338542,0.0
v11,202,img_XXX_(1037).png,True,1.0,0.0,0.0,0.8148040771484375,0.141998291015625,0.0431976318359375,0.8148040771484375,1.0,0.8148040771484375,0.0,0.0,0.0,0.0,0.0,0.0,0.2716013590494792,0.0
v11,202,img_XXX_(1181).png,True,1.0,0.0,0.0,0.719268798828125,0.215118408203125,0.06561279296875,0.719268798828125,1.0,0.719268798828125,0.0,0.0,0.0,0.0,0.0,0.0,0.23975626627604166,0.0
v11,202,img_XXX_(1226).png,True,1.0,0.0,0.0,0.7943878173828125,0.13922119140625,0.0663909912109375,0.7943878173828125,1.0,0.7943878173828125,0.0,0.0,0.0,0.0,0.0,0.0,0.2647959391276042,0.0
v11,202,img_XXX_(1234).png,True,1.0,0.0,0.0,0.778106689453125,0.154388427734375,0.0675048828125,0.778106689453125,1.0,0.778106689453125,0.0,0.0,0.0,0.0,0.0,0.0,0.259368896484375,0.0
v11,202,img_XXX_(1270).png,True,1.0,0.0,0.0,0.9447174072265625,0.0438690185546875,0.01141357421875,0.9447174072265625,1.0,0.9447174072265625,0.0,0.0,0.0,0.0,0.0,0.0,0.3149058024088542,0.0
v11,202,img_XXX_(1303).png,True,1.0,0.0,0.0,0.98858642578125,0.0089263916015625,0.0024871826171875,0.98858642578125,1.0,0.98858642578125,0.0,0.0,0.0,0.0,0.0,0.0,0.32952880859375,0.0
v11,202,img_XXX_(1546).png,True,1.0,0.0,0.0,0.99981689453125,0.0001220703125,6.103515625e-05,0.99981689453125,1.0,0.99981689453125,0.0,0.0,0.0,0.0,0.0,0.0,0.3332722981770833,0.0
v11,202,img_XXX_(1614).png,True,1.0,0.0,0.0,0.9998626708984375,0.0001220703125,1.52587890625e-05,0.9998626708984375,1.0,0.9998626708984375,0.0,0.0,0.0,0.0,0.0,0.0,0.3332875569661458,0.0
v11,202,img_XXX_(1721).png,True,1.0,0.0,0.0,1.0,0.0,0.0,1.0,1.0,1.0,0.0,0.0,0.0,0.0,0.0,0.0,0.3333333333333333,0.0
v11,202,img_XXX_(1937).png,True,1.0,0.0,0.0,0.9998779296875,0.0001220703125,0.0,0.9998779296875,1.0,0.9998779296875,0.0,0.0,0.0,0.0,0.0,0.0,0.3332926432291667,0.0
v11,202,img_XXX_(1949).png,True,1.0,0.0,0.0,0.9998931884765625,0.0001068115234375,0.0,0.9998931884765625,1.0,0.9998931884765625,0.0,0.0,0.0,0.0,0.0,0.0,0.3332977294921875,0.0
v11,202,img_XXX_(1988).png,True,1.0,0.0,0.0,0.9999542236328125,0.0,4.57763671875e-05,0.9999542236328125,1.0,0.9999542236328125,0.0,0.0,0.0,0.0,0.0,0.0,0.3333180745442708,0.0
v11,202,img_XXX_(2077).png,True,1.0,0.0,0.0,0.9999847412109375,0.0,1.52587890625e-05,0.9999847412109375,1.0,0.9999847412109375,0.0,0.0,0.0,0.0,0.0,0.0,0.3333282470703125,0.0
v11,202,img_XXX_(2125).png,True,1.0,0.0,0.0,0.9999847412109375,1.52587890625e-05,0.0,0.9999847412109375,1.0,0.9999847412109375,0.0,0.0,0.0,0.0,0.0,0.0,0.3333282470703125,0.0
v11,202,img_XXX_(2149).png,True,1.0,0.0,0.0,0.9999847412109375,1.52587890625e-05,0.0,0.9999847412109375,1.0,0.9999847412109375,0.0,0.0,0.0,0.0,0.0,0.0,0.3333282470703125,0.0
v11,202,img_XXX_(2176).png,True,1.0,0.0,0.0,1.0,0.0,0.0,1.0,1.0,1.0,0.0,0.0,0.0,0.0,0.0,0.0,0.3333333333333333,0.0
v11,202,img_XXX_(2308).png,True,1.0,0.0,0.0,0.9999542236328125,3.0517578125e-05,1.52587890625e-05,0.9999542236328125,1.0,0.9999542236328125,0.0,0.0,0.0,0.0,0.0,0.0,0.3333180745442708,0.0
v11,202,img_XXX_(2372).png,True,1.0,0.0,0.0,0.999420166015625,0.000579833984375,0.0,0.999420166015625,1.0,0.999420166015625,0.0,0.0,0.0,0.0,0.0,0.0,0.3331400553385417,0.0
v11,202,img_XXX_(2494).png,True,1.0,0.0,0.0,0.9999237060546875,0.0,7.62939453125e-05,0.9999237060546875,1.0,0.9999237060546875,0.0,0.0,0.0,0.0,0.0,0.0,0.3333079020182292,0.0
v11,202,img_XXX_(2513).png,True,1.0,0.0,0.0,0.999755859375,0.0,0.000244140625,0.999755859375,1.0,0.999755859375,0.0,0.0,0.0,0.0,0.0,0.0,0.333251953125,0.0
v11,202,img_XXX_(2521).png,True,1.0,0.0,0.0,0.99908447265625,0.00048828125,0.00042724609375,0.99908447265625,1.0,0.99908447265625,0.0,0.0,0.0,0.0,0.0,0.0,0.3330281575520833,0.0
v11,202,img_XXX_(2534).png,True,1.0,0.0,0.0,0.9969940185546875,0.001739501953125,0.0012664794921875,0.9969940185546875,1.0,0.9969940185546875,0.0,0.0,0.0,0.0,0.0,0.0,0.3323313395182292,0.0
v11,202,img_XXX_(2951).png,True,1.0,0.0,0.0,0.99932861328125,7.62939453125e-05,0.0005950927734375,0.99932861328125,1.0,0.99932861328125,0.0,0.0,0.0,0.0,0.0,0.0,0.3331095377604167,0.0
v11,202,img_XXX_(2974).png,True,1.0,0.0,0.0,0.998870849609375,7.62939453125e-05,0.0010528564453125,0.998870849609375,1.0,0.998870849609375,0.0,0.0,0.0,0.0,0.0,0.0,0.3329569498697917,0.0
v11,202,img_XXX_(2986).png,True,1.0,0.0,0.0,1.0,0.0,0.0,1.0,1.0,1.0,0.0,0.0,0.0,0.0,0.0,0.0,0.3333333333333333,0.0
v11,202,img_XXX_(3037).png,True,1.0,0.0,0.0,0.9969940185546875,0.00238037109375,0.0006256103515625,0.9969940185546875,1.0,0.9969940185546875,0.0,0.0,0.0,0.0,0.0,0.0,0.3323313395182292,0.0
v11,202,img_XXX_(3103).png,True,1.0,0.0,0.0,0.717681884765625,0.2092437744140625,0.0730743408203125,0.717681884765625,1.0,0.717681884765625,0.0,0.0,0.0,0.0,0.0,0.0,0.239227294921875,0.0
v11,202,img_XXX_(3149).png,True,1.0,0.0,0.0,0.724029541015625,0.201263427734375,0.07470703125,0.724029541015625,1.0,0.724029541015625,0.0,0.0,0.0,0.0,0.0,0.0,0.24134318033854166,0.0
v11,202,img_XXX_(3250).png,True,1.0,0.0,0.0,0.74273681640625,0.18426513671875,0.072998046875,0.74273681640625,1.0,0.74273681640625,0.0,0.0,0.0,0.0,0.0,0.0,0.24757893880208334,0.0
v11,202,img_XXX_(3355).png,True,1.0,0.0,0.0,0.762451171875,0.1668853759765625,0.0706634521484375,0.762451171875,1.0,0.762451171875,0.0,0.0,0.0,0.0,0.0,0.0,0.254150390625,0.0
v11,202,img_XXX_(3359).png,True,1.0,0.0,0.0,0.7708282470703125,0.1586151123046875,0.070556640625,0.7708282470703125,1.0,0.7708282470703125,0.0,0.0,0.0,0.0,0.0,0.0,0.2569427490234375,0.0
v11,202,img_XXX_(3422).png,True,1.0,0.0,0.0,0.7593536376953125,0.1708221435546875,0.06982421875,0.7593536376953125,1.0,0.7593536376953125,0.0,0.0,0.0,0.0,0.0,0.0,0.2531178792317708,0.0
v11,202,img_XXX_(3430).png,True,1.0,0.0,0.0,0.7540283203125,0.1746826171875,0.0712890625,0.7540283203125,1.0,0.7540283203125,0.0,0.0,0.0,0.0,0.0,0.0,0.2513427734375,0.0
v11,202,img_XXX_(3431).png,True,1.0,0.0,0.0,0.7571868896484375,0.1717376708984375,0.071075439453125,0.7571868896484375,1.0,0.7571868896484375,0.0,0.0,0.0,0.0,0.0,0.0,0.2523956298828125,0.0
v11,202,img_XXX_(3517).png,True,1.0,0.0,0.0,0.9576263427734375,0.0273590087890625,0.0150146484375,0.9576263427734375,1.0,0.9576263427734375,0.0,0.0,0.0,0.0,0.0,0.0,0.3192087809244792,0.0
v11,202,img_XXX_(3649).png,True,1.0,0.0,0.0,0.995819091796875,0.0,0.004180908203125,0.995819091796875,1.0,0.995819091796875,0.0,0.0,0.0,0.0,0.0,0.0,0.331939697265625,0.0
v11,202,img_XXX_(3660).png,True,1.0,0.0,0.0,0.9957275390625,0.0,0.0042724609375,0.9957275390625,1.0,0.9957275390625,0.0,0.0,0.0,0.0,0.0,0.0,0.3319091796875,0.0
v11,202,img_XXX_(3726).png,True,1.0,0.0,0.0,0.9951171875,0.0,0.0048828125,0.9951171875,1.0,0.9951171875,0.0,0.0,0.0,0.0,0.0,0.0,0.3317057291666667,0.0
v11,202,img_XXX_(4107).png,True,1.0,0.0,0.0,0.99658203125,0.0,0.00341796875,0.99658203125,1.0,0.99658203125,0.0,0.0,0.0,0.0,0.0,0.0,0.3321940104166667,0.0
v11,202,img_XXX_(4150).png,True,1.0,0.0,0.0,0.996337890625,0.0,0.003662109375,0.996337890625,1.0,0.996337890625,0.0,0.0,0.0,0.0,0.0,0.0,0.3321126302083333,0.0
v11,202,img_XXX_(4169).png,True,1.0,0.0,0.0,0.99658203125,0.0,0.00341796875,0.99658203125,1.0,0.99658203125,0.0,0.0,0.0,0.0,0.0,0.0,0.3321940104166667,0.0
v11,202,img_XXX_(48182).png,False,0.9258270263671875,0.0443878173828125,0.02978515625,1.0,0.0,0.0,0.9258270263671875,0.9258270263671875,1.0,0.0,0.0,0.0,0.0,0.0,0.0,0.3086090087890625,0.0
v11,202,img_XXX_(48229).png,False,0.882568359375,0.086669921875,0.03076171875,1.0,0.0,0.0,0.882568359375,0.882568359375,1.0,0.0,0.0,0.0,0.0,0.0,0.0,0.294189453125,0.0
v11,202,img_XXX_(48262).png,False,0.8213043212890625,0.1498565673828125,0.028839111328125,1.0,0.0,0.0,0.8213043212890625,0.8213043212890625,1.0,0.0,0.0,0.0,0.0,0.0,0.0,0.2737681070963542,0.0
v11,202,img_XXX_(48358).png,False,0.971343994140625,0.0,0.028656005859375,1.0,0.0,0.0,0.971343994140625,0.971343994140625,1.0,0.0,0.0,0.0,0.0,0.0,0.0,0.3237813313802083,0.0
v11,202,img_XXX_(48376).png,False,0.970306396484375,0.0,0.029693603515625,1.0,0.0,0.0,0.970306396484375,0.970306396484375,1.0,0.0,0.0,0.0,0.0,0.0,0.0,0.3234354654947917,0.0
v11,202,img_XXX_(48462).png,False,0.9704132080078125,0.0,0.0295867919921875,1.0,0.0,0.0,0.9704132080078125,0.9704132080078125,1.0,0.0,0.0,0.0,0.0,0.0,0.0,0.3234710693359375,0.0
v11,202,img_XXX_(48576).png,False,0.96942138671875,0.0,0.03057861328125,1.0,0.0,0.0,0.96942138671875,0.96942138671875,1.0,0.0,0.0,0.0,0.0,0.0,0.0,0.3231404622395833,0.0
v11,202,img_XXX_(48597).png,False,0.9718475341796875,0.0,0.0281524658203125,0.9997406005859375,0.0,0.0002593994140625,0.9720996962713107,0.9720996962713107,1.0,0.0,0.0,0.0,0.00921409214092141,1.0,0.00921409214092141,0.32710459613741066,0.004607046070460705
v11,202,img_XXX_(48683).png,False,0.97235107421875,0.0,0.02764892578125,1.0,0.0,0.0,0.97235107421875,0.97235107421875,1.0,0.0,0.0,0.0,0.0,0.0,0.0,0.3241170247395833,0.0
v11,202,img_XXX_(49053).png,False,0.9226226806640625,0.046295166015625,0.0310821533203125,1.0,0.0,0.0,0.9226226806640625,0.9226226806640625,1.0,0.0,0.0,0.0,0.0,0.0,0.0,0.3075408935546875,0.0
v11,202,img_XXX_(49154).png,False,0.939483642578125,0.029571533203125,0.03094482421875,1.0,0.0,0.0,0.939483642578125,0.939483642578125,1.0,0.0,0.0,0.0,0.0,0.0,0.0,0.3131612141927083,0.0
v11,202,img_XXX_(49316).png,False,0.943267822265625,0.0260009765625,0.030731201171875,1.0,0.0,0.0,0.943267822265625,0.943267822265625,1.0,0.0,0.0,0.0,0.0,0.0,0.0,0.314422607421875,0.0
v11,202,img_XXX_(49324).png,False,0.9494781494140625,0.01904296875,0.0314788818359375,1.0,0.0,0.0,0.9494781494140625,0.9494781494140625,1.0,0.0,0.0,0.0,0.0,0.0,0.0,0.3164927164713542,0.0
v11,202,img_XXX_(49344).png,False,0.9382781982421875,0.0307769775390625,0.03094482421875,1.0,0.0,0.0,0.9382781982421875,0.9382781982421875,1.0,0.0,0.0,0.0,0.0,0.0,0.0,0.3127593994140625,0.0
v11,202,img_XXX_(49351).png,False,0.9677581787109375,0.0,0.0322418212890625,1.0,0.0,0.0,0.9677581787109375,0.9677581787109375,1.0,0.0,0.0,0.0,0.0,0.0,0.0,0.3225860595703125,0.0
v11,202,img_XXX_(49373).png,False,0.89801025390625,0.069122314453125,0.032867431640625,1.0,0.0,0.0,0.89801025390625,0.89801025390625,1.0,0.0,0.0,0.0,0.0,0.0,0.0,0.2993367513020833,0.0
v11,202,img_XXX_(49393).png,False,0.969390869140625,0.0,0.030609130859375,1.0,0.0,0.0,0.969390869140625,0.969390869140625,1.0,0.0,0.0,0.0,0.0,0.0,0.0,0.3231302897135417,0.0
v11,202,img_XXX_(49434).png,False,0.9662933349609375,0.0,0.0337066650390625,1.0,0.0,0.0,0.9662933349609375,0.9662933349609375,1.0,0.0,0.0,0.0,0.0,0.0,0.0,0.3220977783203125,0.0
v11,202,img_XXX_(49456).png,False,0.9686126708984375,0.0,0.0313873291015625,1.0,0.0,0.0,0.9686126708984375,0.9686126708984375,1.0,0.0,0.0,0.0,0.0,0.0,0.0,0.3228708902994792,0.0
v11,202,img_XXX_(49581).png,False,0.96954345703125,0.0,0.03045654296875,1.0,0.0,0.0,0.96954345703125,0.96954345703125,1.0,0.0,0.0,0.0,0.0,0.0,0.0,0.32318115234375,0.0
v11,202,img_XXX_(49613).png,False,0.97003173828125,0.0,0.02996826171875,1.0,0.0,0.0,0.97003173828125,0.97003173828125,1.0,0.0,0.0,0.0,0.0,0.0,0.0,0.3233439127604167,0.0
v11,202,img_XXX_(49673).png,False,0.9740142822265625,0.0,0.0259857177734375,1.0,0.0,0.0,0.9740142822265625,0.9740142822265625,1.0,0.0,0.0,0.0,0.0,0.0,0.0,0.3246714274088542,0.0
v11,202,img_XXX_(49731).png,False,0.9710845947265625,0.0,0.0289154052734375,1.0,0.0,0.0,0.9710845947265625,0.9710845947265625,1.0,0.0,0.0,0.0,0.0,0.0,0.0,0.3236948649088542,0.0
v11,202,img_XXX_(49766).png,False,0.96990966796875,0.0,0.03009033203125,1.0,0.0,0.0,0.96990966796875,0.96990966796875,1.0,0.0,0.0,0.0,0.0,0.0,0.0,0.32330322265625,0.0
v11,202,img_XXX_(49872).png,False,0.9656524658203125,0.0073089599609375,0.02703857421875,1.0,0.0,0.0,0.9656524658203125,0.9656524658203125,1.0,0.0,0.0,0.0,0.0,0.0,0.0,0.3218841552734375,0.0
v11,202,img_XXX_(50185).png,False,0.9013214111328125,0.0332183837890625,0.065460205078125,0.999847412109375,0.0,0.000152587890625,0.9011978332188907,0.9013216127949211,0.9998476358157409,0.0,0.0,0.0,0.00023261223540358222,0.1,0.0002331002331002331,0.30047681515143143,0.00011630611770179111
v11,202,img_XXX_(50271).png,False,0.904571533203125,0.0301971435546875,0.0652313232421875,0.9996337890625,0.0003662109375,0.0,0.904205322265625,0.904536573452192,0.9995951553591309,0.0,0.0,0.0,0.0,0.0,0.0,0.3014017740885417,0.0
v11,202,img_XXX_(50274).png,False,0.9035491943359375,0.0352783203125,0.0611724853515625,0.999847412109375,0.000152587890625,0.0,0.9033966064453125,0.9035344748649391,0.9998311238706409,0.0,0.0,0.0,0.0,0.0,0.0,0.3011322021484375,0.0
v11,202,img_XXX_(50396).png,False,0.780731201171875,0.1357421875,0.083526611328125,0.97918701171875,0.0206298828125,0.00018310546875,0.7973259365455339,0.7973259365455339,1.0,0.1323756906077348,0.886094674556213,0.13466726618705036,0.0,0.0,0.0,0.3099005423844229,0.0661878453038674
v11,202,img_XXX_(50410).png,False,0.7238006591796875,0.1797027587890625,0.09649658203125,0.999908447265625,9.1552734375e-05,0.0,0.7238669311765603,0.7238669311765603,1.0,0.0005094676063513628,1.0,0.0005094676063513628,0.0,0.0,0.0,0.24145879959430389,0.0002547338031756814
v11,202,img_XXX_(50427).png,False,0.726104736328125,0.2053985595703125,0.0684967041015625,0.9999237060546875,1.52587890625e-05,6.103515625e-05,0.7260811181981872,0.7261143580900642,0.9999369562476359,7.428868583314762e-05,1.0,7.428868583314762e-05,0.0002226179875333927,0.25,0.00022276676319893073,0.24212600829051792,0.00014845333668327015
v11,202,img_XXX_(50473).png,False,0.6545867919921875,0.246917724609375,0.0984954833984375,0.9999542236328125,0.0,4.57763671875e-05,0.6546167579692674,0.6546167579692674,1.0,0.0,0.0,0.0,0.0,0.0,0.0,0.2182055859897558,0.0
v11,202,img_XXX_(50484).png,False,0.734832763671875,0.17132568359375,0.093841552734375,0.9999542236328125,0.0,4.57763671875e-05,0.7348399304177984,0.7348511436985946,0.9999792350180655,0.0,0.0,0.0,0.00016254876462938882,0.3333333333333333,0.00016260162601626016,0.24500082639414258,8.127438231469441e-05
v11,202,img_XXX_(50554).png,False,0.6790924072265625,0.23468017578125,0.0862274169921875,0.999725341796875,0.0,0.000274658203125,0.6792789767697427,0.6792789767697427,1.0,0.0,0.0,0.0,0.0,0.0,0.0,0.22642632558991424,0.0
v11,202,img_XXX_(50657).png,False,0.53546142578125,0.36529541015625,0.0992431640625,1.0,0.0,0.0,0.53546142578125,0.53546142578125,1.0,0.0,0.0,0.0,0.0,0.0,0.0,0.17848714192708334,0.0
v11,202,img_XXX_(50671).png,False,0.53802490234375,0.364593505859375,0.097381591796875,0.9999847412109375,0.0,1.52587890625e-05,0.5380331120775158,0.5380331120775158,1.0,0.0,0.0,0.0,0.00015669069257286117,1.0,0.00015669069257286117,0.1793966009233629,7.834534628643058e-05
v11,202,img_XXX_(50672).png,False,0.5467071533203125,0.3545989990234375,0.09869384765625,1.0,0.0,0.0,0.5467071533203125,0.5467071533203125,1.0,0.0,0.0,0.0,0.0,0.0,0.0,0.1822357177734375,0.0
v11,202,img_XXX_(50803).png,False,0.6017913818359375,0.295379638671875,0.1028289794921875,0.9995269775390625,0.0,0.0004730224609375,0.6020761773910388,0.6020761773910388,1.0,0.0,0.0,0.0,0.004004152454397152,0.8709677419354839,0.0040065291586288765,0.20202677661514531,0.002002076227198576
v11,202,img_XXX_(50816).png,False,0.5553436279296875,0.3322296142578125,0.1124267578125,0.9998779296875,0.0,0.0001220703125,0.555411427176169,0.555411427176169,1.0,0.0,0.0,0.0,0.0010857763300760044,1.0,0.0010857763300760044,0.185499067835415,0.0005428881650380022
v11,202,img_XXX_(50865).png,False,0.662200927734375,0.222412109375,0.115386962890625,1.0,0.0,0.0,0.662200927734375,0.662200927734375,1.0,0.0,0.0,0.0,0.0,0.0,0.0,0.220733642578125,0.0
v11,202,img_XXX_(51279).png,False,0.235687255859375,0.6944732666015625,0.0698394775390625,0.7322540283203125,0.2572784423828125,0.010467529296875,0.31994007365946026,0.3204067598824731,0.9954680823514178,0.35377870382428267,0.9667279520787616,0.3581394326895612,0.05133839392728726,0.3746355685131195,0.056150316801398294,0.24168572380367673,0.20255854887578495
v11,202,img_XXX_(51321).png,False,0.221160888671875,0.7079620361328125,0.0708770751953125,0.6367340087890625,0.35931396484375,0.0039520263671875,0.34517657192075796,0.3457307867430324,0.9953773975438113,0.4830167076583835,0.9674282316969594,0.4910015733775891,0.021453863778379503,0.39768339768339767,0.02217438105489774,0.283215714452507,0.2522352857183815
v11,202,img_XXX_(51381).png,False,0.07025146484375,0.8871917724609375,0.0425567626953125,0.5599365234375,0.433319091796875,0.006744384765625,0.12546326575103553,0.12546326575103553,1.0,0.48649902092136454,0.9973589689414748,0.4871265672565915,0.04563106796116505,0.3190045248868778,0.05055575475080674,0.21919778487785505,0.2660650444412648
v11,202,img_XXX_(51536).png,False,0.130218505859375,0.8443756103515625,0.0254058837890625,0.557098388671875,0.4418487548828125,0.0010528564453125,0.2337441796768009,0.2337441796768009,1.0,0.5202625931069309,0.9962012639430881,0.5212967815385727,0.002891844997108155,0.07246376811594203,0.003003003003003003,0.25229953926028,0.2615772190520195
v11,202,img_XXX_(51546).png,False,0.12371826171875,0.8492431640625,0.02703857421875,0.5500946044921875,0.4488525390625,0.0010528564453125,0.2185490769612848,0.2196887742364983,0.9768130241736557,0.520228734810579,0.9896654881697036,0.523070288917637,0.00436442989634479,0.11594202898550725,0.004514672686230248,0.24771408055606953,0.26229658235346187
v11,202,img_XXX_(51578).png,False,0.0728759765625,0.9017181396484375,0.0254058837890625,0.561431884765625,0.4370269775390625,0.0015411376953125,0.1298037723541882,0.1298037723541882,1.0,0.4836811309906314,0.9986383157012674,0.48400033843810814,0.010875787063537493,0.18811881188118812,0.011411411411411412,0.20812023013611902,0.24727845902708445
v11,202,img_XXX_(51611).png,False,0.0528564453125,0.92181396484375,0.02532958984375,0.56500244140625,0.433441162109375,0.001556396484375,0.093550826401642,0.093550826401642,1.0,0.4693047031381826,0.9986974582834612,0.46959213401310995,0.010321100917431193,0.17647058823529413,0.010843373493975903,0.19105887681908526,0.23981290202780692
v11,202,img_XXX_(51639).png,False,0.0882568359375,0.887176513671875,0.024566650390625,0.56524658203125,0.433349609375,0.00140380859375,0.1561386459345643,0.1561386459345643,1.0,0.48769167296981364,0.9989436619718309,0.48794331120360496,0.005316007088009451,0.09782608695652174,0.0055900621118012426,0.21638210866412913,0.24650384002891154
v11,202,img_XXX_(51762).png,False,0.254638671875,0.66162109375,0.083740234375,0.8014373779296875,0.1958160400390625,0.00274658203125,0.3177274717742703,0.3177274717742703,1.0,0.2912884619803755,0.9877659159978182,0.2923431734317343,0.010699001426533523,0.3333333333333333,0.010932944606413994,0.2065716450603931,0.1509937317034545
v11,202,img_XXX_(51866).png,False,0.26263427734375,0.6544189453125,0.08294677734375,0.760009765625,0.2364959716796875,0.0034942626953125,0.3455669771924189,0.3455669771924189,1.0,0.3506442434476856,0.9779985805535841,0.3534321954859168,0.009623952949563358,0.23580786026200873,0.009933774834437087,0.23527839119655594,0.18013409819862447
v11,202,img_XXX_(51903).png,False,0.21405029296875,0.6995391845703125,0.0864105224609375,0.7577362060546875,0.236114501953125,0.0061492919921875,0.28248655832779557,0.28248655832779557,1.0,0.3270787343635026,0.976670544138555,0.32965426982222706,0.029706331692412154,0.43424317617866004,0.030902348578491966,0.21309054146123677,0.17839253302795738
v11,202,img_XXX_(51942).png,False,0.1991729736328125,0.7121124267578125,0.088714599609375,0.752655029296875,0.2378692626953125,0.0094757080078125,0.26426834211593025,0.2643433483355634,0.9989274496284379,0.32455375188817737,0.9785746359612547,0.3268765133171913,0.043457110426463434,0.43156199677938806,0.04609563123495012,0.21075973481019036,0.1840054311573204
v11,202,img_XXX_(51948).png,False,0.1454620361328125,0.764312744140625,0.0902252197265625,0.760009765625,0.23101806640625,0.00897216796875,0.19139495663347253,0.19139495663347253,1.0,0.2948112271229505,0.9809775429326288,0.2965062886803753,0.04450514138817481,0.4710884353741497,0.046845932690681547,0.17690377504819926,0.16965818425556264
v11,202,img_XXX_(51950).png,False,0.2035980224609375,0.7050018310546875,0.091400146484375,0.771331787109375,0.22076416015625,0.007904052734375,0.2639564787339268,0.2639564787339268,1.0,0.3050052698371728,0.9800940005529444,0.3069064779343333,0.034822706312609315,0.42277992277992277,0.03656093489148581,0.2012614849612363,0.16991398807489105
v11,202,img_XXX_(51993).png,False,0.244110107421875,0.6771392822265625,0.0787506103515625,0.775299072265625,0.217742919921875,0.0069580078125,0.30847271730189196,0.30997835071836255,0.9844980622577822,0.3087634732543349,0.9695865451997197,0.31178313090114246,0.02462604888726742,0.29605263157894735,0.026157721371827165,0.2139540798144981,0.16669476107080117
v11,202,img_XXX_(52031).png,False,0.2314910888671875,0.6881866455078125,0.080322265625,0.8060760498046875,0.1907806396484375,0.003143310546875,0.2870608721986675,0.28708804209968386,0.9996704238349483,0.2700134488612563,0.979524914020635,0.27154608545265074,0.021475256769374416,0.558252427184466,0.021846504559270518,0.19284985927643272,0.14574435281531534
v11,202,img_XXX_(52259).png,False,0.3029022216796875,0.6017913818359375,0.095306396484375,0.9893646240234375,0.0094146728515625,0.001220703125,0.30615833063434045,0.30615833063434045,1.0,0.015644412890793376,1.0,0.015644412890793376,0.005563503417580671,0.4375,0.005603586295228946,0.10912208231423816,0.010603958154187024
v11,202,img_XXX_(52373).png,False,0.71661376953125,0.2161407470703125,0.0672454833984375,0.938140869140625,0.0614776611328125,0.0003814697265625,0.7624611984203085,0.7630688656842654,0.9989566476450047,0.24778821754337838,0.8967485728468603,0.2550653018002118,0.0052166024041732815,0.92,0.005218969820739733,0.3384886727892867,0.12650240997377582
v11,202,img_XXX_(52502).png,False,0.7601165771484375,0.17730712890625,0.0625762939453125,0.93499755859375,0.0649871826171875,1.52587890625e-05,0.7906928011863696,0.8005254912200536,0.9847034025895814,0.251201638956741,0.7485325193707443,0.27435456110154904,0.0,0.0,0.0,0.3472981467143702,0.1256008194783705
v11,202,img_XXX_(52558).png,False,0.814849853515625,0.122039794921875,0.0631103515625,0.96307373046875,0.035675048828125,0.001251220703125,0.8423565871861363,0.8440648963812662,0.9976030860267405,0.25012094823415576,0.8845166809238666,0.2585646411602901,0.017857142857142856,0.9024390243902439,0.017891682785299807,0.37011155942581164,0.1339890455456493
v11,202,img_XXX_(52811).png,False,0.9082489013671875,0.03564453125,0.0561065673828125,0.9998931884765625,0.0,0.0001068115234375,0.9082876806396972,0.9083154023409483,0.9999663995430338,0.0,0.0,0.0,0.001359064963305246,0.7142857142857143,0.0013598041881968997,0.3032155818676675,0.000679532481652623
v11,202,img_XXX_(52812).png,False,0.8903961181640625,0.054840087890625,0.0547637939453125,0.9998931884765625,0.0,0.0001068115234375,0.8904335352733821,0.890460712051153,0.9999657258410022,0.0,0.0,0.0,0.001392369813422445,0.7142857142857143,0.0013931457230426303,0.2972753016956015,0.0006961849067112225
v11,202,img_XXX_(52855).png,False,0.9364166259765625,0.0086822509765625,0.054901123046875,1.0,0.0,0.0,0.9364166259765625,0.9364166259765625,1.0,0.0,0.0,0.0,0.0,0.0,0.0,0.3121388753255208,0.0
v11,202,img_XXX_(52914).png,False,0.9436492919921875,0.005828857421875,0.0505218505859375,1.0,0.0,0.0,0.9436492919921875,0.9436492919921875,1.0,0.0,0.0,0.0,0.0,0.0,0.0,0.3145497639973958,0.0
v11,202,img_XXX_(53024).png,False,0.9295196533203125,0.015625,0.0548553466796875,1.0,0.0,0.0,0.9295196533203125,0.9295196533203125,1.0,0.0,0.0,0.0,0.0,0.0,0.0,0.3098398844401042,0.0
v11,202,img_XXX_(53046).png,False,0.925506591796875,0.016845703125,0.057647705078125,1.0,0.0,0.0,0.925506591796875,0.925506591796875,1.0,0.0,0.0,0.0,0.0,0.0,0.0,0.308502197265625,0.0
v11,202,img_XXX_(53137).png,False,0.918731689453125,0.0205535888671875,0.0607147216796875,1.0,0.0,0.0,0.918731689453125,0.918731689453125,1.0,0.0,0.0,0.0,0.0,0.0,0.0,0.306243896484375,0.0
v11,202,img_XXX_(53148).png,False,0.922210693359375,0.02044677734375,0.057342529296875,1.0,0.0,0.0,0.922210693359375,0.922210693359375,1.0,0.0,0.0,0.0,0.0,0.0,0.0,0.307403564453125,0.0
v11,202,img_XXX_(53164).png,False,0.835540771484375,0.1023712158203125,0.0620880126953125,1.0,0.0,0.0,0.835540771484375,0.835540771484375,1.0,0.0,0.0,0.0,0.0,0.0,0.0,0.2785135904947917,0.0
v11,202,img_XXX_(18323).png,False,0.036712646484375,0.801910400390625,0.161376953125,0.6757049560546875,0.184326171875,0.1399688720703125,0.053951556468543306,0.05397104983853849,0.9933499584372403,0.2114861951978407,0.934023178807947,0.2146934581573239,0.5460310004697041,0.760383734874087,0.6595121028744326,0.2704895840453627,0.3787585978337724
v11,202,img_XXX_(18538).png,False,0.0716400146484375,0.7637786865234375,0.164581298828125,0.72998046875,0.147613525390625,0.122406005859375,0.09719930661431465,0.09728260869565217,0.9912673056443024,0.1854520194502332,0.965887947074633,0.18667465787633603,0.5072928353902869,0.7890800299177263,0.5868718709438161,0.2633147204849449,0.3463724274202601
v11,202,img_XXX_(18544).png,False,0.085418701171875,0.76202392578125,0.152557373046875,0.7267303466796875,0.153106689453125,0.1201629638671875,0.10917767682240653,0.11000062989480756,0.935869953554841,0.18805094986232443,0.9460833167231413,0.19008810572687224,0.48966494415735956,0.746031746031746,0.587617523504701,0.2622978569473635,0.338857947009842
v11,202,img_XXX_(18577).png,False,0.0586090087890625,0.7845458984375,0.1568450927734375,0.78350830078125,0.0947113037109375,0.1217803955078125,0.07306877175244503,0.07318688167017216,0.9783910439989586,0.11629213483146067,0.9671338811019816,0.11675353975416213,0.5345827380452138,0.7970179175541912,0.6188345169763596,0.24131454820970652,0.3254374364383372
v11,202,img_XXX_(18620).png,False,0.06585693359375,0.7730712890625,0.16107177734375,0.766845703125,0.1252288818359375,0.1079254150390625,0.08486571377452637,0.0849450811843362,0.9891102873030584,0.15471823941313773,0.9611307420494699,0.15569240486341387,0.4646892655367232,0.7907535699137566,0.5298408488063661,0.23475773957479576,0.3097037524749304
v11,202,img_XXX_(19166).png,False,0.0518646240234375,0.7961883544921875,0.151947021484375,0.682861328125,0.18145751953125,0.13568115234375,0.07348121725560139,0.0736503396496246,0.9696969696969697,0.2225890165248254,0.980911537167844,0.22355736982310892,0.5396553132402189,0.7430274403958614,0.6634866439043985,0.2785751823402152,0.38112216488252215
v11,202,img_XXX_(19222).png,False,0.0841064453125,0.762664794921875,0.153228759765625,0.67352294921875,0.22515869140625,0.101318359375,0.12169885914379307,0.12204349796103307,0.977322206095791,0.2831602315071751,0.9681485497424777,0.28582289624264734,0.445580589254766,0.7743975903614457,0.5120493925512846,0.2834798933019114,0.36437041038097057
v11,202,img_XXX_(19274).png,False,0.0864715576171875,0.755126953125,0.1584014892578125,0.6821136474609375,0.2201385498046875,0.097747802734375,0.12601435182080342,0.12609891953560165,0.9947061937533086,0.2799126899893866,0.9688777985721218,0.28245231167151635,0.4246796231859459,0.7811426787386825,0.4820344860803391,0.2768688883320453,0.3522961565876662
v11,202,img_XXX_(19317).png,False,0.0378265380859375,0.8137664794921875,0.148406982421875,0.728912353515625,0.1881561279296875,0.0829315185546875,0.05178440607012036,0.051789826250785015,0.9979830576845502,0.2218004540210636,0.9666693698807882,0.22350977855281168,0.4012014787430684,0.7987120515179393,0.44632942628007405,0.22492877961141744,0.311500966382066
v11,202,img_XXX_(19318).png,False,0.049041748046875,0.7970428466796875,0.1539154052734375,0.72802734375,0.185821533203125,0.086151123046875,0.06666945939718912,0.06671277665995975,0.9903546981953951,0.2233723315353643,0.9657579241254721,0.22515554704699914,0.4063645302583356,0.8051718030464046,0.45067909190046596,0.232135440396963,0.3148684308968499
v11,202,img_XXX_(19336).png,False,0.03704833984375,0.813446044921875,0.149505615234375,0.72698974609375,0.194305419921875,0.078704833984375,0.050961296280748886,0.050961296280748886,1.0,0.22913719943422914,0.9668603738024187,0.2309510410804727,0.37349618881439983,0.7884839084916634,0.41508471116554396,0.21786489484312596,0.3013166941243145
v11,202,img_XXX_(19497).png,False,0.0,0.8441009521484375,0.1558990478515625,0.7281494140625,0.138702392578125,0.133148193359375,0.0,0.0,0.0,0.1590397869392309,0.9722772277227723,0.15976427628843617,0.45827559661277906,0.6822140728856292,0.5826563570519722,0.20577179451733665,0.308657691776005
v11,202,img_XXX_(19503).png,False,0.0,0.843292236328125,0.156707763671875,0.7117767333984375,0.1544189453125,0.1338043212890625,0.0,0.0,0.0,0.17685385169186466,0.9709486166007905,0.1777946657981399,0.46962562717097645,0.6938077317824153,0.5924050632911393,0.21549315962094703,0.32323973943142054
v11,202,img_XXX_(19509).png,False,0.0,0.8439483642578125,0.1560516357421875,0.68292236328125,0.174957275390625,0.142120361328125,0.0,0.0,0.0,0.199242111312656,0.967556253270539,0.20058218373139997,0.4899733130003812,0.689929138930642,0.6283367556468172,0.22973847477101242,0.34460771215651864
v11,202,img_XXX_(19512).png,False,0.0,0.8382110595703125,0.1617889404296875,0.6845703125,0.17431640625,0.14111328125,0.0,0.0,0.0,0.19877515626693645,0.9631477591036415,0.20029854550088289,0.5023840157420723,0.7177768166089965,0.626049231349618,0.2337197240030029,0.35057958600450434
v11,202,img_XXX_(19521).png,False,0.0,0.8374176025390625,0.1625823974609375,0.6687774658203125,0.1913299560546875,0.139892578125,0.0,0.0,0.0,0.21698947634433835,0.9586888906611373,0.2190375539804304,0.4934830106230694,0.7144415357766143,0.6147348662599719,0.23682416232246925,0.35523624348370386
v11,202,img_XXX_(19572).png,False,0.0,0.8397979736328125,0.1602020263671875,0.7163238525390625,0.1520233154296875,0.13165283203125,0.0,0.0,0.0,0.1714033412027609,0.9546321389139817,0.17281101804240784,0.4931303669008587,0.7321511358368104,0.6016763501285837,0.22151123603453987,0.3322668540518098
v11,202,img_XXX_(19601).png,False,0.018218994140625,0.8277587890625,0.154022216796875,0.7315521240234375,0.16455078125,0.1038970947265625,0.02396482380644758,0.023986817679327536,0.9631490787269682,0.18732198933761776,0.9514094955489614,0.18913139654918154,0.3897064868864589,0.6961374651196945,0.469585892609471,0.20033110001017476,0.28851423811203836
v11,202,img_XXX_(19620).png,False,0.022216796875,0.820587158203125,0.157196044921875,0.753448486328125,0.1487579345703125,0.0977935791015625,0.029486815990927135,0.029486815990927135,1.0,0.17660023707215883,0.9780490306698123,0.17730298635129607,0.3639405811296115,0.6957403651115619,0.4328285769753446,0.19000921139756582,0.2702704091008852
v11,202,img_XXX_(19630).png,False,0.0321197509765625,0.8137054443359375,0.1541748046875,0.7746429443359375,0.12725830078125,0.0980987548828125,0.04115631522980584,0.04116847558453326,0.9928741092636579,0.1530852655198205,0.9816546762589928,0.15352448103212257,0.351950282116281,0.6694664800124436,0.4259699129057799,0.18206395428863578,0.25251777381805074
v11,202,img_XXX_(19728).png,False,0.022979736328125,0.831085205078125,0.14593505859375,0.75225830078125,0.128265380859375,0.119476318359375,0.028544821443031825,0.028600405679513184,0.9362549800796812,0.15205042694323304,0.987152034261242,0.15235192597216612,0.4407355255528866,0.6795657726692209,0.5563571727310749,0.20711025797971716,0.2963929762480598
v11,202,img_XXX_(20103).png,False,0.0533599853515625,0.7691497802734375,0.177490234375,0.756439208984375,0.123748779296875,0.11981201171875,0.07054100940008876,0.07054100940008876,1.0,0.15293074573933602,0.9570900123304562,0.1539865494871744,0.44368701837581503,0.7626082526744778,0.5147867950481431,0.22238625783841326,0.29830888205757555
v11,202,img_XXX_(20113).png,False,0.0677337646484375,0.7671356201171875,0.165130615234375,0.7353057861328125,0.1507415771484375,0.11395263671875,0.09211645811284733,0.09211645811284733,1.0,0.1857444166288857,0.9538414819313695,0.18742913973147687,0.44277037153900767,0.751606855918586,0.5186656810201441,0.24021041542691357,0.3142573940839467
v11,202,img_XXX_(20168).png,False,0.038604736328125,0.8365631103515625,0.1248321533203125,0.4217376708984375,0.4662017822265625,0.112060546875,0.08956625374697533,0.08972828249936683,0.9802371541501976,0.5429851987060162,0.983373154845678,0.548016415868673,0.3030888030888031,0.49169389978213507,0.4413885833027747,0.31188008518059823,0.4230370008974097
v11,202,img_XXX_(20194).png,False,0.0548553466796875,0.769378662109375,0.1757659912109375,0.82818603515625,0.1553802490234375,0.0164337158203125,0.06623553688554794,0.06623553688554794,1.0,0.1931527345749498,0.9634685259746637,0.19457776367458648,0.062146892655367235,0.6843082636954503,0.06398124837225454,0.10717838803862166,0.1276498136151585
v11,202,img_XXX_(20195).png,False,0.0654144287109375,0.748291015625,0.1862945556640625,0.8049468994140625,0.1849517822265625,0.010101318359375,0.08126552044433492,0.08126552044433492,1.0,0.23475258918296893,0.9593267882187938,0.23711256117455137,0.029103701926920925,0.5498489425981873,0.029814071586534523,0.11504060385140825,0.13192814555494492
v11,202,img_XXX_(20339).png,False,0.46923828125,0.3868560791015625,0.1439056396484375,0.6561431884765625,0.2728729248046875,0.07098388671875,0.7093028645591917,0.7117276342410641,0.9952198231009365,0.5926621726157586,0.8996812615332997,0.6345994556857176,0.4143818419202571,0.8869303525365434,0.4374933729190966,0.5721156263650691,0.5035220072680079
v11,202,img_XXX_(20367).png,False,0.47784423828125,0.386993408203125,0.135162353515625,0.7062835693359375,0.215087890625,0.0786285400390625,0.6740659245836569,0.6750707542074449,0.9977966534678758,0.5127281091857077,0.9487797956867197,0.5273243435060326,0.4450288778877888,0.8373762856588395,0.48713027771505985,0.5439409705523844,0.4788784935367482
v11,202,img_XXX_(20382).png,False,0.4635162353515625,0.3988189697265625,0.137664794921875,0.6768646240234375,0.2524871826171875,0.070648193359375,0.6804802914127673,0.6822290854167137,0.9962471606807782,0.5487101338848372,0.9139421043089382,0.5786050426598309,0.42594526843534575,0.8807775377969762,0.4520062070494347,0.5517118979109834,0.4873277011600915
v11,202,img_XXX_(20400).png,False,0.3951263427734375,0.46575927734375,0.1391143798828125,0.68017578125,0.24163818359375,0.07818603515625,0.5780504736099603,0.5791008614501076,0.9968719830083027,0.46555811968513894,0.9299696893154837,0.4824728082820076,0.45242223355430905,0.8657298985167837,0.48656356257540856,0.4986769422831361,0.45899017661972397
v11,202,img_XXX_(53262).png,False,0.915618896484375,0.014312744140625,0.070068359375,1.0,0.0,0.0,0.915618896484375,0.915618896484375,1.0,0.0,0.0,0.0,0.0,0.0,0.0,0.305206298828125,0.0
v11,202,img_XXX_(53364).png,False,0.82928466796875,0.063720703125,0.10699462890625,0.9932708740234375,0.0067291259765625,0.0,0.8344237621329401,0.8346416775481987,0.9996872010009568,0.10112091581206774,0.9614512471655329,0.10153256704980843,0.0,0.0,0.0,0.3118482259816693,0.05056045790603387
v11,202,img_XXX_(53385).png,False,0.83331298828125,0.0394134521484375,0.1272735595703125,0.9830474853515625,0.016204833984375,0.0007476806640625,0.8412244203492599,0.8441753977493209,0.9958617153739105,0.3087971274685817,0.8097928436911488,0.3329461866047232,0.002988643156007173,0.5102040816326531,0.002997242536866083,0.38433673032461624,0.15589288531229442
v11,202,img_XXX_(24138).png,False,0.1840057373046875,0.67681884765625,0.1391754150390625,0.73583984375,0.2589874267578125,0.0051727294921875,0.24659828777037926,0.2472835102853351,0.9888879674931587,0.3555467144088588,0.9477405290755907,0.3626566868067454,0.027813993915688832,0.7551622418879056,0.028067097905931367,0.2099863320316423,0.19168035416227383
v11,202,img_XXX_(24144).png,False,0.170989990234375,0.6842803955078125,0.1447296142578125,0.7233428955078125,0.2713775634765625,0.005279541015625,0.23114247904719895,0.2321274127201772,0.9819739425307871,0.3632999564649543,0.9384312622996908,0.3721708105697402,0.01749120264955496,0.4884393063583815,0.017817606747496047,0.20397787938723605,0.1903955795572546
v11,202,img_XXX_(24153).png,False,0.21002197265625,0.6642608642578125,0.1257171630859375,0.6776580810546875,0.3137664794921875,0.008575439453125,0.2990710553347327,0.3015694309968251,0.9730456262714328,0.41918342042334605,0.9206827797500364,0.43488847540945946,0.03370918487197557,0.5106761565836299,0.034834324553950725,0.2506545535433514,0.2264463026476608
v11,202,img_XXX_(24418).png,False,0.06121826171875,0.8034515380859375,0.1353302001953125,0.8939971923828125,0.0225372314453125,0.083465576171875,0.06760236710609342,0.06765775145505129,0.9880358923230309,0.025907324931299158,0.9255247122545701,0.025961447156015574,0.3666603126191384,0.703290676416819,0.4337580336001804,0.153390001552177,0.19628381877521878
v11,202,img_XXX_(24435).png,False,0.0631256103515625,0.7896575927734375,0.147216796875,0.8907470703125,0.03125,0.0780029296875,0.07070309154748651,0.07071399205152802,0.9978245105148659,0.028779592305044555,0.73486328125,0.029081563641282292,0.3491773308957952,0.7472613458528952,0.3959369817578773,0.14955333824944209,0.1889784616004199
v11,202,img_XXX_(24488).png,False,0.0882415771484375,0.77520751953125,0.1365509033203125,0.9010772705078125,0.02520751953125,0.0737152099609375,0.09577650458855144,0.09596464193182395,0.9799412069859934,0.02667684418609203,0.8250605326876513,0.026828596173529642,0.34177215189873417,0.7265576485199752,0.3922225947033188,0.15474183355779256,0.1842244980424131
v11,202,img_XXX_(24542).png,False,0.148590087890625,0.7132110595703125,0.1381988525390625,0.8929290771484375,0.02301025390625,0.0840606689453125,0.1631279394724286,0.1635878945299817,0.9830560690080099,0.02907051145331229,0.9038461538461539,0.029160694037354783,0.3313225482131432,0.6580141586494826,0.40024290603952745,0.17450699971296138,0.18019652983322776
v11,202,img_XXX_(24555).png,False,0.1713714599609375,0.674285888671875,0.1543426513671875,0.891632080078125,0.0268402099609375,0.0815277099609375,0.187080393961081,0.1878871889653284,0.9775621048882557,0.03614756686059622,0.9113132461625923,0.03627517537904503,0.3225530458590007,0.7055961070559611,0.37271379139891253,0.18192700222689265,0.17935030635979846
v11,202,img_XXX_(24618).png,False,0.14404296875,0.6995391845703125,0.1564178466796875,0.8915557861328125,0.0278167724609375,0.08062744140625,0.15764067750353933,0.1581748789128686,0.9790254237288135,0.03401301518438178,0.8601206801974767,0.034202203075580764,0.3488755752366067,0.7604087812263437,0.39196175982830944,0.1801764226415093,0.19144429521049425
v11,202,img_XXX_(24912).png,False,0.0620880126953125,0.77252197265625,0.1653900146484375,0.574554443359375,0.28106689453125,0.144378662109375,0.10334523337300013,0.10378711425081001,0.960432538707299,0.3587044215746079,0.9896308360477741,0.36005767559453267,0.47119356475106894,0.6871697315578101,0.5998708367930621,0.3110810732328923,0.4149489931628384
v11,202,img_XXX_(24913).png,False,0.0604705810546875,0.774139404296875,0.1653900146484375,0.58502197265625,0.27001953125,0.14495849609375,0.0961030211950044,0.0967396974439228,0.9359071410547565,0.34358249396241974,0.988867540687161,0.34491662396026335,0.46714275409363054,0.6816842105263158,0.597472091521358,0.3022760897503516,0.40536262402802514
v11,202,img_XXX_(24927).png,False,0.0612945556640625,0.7694549560546875,0.16925048828125,0.5710601806640625,0.2809295654296875,0.14801025390625,0.09727811904257573,0.09816967267869071,0.9146128951954194,0.3578853930367886,0.9854434848731737,0.3597874154718702,0.47419171866137266,0.6894845360824742,0.6029570861882437,0.309785076913579,0.41603855584908067
v11,202,img_XXX_(24988).png,False,0.066162109375,0.7734222412109375,0.1604156494140625,0.5924072265625,0.248291015625,0.1593017578125,0.10262371305214214,0.10346692767360395,0.926429889298893,0.3145712266373488,0.9846976401179941,0.3161165584863969,0.4904680608905961,0.6604406130268199,0.6558546561400171,0.3025543335266957,0.4025196437639724
v11,202,img_XXX_(25136).png,False,0.0706329345703125,0.7498321533203125,0.179534912109375,0.6322021484375,0.257354736328125,0.110443115234375,0.11092084318170856,0.11100115852481174,0.9935191186001296,0.3380430155480327,0.9887347325981264,0.3393500335768503,0.3940727699530516,0.7421939762365294,0.45656977732449433,0.281012209560931,0.3660578927505421
v11,202,img_XXX_(25176).png,False,0.09259033203125,0.749481201171875,0.157928466796875,0.6221160888671875,0.2862091064453125,0.0916748046875,0.14599236641221375,0.14635402614603518,0.9833553065260382,0.3756586947709769,0.9881644186170496,0.37735656989291094,0.33567404262268313,0.684254327563249,0.39719806763285026,0.2857750346019579,0.35566636869683
v11,202,img_XXX_(25208).png,False,0.1195831298828125,0.7191314697265625,0.161285400390625,0.662811279296875,0.2328338623046875,0.1043548583984375,0.178708535435967,0.1789677241125282,0.9919612096465484,0.31814916543418553,0.9868274460973852,0.3195060366228861,0.3534167768016792,0.6647170638982307,0.43008514664143804,0.2834248258906106,0.33578297111793237
v11,202,img_XXX_(25221).png,False,0.1194610595703125,0.7215728759765625,0.158966064453125,0.65234375,0.250823974609375,0.096832275390625,0.18088856722620408,0.1812312874251497,0.9896538510665475,0.34286496965610247,0.9898406132132863,0.34407578929560784,0.33801580333625986,0.6673495115033091,0.4065079669802265,0.2872564467395221,0.34044038649618114
v11,202,img_XXX_(25229).png,False,0.1039886474609375,0.728179931640625,0.1678314208984375,0.6088104248046875,0.280914306640625,0.1102752685546875,0.16863883121106746,0.1689516027970626,0.9891415994130595,0.37956067338381627,0.9883215643671918,0.381270692762248,0.36014925373134327,0.6677736266777363,0.43876716065096827,0.3027829194420757,0.36985496355757974
v11,202,img_XXX_(25272).png,False,0.11212158203125,0.7184906005859375,0.1693878173828125,0.6013946533203125,0.274688720703125,0.1239166259765625,0.18388272823940452,0.18427929870854795,0.9884322264561786,0.37533279803913283,0.9867236973669592,0.3772378788200565,0.3721179241915911,0.6419160201945573,0.46959733357355193,0.31044448349004283,0.373725361115362
v11,202,img_XXX_(25280).png,False,0.1290130615234375,0.7148590087890625,0.1561279296875,0.597198486328125,0.27008056640625,0.132720947265625,0.21231341382648122,0.21296438244161683,0.9858072146658782,0.3725652802585694,0.9898870056497175,0.3739887724391129,0.38195356986421375,0.6015175902506323,0.5113369820172009,0.32227742131642145,0.37725942506139154
v11,202,img_XXX_(25328).png,False,0.171417236328125,0.658355712890625,0.17022705078125,0.6128082275390625,0.259521484375,0.1276702880859375,0.2760384338456191,0.2768357361619482,0.9896742033113762,0.3861646234676007,0.9853010348071496,0.3884021693783897,0.38943847412995514,0.6539978486912872,0.4904983865184654,0.350547177147725,0.38780154879877793
v11,202,img_XXX_(46606).png,False,0.9687652587890625,0.0,0.0312347412109375,1.0,0.0,0.0,0.9687652587890625,0.9687652587890625,1.0,0.0,0.0,0.0,0.0,0.0,0.0,0.3229217529296875,0.0
v11,202,img_XXX_(46623).png,False,0.96893310546875,0.0,0.03106689453125,0.9999237060546875,0.0,7.62939453125e-05,0.9690070348384734,0.9690070348384734,1.0,0.0,0.0,0.0,0.002455795677799607,1.0,0.002455795677799607,0.32382094350542434,0.0012278978388998035
v11,202,img_XXX_(46691).png,False,0.96826171875,0.0,0.03173828125,1.0,0.0,0.0,0.96826171875,0.96826171875,1.0,0.0,0.0,0.0,0.0,0.0,0.0,0.32275390625,0.0
v11,202,img_XXX_(46776).png,False,0.9703826904296875,0.0,0.0296173095703125,1.0,0.0,0.0,0.9703826904296875,0.9703826904296875,1.0,0.0,0.0,0.0,0.0,0.0,0.0,0.3234608968098958,0.0
v11,202,img_XXX_(46937).png,False,0.919464111328125,0.0445709228515625,0.0359649658203125,1.0,0.0,0.0,0.919464111328125,0.919464111328125,1.0,0.0,0.0,0.0,0.0,0.0,0.0,0.306488037109375,0.0
v11,202,img_XXX_(46956).png,False,0.9223175048828125,0.04364013671875,0.0340423583984375,1.0,0.0,0.0,0.9223175048828125,0.9223175048828125,1.0,0.0,0.0,0.0,0.0,0.0,0.0,0.3074391682942708,0.0
v11,202,img_XXX_(46967).png,False,0.9164276123046875,0.048309326171875,0.0352630615234375,1.0,0.0,0.0,0.9164276123046875,0.9164276123046875,1.0,0.0,0.0,0.0,0.0,0.0,0.0,0.3054758707682292,0.0
v11,202,img_XXX_(47028).png,False,0.88665771484375,0.07550048828125,0.037841796875,0.999786376953125,0.0001678466796875,4.57763671875e-05,0.8868471658374286,0.8868471658374286,1.0,0.002223120452708165,1.0,0.002223120452708165,0.0,0.0,0.0,0.29635676209671225,0.0011115602263540825
v11,202,img_XXX_(47076).png,False,0.493377685546875,0.471160888671875,0.03546142578125,1.0,0.0,0.0,0.493377685546875,0.493377685546875,1.0,0.0,0.0,0.0,0.0,0.0,0.0,0.164459228515625,0.0
v11,202,img_XXX_(47221).png,False,0.9420013427734375,0.0205230712890625,0.0374755859375,1.0,0.0,0.0,0.9420013427734375,0.9420013427734375,1.0,0.0,0.0,0.0,0.0,0.0,0.0,0.3140004475911458,0.0
v11,202,img_XXX_(47243).png,False,0.9639434814453125,0.0,0.0360565185546875,1.0,0.0,0.0,0.9639434814453125,0.9639434814453125,1.0,0.0,0.0,0.0,0.0,0.0,0.0,0.3213144938151042,0.0
v11,202,img_XXX_(47249).png,False,0.965240478515625,0.0,0.034759521484375,1.0,0.0,0.0,0.965240478515625,0.965240478515625,1.0,0.0,0.0,0.0,0.0,0.0,0.0,0.321746826171875,0.0
v11,202,img_XXX_(47267).png,False,0.965301513671875,0.0,0.034698486328125,1.0,0.0,0.0,0.965301513671875,0.965301513671875,1.0,0.0,0.0,0.0,0.0,0.0,0.0,0.3217671712239583,0.0
v11,202,img_XXX_(47383).png,False,0.9616241455078125,0.0,0.0383758544921875,1.0,0.0,0.0,0.9616241455078125,0.9616241455078125,1.0,0.0,0.0,0.0,0.0,0.0,0.0,0.3205413818359375,0.0
v11,202,img_XXX_(47394).png,False,0.963714599609375,0.0,0.036285400390625,1.0,0.0,0.0,0.963714599609375,0.963714599609375,1.0,0.0,0.0,0.0,0.0,0.0,0.0,0.3212381998697917,0.0
v11,202,img_XXX_(47490).png,False,0.9560394287109375,0.0,0.0439605712890625,1.0,0.0,0.0,0.9560394287109375,0.9560394287109375,1.0,0.0,0.0,0.0,0.0,0.0,0.0,0.3186798095703125,0.0
v11,202,img_XXX_(47566).png,False,0.9523468017578125,0.0056304931640625,0.042022705078125,1.0,0.0,0.0,0.9523468017578125,0.9523468017578125,1.0,0.0,0.0,0.0,0.0,0.0,0.0,0.3174489339192708,0.0
v11,202,img_XXX_(47581).png,False,0.9590606689453125,0.0050811767578125,0.035858154296875,1.0,0.0,0.0,0.9590606689453125,0.9590606689453125,1.0,0.0,0.0,0.0,0.0,0.0,0.0,0.3196868896484375,0.0
v11,202,img_XXX_(47598).png,False,0.943267822265625,0.01556396484375,0.041168212890625,1.0,0.0,0.0,0.943267822265625,0.943267822265625,1.0,0.0,0.0,0.0,0.0,0.0,0.0,0.314422607421875,0.0
v11,202,img_XXX_(47777).png,False,0.9504241943359375,0.02117919921875,0.0283966064453125,1.0,0.0,0.0,0.9504241943359375,0.9504241943359375,1.0,0.0,0.0,0.0,0.0,0.0,0.0,0.3168080647786458,0.0
v11,202,img_XXX_(47850).png,False,0.969512939453125,0.0004425048828125,0.0300445556640625,1.0,0.0,0.0,0.969512939453125,0.969512939453125,1.0,0.0,0.0,0.0,0.0,0.0,0.0,0.3231709798177083,0.0
v11,202,img_XXX_(47890).png,False,0.96527099609375,0.0054931640625,0.02923583984375,0.9998779296875,0.0,0.0001220703125,0.9653888414113051,0.9653888414113051,1.0,0.0,0.0,0.0,0.0041753653444676405,1.0,0.0041753653444676405,0.3231880689185909,0.0020876826722338203
v11,202,img_XXX_(47932).png,False,0.971038818359375,0.0,0.028961181640625,0.999176025390625,0.0,0.000823974609375,0.971839589505513,0.971839589505513,1.0,0.0,0.0,0.0,0.02845100105374078,1.0,0.02845100105374078,0.33343019685308456,0.01422550052687039
v11,202,img_XXX_(48021).png,False,0.9703826904296875,0.0,0.0296173095703125,1.0,0.0,0.0,0.9703826904296875,0.9703826904296875,1.0,0.0,0.0,0.0,0.0,0.0,0.0,0.3234608968098958,0.0
v11,202,img_XXX_(48050).png,False,0.97149658203125,0.0,0.02850341796875,1.0,0.0,0.0,0.97149658203125,0.97149658203125,1.0,0.0,0.0,0.0,0.0,0.0,0.0,0.3238321940104167,0.0
v11,202,img_XXX_(48102).png,False,0.9710235595703125,0.0,0.0289764404296875,1.0,0.0,0.0,0.9710235595703125,0.9710235595703125,1.0,0.0,0.0,0.0,0.0,0.0,0.0,0.3236745198567708,0.0
v11,202,img_XXX_(46538).png,False,0.969757080078125,0.0,0.030242919921875,1.0,0.0,0.0,0.969757080078125,0.969757080078125,1.0,0.0,0.0,0.0,0.0,0.0,0.0,0.3232523600260417,0.0
