split,sample_key,sample_class,sample_id,dense_supervision,supervision_source,thermal_tiff_role,corrected_rgb_path_path,corrected_rgb_path_sha256,raw_thermal_path_path,raw_thermal_path_sha256,thermal_tiff_path_path,thermal_tiff_path_sha256,temperature_mask_path_path,temperature_mask_path_sha256,boundary_mask_path_path,boundary_mask_path_sha256
train,fire/00002,Fire,00002,0,machine_partial,diagnostic_only_not_model_input,data/flame3/Fire/RGB/Corrected FOV/00002.JPG,54cd7b05667b916dbc1ee149f3e067175b70d25b2ade85d932455b176630dacc,data/flame3/Fire/Thermal/Raw JPG/00002.JPG,73e7640fab09618ec02abe18f8d370599694ddb891bc4b84394da3745b2e281e,data/flame3/Fire/Thermal/Celsius TIFF/00002.TIFF,261ec522666cb343228a4532da547821241cd0c58cd6cae6848d928e11269a59,project_support/artifacts/flame3_manual_smoke_v2/machine_labels/labels/masks/train/fire/00002.png,bb86cf80e92b94da2b21755bc68704329e0d345d7cac67293ff8495bbbb3c123,project_support/artifacts/flame3_manual_smoke_v2/machine_labels/labels/boundary_maps/train/fire/00002.png,36b440a144f453586b8b25d239a9d08c54dd6453dd6aa72c7bca9ce6f974fd15
train,fire/00003,Fire,00003,1,manual_dense,diagnostic_only_not_model_input,data/flame3/Fire/RGB/Corrected FOV/00003.JPG,76a08c29abbddecaff10731e42fc902a308ad4a6da317c587ff67df58c906257,data/flame3/Fire/Thermal/Raw JPG/00003.JPG,96adec4b19559ddde93924e0ae3d59cca28ab3092780971930e34ea709b4f190,data/flame3/Fire/Thermal/Celsius TIFF/00003.TIFF,e083bb69cd273f60c59cf252c5230f1ab41fa70e1b59a136c7e675cf5c27c10f,project_support/data/flame3_manual_smoke_v2_annotation/completed_masks/A108.png,4b4eb42c45f27fbd1569f508f1415ffd348e799ce607713e364762c427c3fb4b,project_support/artifacts/flame3_manual_smoke_v2/machine_labels/labels/boundary_maps/train/fire/00003.png,523b62bd3a7250eb4e19982b17fd135eece59c7448ff4c38df507e87ce7c2df0
train,fire/00004,Fire,00004,0,machine_partial,diagnostic_only_not_model_input,data/flame3/Fire/RGB/Corrected FOV/00004.JPG,f7aa0535a901a482f4aa88f3409aecae25419d3c5ab355c13de0ff7475ae19f6,data/flame3/Fire/Thermal/Raw JPG/00004.JPG,29060fb49d59bcfa85e843e072f21a5c3a49a058237b5051f32de485d3964a17,data/flame3/Fire/Thermal/Celsius TIFF/00004.TIFF,c4583cb2dfd053bc93a4f877138ec9e99cd1f5d319ab8051144898eb3a377893,project_support/artifacts/flame3_manual_smoke_v2/machine_labels/labels/masks/train/fire/00004.png,ad86003d94bb412306d9a3b2258880786c2069146dd5f069cd2740dc499d287c,project_support/artifacts/flame3_manual_smoke_v2/machine_labels/labels/boundary_maps/train/fire/00004.png,a3e2d00862a0a68972de88aa0902e4ba548cfa6e0e383b4d712863d1f57d8ced
train,fire/00005,Fire,00005,0,machine_partial,diagnostic_only_not_model_input,data/flame3/Fire/RGB/Corrected FOV/00005.JPG,0382ad02f9614e8785e4ec4036e5f942703cd74b86695092524e05b4840dcaef,data/flame3/Fire/Thermal/Raw JPG/00005.JPG,135d52a2b95bfe41f6c4aa572d18cdf9b75ec41832a893d9edd67b83792b74cf,data/flame3/Fire/Thermal/Celsius TIFF/00005.TIFF,b4dda23f2d4c1e870b295012f150613affec56fa4a88fe4e285e92686e35cbdb,project_support/artifacts/flame3_manual_smoke_v2/machine_labels/labels/masks/train/fire/00005.png,a2e2c7d940049a190106e741a01dccde1dee472af95422f59ad569001a3e2d98,project_support/artifacts/flame3_manual_smoke_v2/machine_labels/labels/boundary_maps/train/fire/00005.png,18af2604d2f1dcd3f7da84c0877b2aa6886528fe186e8ee777ed9b589fe125aa
train,fire/00006,Fire,00006,1,manual_dense,diagnostic_only_not_model_input,data/flame3/Fire/RGB/Corrected FOV/00006.JPG,e7c4a6a092c7a9f13dea5c2dd8d0f22514866e56de12595de5442dae720343f2,data/flame3/Fire/Thermal/Raw JPG/00006.JPG,e8f54b5831ffbcad6c3c2a81bc550efbe6f0587c23290786c4a004e34bb75d84,data/flame3/Fire/Thermal/Celsius TIFF/00006.TIFF,fdc4e1055495651c350fd94e7fa3ceecfccc4a33452ff6afa1b0ec0166755a60,project_support/data/flame3_manual_smoke_v2_annotation/completed_masks/A055.png,1f15ba6bd029e87c94757e23e6c72e2e1dc8ca0153a2e3a364175c09dfd32952,project_support/artifacts/flame3_manual_smoke_v2/machine_labels/labels/boundary_maps/train/fire/00006.png,156fd787205c5badabe4a80e1abff75dab6cf0b34154ee821cd6d075651179e5
train,fire/00007,Fire,00007,0,machine_partial,diagnostic_only_not_model_input,data/flame3/Fire/RGB/Corrected FOV/00007.JPG,86188abab4f423256c535f0643de7ef414322a84c5aa220d635a1b6d47e966ee,data/flame3/Fire/Thermal/Raw JPG/00007.JPG,74c6688bfe44a18ef974cb4464ef72117b7b1981f2bd00b372475980bce84fe6,data/flame3/Fire/Thermal/Celsius TIFF/00007.TIFF,e6ed0692e9aac034f9d013aae00be2ba663625aaf8adff10a65bb6bb0bc555c3,project_support/artifacts/flame3_manual_smoke_v2/machine_labels/labels/masks/train/fire/00007.png,10e89f242061e08a72628f2fc9ffcd86bfd0a1f8ad49999f5fd220d405143bed,project_support/artifacts/flame3_manual_smoke_v2/machine_labels/labels/boundary_maps/train/fire/00007.png,a9396e31990c539828ca3822d01f2c8e8f4f675932fe6b201785455cd688ee27
train,fire/00009,Fire,00009,0,machine_partial,diagnostic_only_not_model_input,data/flame3/Fire/RGB/Corrected FOV/00009.JPG,8278d30d8108eef69c8ac1ba3f5c5baffb18f7af556dd3f025026403faa47452,data/flame3/Fire/Thermal/Raw JPG/00009.JPG,128b251e63f2aea55cb36d14f839c9f71f9bfba4d4a8d2981a98f543102233c9,data/flame3/Fire/Thermal/Celsius TIFF/00009.TIFF,644c36ea74c9ab36b7ad28f230d75f72fa28b50ab760a30880ada263140109bb,project_support/artifacts/flame3_manual_smoke_v2/machine_labels/labels/masks/train/fire/00009.png,6778f8247bc2d88e981b6d05a08e9bf1de7cbd9bbcdeea40b24fff2913d1235a,project_support/artifacts/flame3_manual_smoke_v2/machine_labels/labels/boundary_maps/train/fire/00009.png,c659674fe449923ba2db1dc76a2b67a3fcb146cd72607afa3f1b1bc57d75edcf
train,fire/00010,Fire,00010,1,manual_dense,diagnostic_only_not_model_input,data/flame3/Fire/RGB/Corrected FOV/00010.JPG,123e5d3582d346dd6fc570ab21c75dd2815ce5915eb1cb2f3a31131edd849aa0,data/flame3/Fire/Thermal/Raw JPG/00010.JPG,e756c2c54ce8a9ede4413f473cec20947dc8a2077fb3c8b9fc423a7f394b391a,data/flame3/Fire/Thermal/Celsius TIFF/00010.TIFF,5cd4c2feeca0e2f53be6fded560e028a565849da27e6f61182ef6d0ccf3159fb,project_support/data/flame3_manual_smoke_v2_annotation/completed_masks/A062.png,4119c89400f08afeed63bfb1f22b1dc3763ef94ad98de6119c5a4548d45b80ef,project_support/artifacts/flame3_manual_smoke_v2/machine_labels/labels/boundary_maps/train/fire/00010.png,bcf9eb7d3fc4cee253264c040b950f0c2e6827ce6a93541afefa78b4dd46fc07
train,fire/00011,Fire,00011,0,machine_partial,diagnostic_only_not_model_input,data/flame3/Fire/RGB/Corrected FOV/00011.JPG,790d6a66b460271c025273e06cbb38e2963efe055118278014508f8193562381,data/flame3/Fire/Thermal/Raw JPG/00011.JPG,c87459a2e24b687ccb4413f0122a8f3ab08550f1641abee05b110cc2f3987b9e,data/flame3/Fire/Thermal/Celsius TIFF/00011.TIFF,73d205e31bb44d59840ea39a0e1e55e205fbe0ed15303e12cdd9c8d6143c426c,project_support/artifacts/flame3_manual_smoke_v2/machine_labels/labels/masks/train/fire/00011.png,fcb172de859e9dfe7001e694dce2c5ec75eb963d2e5fb23d023b6f2093b4955f,project_support/artifacts/flame3_manual_smoke_v2/machine_labels/labels/boundary_maps/train/fire/00011.png,83be29fba9b2a74e0d54854bf9d8784b721aca4ccf077b3141e790fc88205c1f
train,fire/00012,Fire,00012,1,manual_dense,diagnostic_only_not_model_input,data/flame3/Fire/RGB/Corrected FOV/00012.JPG,2136895215634fe0ce1925a9486697ef4ecb1cbff6c3b5fae9f1d66b3c75f098,data/flame3/Fire/Thermal/Raw JPG/00012.JPG,2953924668848a193e533a7f8857b739db629ec2c5f6711cc7e59b508e77965a,data/flame3/Fire/Thermal/Celsius TIFF/00012.TIFF,7a7c0c44f0a2234027892afe14091f4c39b8e2012ff1e0019ee968d41ac78e6b,project_support/data/flame3_manual_smoke_v2_annotation/completed_masks/A104.png,d542d1da892b32fa9512e79593f7d5f34b08b9c0c663754fede2f86d357df8a6,project_support/artifacts/flame3_manual_smoke_v2/machine_labels/labels/boundary_maps/train/fire/00012.png,13506612c0e9e5755d1dd2ecfefe5a0e20023b699a324c25c7818e2fff198970
train,fire/00013,Fire,00013,0,machine_partial,diagnostic_only_not_model_input,data/flame3/Fire/RGB/Corrected FOV/00013.JPG,a16ab4e43c1033b56dfde39a35fef09c1cc314e878d7eb01b57fbc9a9023b5bb,data/flame3/Fire/Thermal/Raw JPG/00013.JPG,ba2606a8c3d9a600c645e7699255df7f047725502024eab81363671b0580773f,data/flame3/Fire/Thermal/Celsius TIFF/00013.TIFF,2de932464c51a2c7381914337c68157c6e3a141ea05be7906007c30052e00ee9,project_support/artifacts/flame3_manual_smoke_v2/machine_labels/labels/masks/train/fire/00013.png,21bb3c91a3fbc0c51f62cf0e919771eed2c01e24ff20ad392c65b36d050b1e31,project_support/artifacts/flame3_manual_smoke_v2/machine_labels/labels/boundary_maps/train/fire/00013.png,f2981e7f615dc0972fa30f1504d960a94c422ccf1e81b1a01e4a873789a7d8be
train,fire/00015,Fire,00015,0,machine_partial,diagnostic_only_not_model_input,data/flame3/Fire/RGB/Corrected FOV/00015.JPG,05b64c862ab8971293f92f8e55daf7de20e67d5daf1154c7a0c847771ca4583d,data/flame3/Fire/Thermal/Raw JPG/00015.JPG,44bc364ba7d36422db05b1ce1ca676e9b18c67a684df4e9377b0e8777a58fb04,data/flame3/Fire/Thermal/Celsius TIFF/00015.TIFF,6cea940d447e1dd727b6f3549f1aee8e6445ed89bf3adc201aba89b5cacc9c83,project_support/artifacts/flame3_manual_smoke_v2/machine_labels/labels/masks/train/fire/00015.png,050871d1ac9bee7094841a0ac2fa7ae35e1b4ff238eeb6eaa10c5d4e08d78dac,project_support/artifacts/flame3_manual_smoke_v2/machine_labels/labels/boundary_maps/train/fire/00015.png,e89a8bd46d7099ff039ce14d1cf82f347378ef4bec548debb75d3f1dd692c4b0
train,fire/00016,Fire,00016,0,machine_partial,diagnostic_only_not_model_input,data/flame3/Fire/RGB/Corrected FOV/00016.JPG,208a37009256dae65046c6d2e3c8670785d5ca3fbbf3832feee4722f5600ab32,data/flame3/Fire/Thermal/Raw JPG/00016.JPG,86970cef0231514fcd9b17bfd85f7becb2ec00c55a6d67703bf6b14da0792446,data/flame3/Fire/Thermal/Celsius TIFF/00016.TIFF,8398249d86e17c0c87e4733802aeba9cd2261ea7c980f97466a45f12b11705f5,project_support/artifacts/flame3_manual_smoke_v2/machine_labels/labels/masks/train/fire/00016.png,30bcc75907327fe688aef1176c9f46402e364196beac272d65460554f726f09b,project_support/artifacts/flame3_manual_smoke_v2/machine_labels/labels/boundary_maps/train/fire/00016.png,90523164ee97870c06629826cba0d654343872f1b5576f61576c6c9ee3e7d3c2
train,fire/00018,Fire,00018,0,machine_partial,diagnostic_only_not_model_input,data/flame3/Fire/RGB/Corrected FOV/00018.JPG,a34313889051f8196a2bdaa1fb765b41dcb877c38658dbfdabf57cdd72c9a619,data/flame3/Fire/Thermal/Raw JPG/00018.JPG,fbe7e30a6dbeba23ef4b4e22429b020fe22377e0d67656a44f0cf0ddce69f9ac,data/flame3/Fire/Thermal/Celsius TIFF/00018.TIFF,ea20425b6e75fc62948dff4b41a2e36d6789e309af9fa4b8e8880609a3158c5b,project_support/artifacts/flame3_manual_smoke_v2/machine_labels/labels/masks/train/fire/00018.png,2ef18794bc421df4a4976031a4ad30e7d279300da72daaad9387d22b32a1a6dc,project_support/artifacts/flame3_manual_smoke_v2/machine_labels/labels/boundary_maps/train/fire/00018.png,f6a17ca3d8ae63105da9497bf2750ed8d905622998ff4fa2b1c79a155ac6e429
train,fire/00021,Fire,00021,0,machine_partial,diagnostic_only_not_model_input,data/flame3/Fire/RGB/Corrected FOV/00021.JPG,c4a5d9dcea7c3b8b13687eb8e3df71314a10e02306f9306a522e6283c2e3a5f4,data/flame3/Fire/Thermal/Raw JPG/00021.JPG,4a801b30d2f93cc96eb3e7a774dc3623b204b157991b287b021e8cc43a10ae29,data/flame3/Fire/Thermal/Celsius TIFF/00021.TIFF,1a435569a0c490397cab5225d62cd8da086020b62afa45fc84127fc3b2b8c276,project_support/artifacts/flame3_manual_smoke_v2/machine_labels/labels/masks/train/fire/00021.png,deee426209b9c6628bbd84dd56d275e765e31724309329468fca8a6e5690aa24,project_support/artifacts/flame3_manual_smoke_v2/machine_labels/labels/boundary_maps/train/fire/00021.png,bed4a10472a4e3cc7a112f07ba2eddbadd4a4d037c7261b684cfc7571629096f
train,fire/00025,Fire,00025,0,machine_partial,diagnostic_only_not_model_input,data/flame3/Fire/RGB/Corrected FOV/00025.JPG,a14d3f503081632c0a136899bbc8a795531623b1313759e77061486640b99f0f,data/flame3/Fire/Thermal/Raw JPG/00025.JPG,c0e989f680bb43a195515451627263dd7dafadddd4b36593e9e4e07da682af81,data/flame3/Fire/Thermal/Celsius TIFF/00025.TIFF,5cec5b3ea599d36f03be6c8baebf01918a419cdc4c6c1e57be828cd6ba9eab46,project_support/artifacts/flame3_manual_smoke_v2/machine_labels/labels/masks/train/fire/00025.png,6b403c1cfd06acc56c5abf3e59b6b785f6998972dc765493ba271f3c0357162c,project_support/artifacts/flame3_manual_smoke_v2/machine_labels/labels/boundary_maps/train/fire/00025.png,0690e03eb9c1c0578d86ca426a3a21b9a5fd5edb1562b9037d40b2338fb7dc62
train,fire/00026,Fire,00026,0,machine_partial,diagnostic_only_not_model_input,data/flame3/Fire/RGB/Corrected FOV/00026.JPG,6940070c6ac6420ef5387e74f53828ac249e784e439af7c16fd01242daa29739,data/flame3/Fire/Thermal/Raw JPG/00026.JPG,e03e4343cd004eb150aae4e398270c6c013c1b0d2752f0b04533db2fe0172958,data/flame3/Fire/Thermal/Celsius TIFF/00026.TIFF,7ca364dc9ea686f8bad61771ba7e50d71b89b401dae08a8799f7923f2dda04d4,project_support/artifacts/flame3_manual_smoke_v2/machine_labels/labels/masks/train/fire/00026.png,ee6301aaf0c72a2c7e4dd7dab5d464909323b7924eb5814eefeb7a9a1413de63,project_support/artifacts/flame3_manual_smoke_v2/machine_labels/labels/boundary_maps/train/fire/00026.png,fbdc03946effc3994be2c06fc43bd2e681eb5a3aa9c694eac903e4a15e5e87c8
train,fire/00027,Fire,00027,0,machine_partial,diagnostic_only_not_model_input,data/flame3/Fire/RGB/Corrected FOV/00027.JPG,3a505e7d614d244e4a024d7c6a7f833e4912c98624087d37e5653a15aa5c0de7,data/flame3/Fire/Thermal/Raw JPG/00027.JPG,e12f9ec51d94c7b86e2338aef0b7fa265bbc80ce548a297148b4a12baa56204a,data/flame3/Fire/Thermal/Celsius TIFF/00027.TIFF,2dec1a3225d7943ffabf45d3e844f82cb2c26b60c4f06c71841608f2ddcc3877,project_support/artifacts/flame3_manual_smoke_v2/machine_labels/labels/masks/train/fire/00027.png,cda1a2ffa890a7fcf1a95919759ff718a9d6d5caf9b4caf045db172075715d47,project_support/artifacts/flame3_manual_smoke_v2/machine_labels/labels/boundary_maps/train/fire/00027.png,f152540f36e46f5627bb1461da85a28fd57025d725c6dc740c834ae6a055e2ab
train,fire/00029,Fire,00029,0,machine_partial,diagnostic_only_not_model_input,data/flame3/Fire/RGB/Corrected FOV/00029.JPG,5bbf982f58dc0f680a596505a2f88dbb3a6fb4b3b3fc6e7f185a19850b64ef7c,data/flame3/Fire/Thermal/Raw JPG/00029.JPG,e06aeb9cfa73d2de6493cc0c31eb5db550fbe88f7ee560b835345fd4cc76de25,data/flame3/Fire/Thermal/Celsius TIFF/00029.TIFF,e54b5d9926d49b5c100a744d2fa403a4c440bb433bef1fb0fc4ea275e3ff48d5,project_support/artifacts/flame3_manual_smoke_v2/machine_labels/labels/masks/train/fire/00029.png,56c04fdb9b782c7a7d7e37277184f10c6849af3d0dbc4dab87ac5342dd8f6175,project_support/artifacts/flame3_manual_smoke_v2/machine_labels/labels/boundary_maps/train/fire/00029.png,08cb2f7907b6addf585f14e5d4affde11d9922b780950af84252b4967e847225
train,fire/00030,Fire,00030,0,machine_partial,diagnostic_only_not_model_input,data/flame3/Fire/RGB/Corrected FOV/00030.JPG,57b0ff88c399f65778e7c958dcc3ecac996cbb3d533334c07141a5d49d95eb02,data/flame3/Fire/Thermal/Raw JPG/00030.JPG,5b487951e6335f735c2ce4c4bfed0b4dee1216cfc56ee9d58bdb5f035d084e26,data/flame3/Fire/Thermal/Celsius TIFF/00030.TIFF,8a21f54d580bff722934fba91d0ef3f61e6a12102116db674f98fc1ece300972,project_support/artifacts/flame3_manual_smoke_v2/machine_labels/labels/masks/train/fire/00030.png,7488c590518fd00be13dc7d1485e3ada539516c32518fddf9bd7d68bb1e33382,project_support/artifacts/flame3_manual_smoke_v2/machine_labels/labels/boundary_maps/train/fire/00030.png,f57972a0e2624dc1f118b428aaf5dd6780d025f9c69c57b790e8bd5be759eab8
train,fire/00031,Fire,00031,0,machine_partial,diagnostic_only_not_model_input,data/flame3/Fire/RGB/Corrected FOV/00031.JPG,9a09449c04878fcb31a4033d5c98e798577b66605a5365816b53f7763f8d2385,data/flame3/Fire/Thermal/Raw JPG/00031.JPG,262494803497a6adb0e37695cefbf0dab3c1aa2128c70e8ef45ea0a098039861,data/flame3/Fire/Thermal/Celsius TIFF/00031.TIFF,4383181e30300b793355c7207e04f6584ee5854c91b16251aa6fa3e40025dacc,project_support/artifacts/flame3_manual_smoke_v2/machine_labels/labels/masks/train/fire/00031.png,f842182a9d417faa27b8c2e591025c63baace983548797f1a8cb08dbc8424106,project_support/artifacts/flame3_manual_smoke_v2/machine_labels/labels/boundary_maps/train/fire/00031.png,0be0887c42ff5a24987671b3a37b0eda103e15679241f639405a298ff17c457b
train,fire/00032,Fire,00032,0,machine_partial,diagnostic_only_not_model_input,data/flame3/Fire/RGB/Corrected FOV/00032.JPG,84225b986d7d20fbf0e2f3869089a7e6d86bfbf8c5eedc0d150f75edef9a7ab5,data/flame3/Fire/Thermal/Raw JPG/00032.JPG,65f4616f1769ce52177cc449d765a4bbc2a4795eac883be4651b30b4bd65777b,data/flame3/Fire/Thermal/Celsius TIFF/00032.TIFF,218b7bb9de698e9d0962be382dc8495d7fc5b984d96b44ebbc2e063c61350089,project_support/artifacts/flame3_manual_smoke_v2/machine_labels/labels/masks/train/fire/00032.png,c7f801351e36b0d591bff6850dea7a5cec39c7248a5b9d9051c38ddf4dcecee6,project_support/artifacts/flame3_manual_smoke_v2/machine_labels/labels/boundary_maps/train/fire/00032.png,66e0b121d9950bb7ecc27474d620218be0bc3412b5f330136c81d40c0de78278
train,fire/00033,Fire,00033,1,manual_dense,diagnostic_only_not_model_input,data/flame3/Fire/RGB/Corrected FOV/00033.JPG,d03188746a6a3ae6c79074b737b5d023d0f4c37c46ce385d75210c34ebd61058,data/flame3/Fire/Thermal/Raw JPG/00033.JPG,618036f900969eb7e4644e3ecad26e6258d549b7d73e3b87c54d00f3def93a0e,data/flame3/Fire/Thermal/Celsius TIFF/00033.TIFF,1daee4213f4815fb80990ff937dbfa1fdab1ba38193853cba8e750d15f20aaab,project_support/data/flame3_manual_smoke_v2_annotation/completed_masks/A101.png,5d933b120e899b9199c9c3bad1ff73186e95c88de0f35159f752ddbefea37a25,project_support/artifacts/flame3_manual_smoke_v2/machine_labels/labels/boundary_maps/train/fire/00033.png,88258b870b7c8badf70bb64fc11c5e17aeac2ab0c4368fa272aeeb1b3d4b85f9
train,fire/00034,Fire,00034,0,machine_partial,diagnostic_only_not_model_input,data/flame3/Fire/RGB/Corrected FOV/00034.JPG,bf724941fe2b3df46cb634a225e7ba35f3752b0b444ce4b21c79a8410e7c9c2d,data/flame3/Fire/Thermal/Raw JPG/00034.JPG,c22338699bd2b6c3ac2bc7da6d3eb4bda874ffb2b3626bfd3584ba2d6b2baadf,data/flame3/Fire/Thermal/Celsius TIFF/00034.TIFF,9d13f499ad366a1af32b2450bb024d9ed465e85d6deb6ec6101bb6842ee5ba8b,project_support/artifacts/flame3_manual_smoke_v2/machine_labels/labels/masks/train/fire/00034.png,e8dc521a45f1ba5c46556088341f68c552bb2fd5e4b0b61807442c4261ea2110,project_support/artifacts/flame3_manual_smoke_v2/machine_labels/labels/boundary_maps/train/fire/00034.png,f06c7864186f8a19a249688d1e86f1e0c77c83414835c0b7158fc9a447d535e7
train,fire/00035,Fire,00035,0,machine_partial,diagnostic_only_not_model_input,data/flame3/Fire/RGB/Corrected FOV/00035.JPG,90b5db91f027ae6e1fdd3b87dcbe78ee46872782bd1d8e424eac8aa724f2fa21,data/flame3/Fire/Thermal/Raw JPG/00035.JPG,953fa2e55dac6e50cbf0884702abfe470562f4e225fb33603776163524c0024b,data/flame3/Fire/Thermal/Celsius TIFF/00035.TIFF,a366136d51a062856a7dce874c4e16dcc177e854958a31c74fbc69e9cac9ec82,project_support/artifacts/flame3_manual_smoke_v2/machine_labels/labels/masks/train/fire/00035.png,d14b0727495185784903f8b27bb3910edd58c38164037ace060cbe992eef7fca,project_support/artifacts/flame3_manual_smoke_v2/machine_labels/labels/boundary_maps/train/fire/00035.png,70cf43479caaf04621194074502b701a4a1e50f781df89605e5f836b652fe936
train,fire/00036,Fire,00036,0,machine_partial,diagnostic_only_not_model_input,data/flame3/Fire/RGB/Corrected FOV/00036.JPG,f1f1419e792df4e7974ad2e7a9426433d8ddb9fd3fa5b65bc6a9b5169872dc7d,data/flame3/Fire/Thermal/Raw JPG/00036.JPG,cfd84535177565e19b7f9803dec5589cdc55c5e782e960668fdf0dbb3597ee75,data/flame3/Fire/Thermal/Celsius TIFF/00036.TIFF,e2095e4fb3fe2b59079a85c7f43cb76a020da45920e6e5eac254f33e6c5474dc,project_support/artifacts/flame3_manual_smoke_v2/machine_labels/labels/masks/train/fire/00036.png,786bd97073462421cba4206dcbd34d53cb50f9825384c134e64f0a468b21cdc4,project_support/artifacts/flame3_manual_smoke_v2/machine_labels/labels/boundary_maps/train/fire/00036.png,62abac3fa8ecee722730e6517e86a28c6ab8bfecf5f5d0611c5ce32d13f74a2b
train,fire/00038,Fire,00038,0,machine_partial,diagnostic_only_not_model_input,data/flame3/Fire/RGB/Corrected FOV/00038.JPG,2a27dc1894c95fd0181a38330141377282add3068b7918b3e4449b6bb87190d0,data/flame3/Fire/Thermal/Raw JPG/00038.JPG,aae0f287f6a6aaf8175ad116e70151289e33f95f098fd29f9cc21a829bbc38d4,data/flame3/Fire/Thermal/Celsius TIFF/00038.TIFF,97a99dff3f63d7d1f84e39a8d8494c7e84ff491db660223171fd5b14a600d8d5,project_support/artifacts/flame3_manual_smoke_v2/machine_labels/labels/masks/train/fire/00038.png,dd47d7962422e9c27d7b6bd4d5a4872cf4be9c7c5e39362c1ed46ff3f97ad9bb,project_support/artifacts/flame3_manual_smoke_v2/machine_labels/labels/boundary_maps/train/fire/00038.png,da94620403419182c61692bacc94438472e8f40a6a0e4ad54fe8858611e000a5
train,fire/00039,Fire,00039,1,manual_dense,diagnostic_only_not_model_input,data/flame3/Fire/RGB/Corrected FOV/00039.JPG,64b725233b155fc20be582e372d8e63e01f45885cc74677e39a1851fe655b82c,data/flame3/Fire/Thermal/Raw JPG/00039.JPG,eeade657023c3a1d209d7fcc2a4817bf7352dda5a5a5bbaf1fe6e22bfbac8579,data/flame3/Fire/Thermal/Celsius TIFF/00039.TIFF,b9acae3f9160c0af4bc1ecc7c7312f0f133ca35ce97d5e1f131eb116cd935c72,project_support/data/flame3_manual_smoke_v2_annotation/completed_masks/A091.png,270c61098c484bb00569ad8cacad090ce74d62ecfc4a94f55a8218ddc566d0ca,project_support/artifacts/flame3_manual_smoke_v2/machine_labels/labels/boundary_maps/train/fire/00039.png,b2d7ae35961fc5387363c1ba1eb3204c1a4f7662c3e11002abd5a28e307c4591
train,fire/00040,Fire,00040,1,manual_dense,diagnostic_only_not_model_input,data/flame3/Fire/RGB/Corrected FOV/00040.JPG,051fcaf56e2d563f81eb72ea3b1dd3c67b39cf330f9c38aebccae4f1fafbd79d,data/flame3/Fire/Thermal/Raw JPG/00040.JPG,c73ec0cd61175f639cb856c36fef06e0ae83dcae015df2b62e8e73f7063c8bf3,data/flame3/Fire/Thermal/Celsius TIFF/00040.TIFF,c91321237cf530f8c266ca65a60273be97da7efca77c7af7595a57572b309dd1,project_support/data/flame3_manual_smoke_v2_annotation/completed_masks/A087.png,a495a3aa53ed50ded977f8e7568ac57c7aa25fc6ebcaee5c1e01a1ec9f00dbd7,project_support/artifacts/flame3_manual_smoke_v2/machine_labels/labels/boundary_maps/train/fire/00040.png,898254130d9eeb73397ecaa6c28ae6ae9c2599ba14323fc579ad059dd4eee453
train,fire/00041,Fire,00041,0,machine_partial,diagnostic_only_not_model_input,data/flame3/Fire/RGB/Corrected FOV/00041.JPG,b685b739c4d0910e3ee91c2e8b8962567e97c47f19f5117473235dceb6651260,data/flame3/Fire/Thermal/Raw JPG/00041.JPG,69a9d874f0128f92cada51b6797822e6e78bd67e072d96bd611246c8029d79a7,data/flame3/Fire/Thermal/Celsius TIFF/00041.TIFF,e5535c6e3ee3528eb76e97518818f04c20814ed7e038131bd2103794ff205176,project_support/artifacts/flame3_manual_smoke_v2/machine_labels/labels/masks/train/fire/00041.png,b964abef582308b98cdb3bbd01430a467fb2cac4df11b6c2ae4cf7fa4c846dd8,project_support/artifacts/flame3_manual_smoke_v2/machine_labels/labels/boundary_maps/train/fire/00041.png,a6804e13cde225b960b02882662c362de190618295977f90bc1178a399c1c9b6
train,fire/00044,Fire,00044,0,machine_partial,diagnostic_only_not_model_input,data/flame3/Fire/RGB/Corrected FOV/00044.JPG,6b4e8b3d1410f268f11af84100bafe53898cd175685372e57b1a0bb00699875d,data/flame3/Fire/Thermal/Raw JPG/00044.JPG,c6e68947c6ac74892ba1d3a6643b5d15b6029ff446c9a3744313eee479c44b40,data/flame3/Fire/Thermal/Celsius TIFF/00044.TIFF,1aced2a7e4445fcaeb50b47c0862e4a9fee72356cb80974e7f53d704a6070b7d,project_support/artifacts/flame3_manual_smoke_v2/machine_labels/labels/masks/train/fire/00044.png,18f38aeb46121f6020f749be62200bc7fa7846b82dd8529ff74455a0f48b5f52,project_support/artifacts/flame3_manual_smoke_v2/machine_labels/labels/boundary_maps/train/fire/00044.png,9d1cded68d68e58fc98c032a8043457805f79945a6589d0d256762069a7fe17f
train,fire/00045,Fire,00045,0,machine_partial,diagnostic_only_not_model_input,data/flame3/Fire/RGB/Corrected FOV/00045.JPG,e9145321f7daaf79f82739b43c840b751fb10a167538a32fd7ce5ee480849e1e,data/flame3/Fire/Thermal/Raw JPG/00045.JPG,6d8d2cf081dedd2184dadd7cab330a773ce4a10d4eb8f361b0d2f825de653ef0,data/flame3/Fire/Thermal/Celsius TIFF/00045.TIFF,d468873b0b53ed5c8924c0e901d685158f85c70ff7b26c13a1d710dc440d4526,project_support/artifacts/flame3_manual_smoke_v2/machine_labels/labels/masks/train/fire/00045.png,811d4d442f70e8d19b380c5b87824d83f7a09b6dd7de20c2d4fd1e8baff0a7d6,project_support/artifacts/flame3_manual_smoke_v2/machine_labels/labels/boundary_maps/train/fire/00045.png,8fbe7902d01ed4b4f59de5d6a4a213b6b8f9d65614bd29455b6f9bdee5d7c906
train,fire/00046,Fire,00046,1,manual_dense,diagnostic_only_not_model_input,data/flame3/Fire/RGB/Corrected FOV/00046.JPG,595746ea8c4ae802c580f9ba346179e35d7460bed229925aba123934fcfbfcc8,data/flame3/Fire/Thermal/Raw JPG/00046.JPG,2d0f14dbfbcb27fe9f5d6818b905864419dd48233acac51c9dc6c6aefc0936ea,data/flame3/Fire/Thermal/Celsius TIFF/00046.TIFF,c56084e2c6874a8878124259ebdc8ec9dd608f24e4ef6b16ea14b22ff6c6c96d,project_support/data/flame3_manual_smoke_v2_annotation/completed_masks/A109.png,258e347723cd5328331ad599433db0746996f3c39a25d00a38cd96f058565d5d,project_support/artifacts/flame3_manual_smoke_v2/machine_labels/labels/boundary_maps/train/fire/00046.png,176902faff8127d49946fa69d5c84cb5ef60d6de8a93762dc293df4053e7dd96
train,fire/00047,Fire,00047,0,machine_partial,diagnostic_only_not_model_input,data/flame3/Fire/RGB/Corrected FOV/00047.JPG,0ca394e18560619c91265b5ecc0766a5dcaf2591a6ed90d0c05d00439a1bfb1f,data/flame3/Fire/Thermal/Raw JPG/00047.JPG,ffd0d3041b28d4fb15c3527aa6adc3e66871ef8f8cf31239fbb17676f8a85120,data/flame3/Fire/Thermal/Celsius TIFF/00047.TIFF,9606f8813209ab1a0f5bb18d7babe4ba31110faad43ba5deef4c61d392f51dc9,project_support/artifacts/flame3_manual_smoke_v2/machine_labels/labels/masks/train/fire/00047.png,432ad51e1b5d4228b7d88c27a18b496b4de4186a972e4156fed7c55a61cd7c3d,project_support/artifacts/flame3_manual_smoke_v2/machine_labels/labels/boundary_maps/train/fire/00047.png,fa214472328ff67ef27104ec9bcbe98f2307f5338a47814bdc0f25767399f018
train,fire/00048,Fire,00048,0,machine_partial,diagnostic_only_not_model_input,data/flame3/Fire/RGB/Corrected FOV/00048.JPG,625bbadf6aadace49f6bec21d5a4dd5941b73c90ba0c88fd26d700aea247a94e,data/flame3/Fire/Thermal/Raw JPG/00048.JPG,2d75774fa4f681cc078d7eec953347013b81b04ad6eef60fb170cb815d138d84,data/flame3/Fire/Thermal/Celsius TIFF/00048.TIFF,74b70d5370fc692d39147469d841202472d982dd2152aba732631edebb92f2bd,project_support/artifacts/flame3_manual_smoke_v2/machine_labels/labels/masks/train/fire/00048.png,2bc0d8adea8430dca0badcfae4c728f8006e221ead2d51d20b08d7f9bff09fd9,project_support/artifacts/flame3_manual_smoke_v2/machine_labels/labels/boundary_maps/train/fire/00048.png,2f04744cfec2743232a6ff6487b0962efdbde3c35f9cd057aa5dea973461453a
train,fire/00049,Fire,00049,0,machine_partial,diagnostic_only_not_model_input,data/flame3/Fire/RGB/Corrected FOV/00049.JPG,863e26b2503d3fa2456716dffa3d105ebeb2b35101126b406bd180f03b2ba4ca,data/flame3/Fire/Thermal/Raw JPG/00049.JPG,fac374f01edce9a997bfa97cde3d4f983327297f495acbe049dea637305eeef0,data/flame3/Fire/Thermal/Celsius TIFF/00049.TIFF,ef812bd312b163a36791592aafb5a5d0c7d4ba07a61599c4b3e3c146452d1008,project_support/artifacts/flame3_manual_smoke_v2/machine_labels/labels/masks/train/fire/00049.png,0fd5eae9e85930364e9632726b493b30019905463b3a054b41de652494c7e013,project_support/artifacts/flame3_manual_smoke_v2/machine_labels/labels/boundary_maps/train/fire/00049.png,2c206c7a13ada7ded6c830f094fd22b13103f79840b99d1b6617922fe8ea47ce
train,fire/00050,Fire,00050,0,machine_partial,diagnostic_only_not_model_input,data/flame3/Fire/RGB/Corrected FOV/00050.JPG,12aa8fecedf669091a0a708545a5a0f62fb54d93a9753cdaff91b90cffb1d989,data/flame3/Fire/Thermal/Raw JPG/00050.JPG,d2ef7daf44e63ed191431b3ad2dfa7ec0614ea42a7e2f85d20b2c5eb093febe8,data/flame3/Fire/Thermal/Celsius TIFF/00050.TIFF,0e0e9e0a59905c6465e8e73f7866c1bbbd2549e7569061e9a4a257ec737e4fe9,project_support/artifacts/flame3_manual_smoke_v2/machine_labels/labels/masks/train/fire/00050.png,24582fc1307ed60b740cce3c27d9e0437861c0500778631d7a1284ffd5cc301c,project_support/artifacts/flame3_manual_smoke_v2/machine_labels/labels/boundary_maps/train/fire/00050.png,68e759de6eab2f732b1bff630c6c77590ded4141f6b98cb69d244a969e76ca7a
train,fire/00051,Fire,00051,0,machine_partial,diagnostic_only_not_model_input,data/flame3/Fire/RGB/Corrected FOV/00051.JPG,7ba8bf38bb90ed89ff18ed727072cc35d5e15ef2d399d87189ceb271e53f1dd0,data/flame3/Fire/Thermal/Raw JPG/00051.JPG,89eae592e763bf5934480280d9565623a76b0887c693aef3eee2766be89301fc,data/flame3/Fire/Thermal/Celsius TIFF/00051.TIFF,8fa3a1d12bd4129fc9dcd4d3f9ca37e117891861de9ebc8632be79818ac6fc6c,project_support/artifacts/flame3_manual_smoke_v2/machine_labels/labels/masks/train/fire/00051.png,c7620f7a42833c138503a11c4277c2ef8c887e127a78595095fdbb421e019852,project_support/artifacts/flame3_manual_smoke_v2/machine_labels/labels/boundary_maps/train/fire/00051.png,6a06872a69c6860e74f5cb7862adfc69563acd168382fb77a3b22e4f6b4c6d53
train,fire/00052,Fire,00052,0,machine_partial,diagnostic_only_not_model_input,data/flame3/Fire/RGB/Corrected FOV/00052.JPG,07beba18670aa105405da64f4ea6d4b3925c492c377a2a971fd4f58a22670092,data/flame3/Fire/Thermal/Raw JPG/00052.JPG,a310d65c54b36273f896b8c011554b3503124b9bb147189b7426454c20640f60,data/flame3/Fire/Thermal/Celsius TIFF/00052.TIFF,cf8219d92ae219afc8ebb7323a086ae15e12cddfa483f9aeeb52db36c6d985cf,project_support/artifacts/flame3_manual_smoke_v2/machine_labels/labels/masks/train/fire/00052.png,de465e88c1708ba007eec19ba4b3687baec8b55c5ba72ecb59c14bea29429027,project_support/artifacts/flame3_manual_smoke_v2/machine_labels/labels/boundary_maps/train/fire/00052.png,602fb320f8dea282b0fa8141ef928e31ad96a01da1a8cf35b835c4883ad698e7
train,fire/00053,Fire,00053,0,machine_partial,diagnostic_only_not_model_input,data/flame3/Fire/RGB/Corrected FOV/00053.JPG,86687820c7ee9d2b19881d8fb8725af0dab6cbfbe4d9b24c484be77603ca2354,data/flame3/Fire/Thermal/Raw JPG/00053.JPG,c246cea60f234558b1b5193afe58791ec214c8e32797d507655acf00db74aed7,data/flame3/Fire/Thermal/Celsius TIFF/00053.TIFF,e7d2403aa2e5c7c7f833793bc8d6adedf67b5c32ea52261e282fd62a77d377d4,project_support/artifacts/flame3_manual_smoke_v2/machine_labels/labels/masks/train/fire/00053.png,90733c3d5801a895053b9d390d2d9005980bbbc77ca8a07ead08f0823f77c9e2,project_support/artifacts/flame3_manual_smoke_v2/machine_labels/labels/boundary_maps/train/fire/00053.png,ea9584ab0209a5bebb5d0d8eb6bd6c151400384e2032873733e21684da661ea1
train,fire/00054,Fire,00054,0,machine_partial,diagnostic_only_not_model_input,data/flame3/Fire/RGB/Corrected FOV/00054.JPG,49e474025a6831ee4bea1c53b39912ade567d05cd601db96ec663dd259e1261e,data/flame3/Fire/Thermal/Raw JPG/00054.JPG,0745e17382fe26fbd376bec4a82a95fce9611378a733682de0c64cb24f063b25,data/flame3/Fire/Thermal/Celsius TIFF/00054.TIFF,ed52428b30946e64dc1c6cff2ad302b11092e1e82cfee5687b7fb5535da88e0d,project_support/artifacts/flame3_manual_smoke_v2/machine_labels/labels/masks/train/fire/00054.png,e58c532fae0692f70276d20f6f4fc8ecd35db70dbc24b5ca9ee7de6a096f83a7,project_support/artifacts/flame3_manual_smoke_v2/machine_labels/labels/boundary_maps/train/fire/00054.png,766724d2e0c089614b70dba3669a6020c58f0e317431be12496197835110ea20
train,fire/00056,Fire,00056,1,manual_dense,diagnostic_only_not_model_input,data/flame3/Fire/RGB/Corrected FOV/00056.JPG,45311268f0c8484596b94840acf06e6f98866eca383432e6fe0fcd68557eb383,data/flame3/Fire/Thermal/Raw JPG/00056.JPG,57a61772b0ee267d4ed4a595be2ca2f2950b4a3bb563d9f1e73e927be3e7bc60,data/flame3/Fire/Thermal/Celsius TIFF/00056.TIFF,0aa325e459cc7bd8d8a3d3f1c4cafb71b9512899d807a62924a9b679c086205e,project_support/data/flame3_manual_smoke_v2_annotation/completed_masks/A088.png,e901c9304a2ec92d218e73d689f21221ee4f8b0018a2c54731b1e66d09087de1,project_support/artifacts/flame3_manual_smoke_v2/machine_labels/labels/boundary_maps/train/fire/00056.png,2c679995dcc40e8f56adb653f04a9b93a6e4608fa15c4350bcfb53596d1a2129
train,fire/00058,Fire,00058,0,machine_partial,diagnostic_only_not_model_input,data/flame3/Fire/RGB/Corrected FOV/00058.JPG,0d73ad331d11a1e667aa86ed6eddf67a02f03a032f57193a1029a2d9761dba69,data/flame3/Fire/Thermal/Raw JPG/00058.JPG,f0c20325b79f2c140d2a61fa0026ffe744cde32f5ffc2d34a8cd8f3719e768e5,data/flame3/Fire/Thermal/Celsius TIFF/00058.TIFF,713cc6b70f66449f2d0cbd42516bbd21839e1df5d17892a60431d2b28a457d11,project_support/artifacts/flame3_manual_smoke_v2/machine_labels/labels/masks/train/fire/00058.png,26745aa5f29d311a6b3a7828e22701b7617dadfd400100b8c7f75cea87f92e24,project_support/artifacts/flame3_manual_smoke_v2/machine_labels/labels/boundary_maps/train/fire/00058.png,23426ed57a48cf1ac800c511e88db3b66187261fc26c24b8d5077d0289c9f4ba
train,fire/00059,Fire,00059,0,machine_partial,diagnostic_only_not_model_input,data/flame3/Fire/RGB/Corrected FOV/00059.JPG,ffd0a903b42e8f3ca7212eb22ffed484653843a465a048f5452db512873287e0,data/flame3/Fire/Thermal/Raw JPG/00059.JPG,e21df62ef1155777c8a2f750b18dc9a7fc96e4eeafa0c35e5be51f3a01f397bd,data/flame3/Fire/Thermal/Celsius TIFF/00059.TIFF,7551e632821bde87bad88c9ee3bad7e72a9358f209053915b97c259e386df4ee,project_support/artifacts/flame3_manual_smoke_v2/machine_labels/labels/masks/train/fire/00059.png,a000a43668b26c83ab5bd310826642e7794e37a2fd25f4c000b1745dd00ddad0,project_support/artifacts/flame3_manual_smoke_v2/machine_labels/labels/boundary_maps/train/fire/00059.png,d3287aff73919dc83d11fdb143ff700507f82ab6236dc3b4dcb15037dd5bfb95
train,fire/00061,Fire,00061,0,machine_partial,diagnostic_only_not_model_input,data/flame3/Fire/RGB/Corrected FOV/00061.JPG,ce075b17e856108ef410f774599bd89df5732cf272a18fb4d7c51aad11144433,data/flame3/Fire/Thermal/Raw JPG/00061.JPG,3d6c49e9d84b8f13c826ca245e94d2078f2177a361b0e66ea3c8a5c327a6a804,data/flame3/Fire/Thermal/Celsius TIFF/00061.TIFF,9738f8966006187bbc34db7505344021c4895d964d904cfc7dfc1bcbe18d59f4,project_support/artifacts/flame3_manual_smoke_v2/machine_labels/labels/masks/train/fire/00061.png,8fb4f6e7002f95a2ee7530d15cd43b7f37be6ab243d5e53361466a05c31a381b,project_support/artifacts/flame3_manual_smoke_v2/machine_labels/labels/boundary_maps/train/fire/00061.png,c98262c0834ec498687e3d1daf9fa013aaeff9c030e3eb1ef42aa82c09a8b74a
train,fire/00062,Fire,00062,0,machine_partial,diagnostic_only_not_model_input,data/flame3/Fire/RGB/Corrected FOV/00062.JPG,a221119c235b3f8c4370ca393232884a0d845805994bb337cafb784f81c48f4c,data/flame3/Fire/Thermal/Raw JPG/00062.JPG,1398445edee0c3d2a02fbb989ce677a06230dbb9187de761b6e32a977e768eb9,data/flame3/Fire/Thermal/Celsius TIFF/00062.TIFF,c2b7a9b2331ccd0ca6277e5a8cb830a2439a251ec31b9b6693bc0e110412e8f2,project_support/artifacts/flame3_manual_smoke_v2/machine_labels/labels/masks/train/fire/00062.png,6b4d1bc4a5b92fe05d3d1490b4125819d34371835381ecc571528838a62ac37d,project_support/artifacts/flame3_manual_smoke_v2/machine_labels/labels/boundary_maps/train/fire/00062.png,689cb6b37263a3b192c18bfe49a13bd8c2d27d9acde20c542433051e195036b0
train,fire/00064,Fire,00064,0,machine_partial,diagnostic_only_not_model_input,data/flame3/Fire/RGB/Corrected FOV/00064.JPG,6808be032b7d7a02404443eca14f244f7841ebcf120cf1b3d56256acc5a5b818,data/flame3/Fire/Thermal/Raw JPG/00064.JPG,1c92a93c611c7b59a44d33e25230cdb58bbe6246911ca8e88f06c00e1de550e5,data/flame3/Fire/Thermal/Celsius TIFF/00064.TIFF,c6167560b7c042a60d41b8ca4d2d6a9240398806196ce0cab2e34e0c4adf8ec1,project_support/artifacts/flame3_manual_smoke_v2/machine_labels/labels/masks/train/fire/00064.png,b8cd9018ddcfb7c506a88ac55994096d0f444cafebedc091edb81e83d7267a77,project_support/artifacts/flame3_manual_smoke_v2/machine_labels/labels/boundary_maps/train/fire/00064.png,26f52d29fc58b3b1f78d3ff199130c0df0e4534de6f8a2d235abad13c4468954
train,fire/00067,Fire,00067,0,machine_partial,diagnostic_only_not_model_input,data/flame3/Fire/RGB/Corrected FOV/00067.JPG,e5a912b7ede110697b2ad09b2b714f101f6fb69d8408a445a6957aef5591a523,data/flame3/Fire/Thermal/Raw JPG/00067.JPG,4e58bac7fed4ca2b8ea66113285e8b323e75c1268a5cbe27b18a30c16d6826d0,data/flame3/Fire/Thermal/Celsius TIFF/00067.TIFF,ed797a9b6f4a8ac3a199c4a3bf9baf3a4f9e13aa8efc71df8fb9bfaf89013061,project_support/artifacts/flame3_manual_smoke_v2/machine_labels/labels/masks/train/fire/00067.png,197c4e5dbf28fa198049a9d66eb3044c11832deef3c3867003b0988e7bfa1acf,project_support/artifacts/flame3_manual_smoke_v2/machine_labels/labels/boundary_maps/train/fire/00067.png,3704839716e7a9ef650326f4cf546b76bd9df20b008586de7990cf5820ce9f49
train,fire/00068,Fire,00068,0,machine_partial,diagnostic_only_not_model_input,data/flame3/Fire/RGB/Corrected FOV/00068.JPG,b4c50151d293b0aafcda0a424bb400f65c6a0f3752aa4be1d112c7bea418529b,data/flame3/Fire/Thermal/Raw JPG/00068.JPG,8fdacf4f1e2bb13dd2e731498959ceae664ce39c29b56df1e70eb84181292eb1,data/flame3/Fire/Thermal/Celsius TIFF/00068.TIFF,56ac220e253f5da707378d413a0cbe24c654e2298f6b59df074e634970d371da,project_support/artifacts/flame3_manual_smoke_v2/machine_labels/labels/masks/train/fire/00068.png,46d03014214a1bd020d666d6d6ce52d00b81d3b32067cb3f62158fae46b3af28,project_support/artifacts/flame3_manual_smoke_v2/machine_labels/labels/boundary_maps/train/fire/00068.png,59305ab5c664676a05ceba0db722b79cb382ad68d83883b0369c6582c457d4c3
train,fire/00069,Fire,00069,1,manual_dense,diagnostic_only_not_model_input,data/flame3/Fire/RGB/Corrected FOV/00069.JPG,24f8b05e7a63c7fce3a7e26666650eba73e6716babf45517ea4e1857a3ea9d4d,data/flame3/Fire/Thermal/Raw JPG/00069.JPG,7cf910d490e768fd5bf3aa95856213c33f750c3a388633b011bddf38e8c92bed,data/flame3/Fire/Thermal/Celsius TIFF/00069.TIFF,8ed2c97d30f6ec4dbd857da63b888c9b822858b7ee52969884721252aeec8d1e,project_support/data/flame3_manual_smoke_v2_annotation/completed_masks/A131.png,9bced8ec36b212ac505682de2ebc66c011237112dcc73d194465bb0b27a655d0,project_support/artifacts/flame3_manual_smoke_v2/machine_labels/labels/boundary_maps/train/fire/00069.png,dd388006177d8a494698a6d710f6996ebc7a3cc441d87658a925fcc2be52bc1e
train,fire/00070,Fire,00070,1,manual_dense,diagnostic_only_not_model_input,data/flame3/Fire/RGB/Corrected FOV/00070.JPG,7178d17408870a71459833ff98ff045883412a43d52d87ceafb1437de2016c0e,data/flame3/Fire/Thermal/Raw JPG/00070.JPG,0643b996fbc34e769f589626f0c0399d2fef0d5fe252d9d69520cb95364f9cfb,data/flame3/Fire/Thermal/Celsius TIFF/00070.TIFF,0c2b1fa725616d058b01fa754ebfc004e034fd8f316b4f5de7f9c86702d3a120,project_support/data/flame3_manual_smoke_v2_annotation/completed_masks/A050.png,5a1f7779aed682f871b35eca8a705e9e06994dd6bf5a25fb73b9547c29b6a53b,project_support/artifacts/flame3_manual_smoke_v2/machine_labels/labels/boundary_maps/train/fire/00070.png,8c90a2e9923f10e753290ebe90b588ccfcc80022c81de30dc9f6b9d446c0ff1c
train,fire/00071,Fire,00071,0,machine_partial,diagnostic_only_not_model_input,data/flame3/Fire/RGB/Corrected FOV/00071.JPG,002e8484a508b3a79c96e57d75ed9cb5ffe8d684abf5646f051836be40f60c5a,data/flame3/Fire/Thermal/Raw JPG/00071.JPG,348020b3106542d9a07b7ca02e26c37a8fcdbb9af4bd5784abeab50343a3ae2e,data/flame3/Fire/Thermal/Celsius TIFF/00071.TIFF,999bfe14ed32c500a3ebf80da5dd435f90a9e9ef386cdf7badbecbbe72d07e9a,project_support/artifacts/flame3_manual_smoke_v2/machine_labels/labels/masks/train/fire/00071.png,8779461c49693f76955bad9df2e95ce072b8d7b7f8c11c3800f9b14c00849cff,project_support/artifacts/flame3_manual_smoke_v2/machine_labels/labels/boundary_maps/train/fire/00071.png,31f92c67d4a0e9eedf47d4763012f7af73ee2972613ec3b86ba66de32986ec8b
train,fire/00072,Fire,00072,0,machine_partial,diagnostic_only_not_model_input,data/flame3/Fire/RGB/Corrected FOV/00072.JPG,7ed93f8c040b8b1781d53097520d16b79ccf26725a4faf2f6482ddeb50113602,data/flame3/Fire/Thermal/Raw JPG/00072.JPG,c2b90b29877d40bcf382e0bb868bf72f224a66e16716535a5c91bc9e151ea268,data/flame3/Fire/Thermal/Celsius TIFF/00072.TIFF,2ddfdde601dee0d402a1aa6b7ceccc462c6d6a9de28b191b618537a81f394b25,project_support/artifacts/flame3_manual_smoke_v2/machine_labels/labels/masks/train/fire/00072.png,3d76af577b0bf4f33d9335a4502f805a15e4b85b115a157443be7f1e70aa8365,project_support/artifacts/flame3_manual_smoke_v2/machine_labels/labels/boundary_maps/train/fire/00072.png,9a1bda700930add71dd0394d115ec8a831f7ba31a467706d6064aafb4161ea88
train,fire/00073,Fire,00073,0,machine_partial,diagnostic_only_not_model_input,data/flame3/Fire/RGB/Corrected FOV/00073.JPG,bc2da710e04e288c5d8322fb677df1fdffc3d6a11da3034acfc472d6d12f1cdd,data/flame3/Fire/Thermal/Raw JPG/00073.JPG,6b4609594e817b08ad6283e2386ffae88085198e2f99b3f3a1e5b050375c8e50,data/flame3/Fire/Thermal/Celsius TIFF/00073.TIFF,ce42494d1bdd3f40bbcc7294403085197bce75787681b13cc1b88cc61f4abcbd,project_support/artifacts/flame3_manual_smoke_v2/machine_labels/labels/masks/train/fire/00073.png,d897ea8138b0c95d2675de9c565a526758bf4ea4250ec45752e8721a6f851e55,project_support/artifacts/flame3_manual_smoke_v2/machine_labels/labels/boundary_maps/train/fire/00073.png,32df28a31ff2c97283a96345ccead0eb101df6af5b2fc2c1c561723135bcc30c
train,fire/00074,Fire,00074,1,manual_dense,diagnostic_only_not_model_input,data/flame3/Fire/RGB/Corrected FOV/00074.JPG,8df6498f1932def07fd9ae73ac94c24446881c224b9dc8f73d84ea8ebedeedb1,data/flame3/Fire/Thermal/Raw JPG/00074.JPG,ee7e8e113465670a90d6334c45f93d5fb89d9883656d49201834e02606458de3,data/flame3/Fire/Thermal/Celsius TIFF/00074.TIFF,cc9d82634ceff91a9ee661cda00133c03ed3374d6d306acd6be5c1f240ab9b85,project_support/data/flame3_manual_smoke_v2_annotation/completed_masks/A086.png,090f33791448f98d5a01280506b3ec97ec132b472d1115dcf6e0f39c34947bfe,project_support/artifacts/flame3_manual_smoke_v2/machine_labels/labels/boundary_maps/train/fire/00074.png,abf49170c38114650d5079da3bd5e748e6a4ddeb7a1d1001c4301058f9600b90
train,fire/00078,Fire,00078,1,manual_dense,diagnostic_only_not_model_input,data/flame3/Fire/RGB/Corrected FOV/00078.JPG,74ce225ae438eea338757552384f93e51fa70901bd43bee046a02d70527293bd,data/flame3/Fire/Thermal/Raw JPG/00078.JPG,a3155e748d4f7ef2051d74134b0e063ed98b8b89d9051297c1ca03a1cc64eed0,data/flame3/Fire/Thermal/Celsius TIFF/00078.TIFF,52840f202f8f1a7bc8ec2aec5edeaa51838553f869b891a9686a866e98b823e5,project_support/data/flame3_manual_smoke_v2_annotation/completed_masks/A085.png,2f6587ac0dbf23af03fcd7fb1db9074f54fcc5e84023d449d0822070977d2221,project_support/artifacts/flame3_manual_smoke_v2/machine_labels/labels/boundary_maps/train/fire/00078.png,46f4ee8245e2f68d8470c8611940b9c65181ecf6803d1984699161a057abce77
train,fire/00079,Fire,00079,1,manual_dense,diagnostic_only_not_model_input,data/flame3/Fire/RGB/Corrected FOV/00079.JPG,4e723548da1d159cfbff0363efcd2954f6b075c241c40b00f20bb068fad1dce1,data/flame3/Fire/Thermal/Raw JPG/00079.JPG,2f27958f7c65a404c9e462ad72ce2adee3bbcd864b4eb0df7bc3ac6352a01d89,data/flame3/Fire/Thermal/Celsius TIFF/00079.TIFF,1cb4562d694b3fb0fe64aa6b5a45b95891f6f027f8b835df468c613552ecebe8,project_support/data/flame3_manual_smoke_v2_annotation/completed_masks/A096.png,b7dfbfb2b40f5e475cdc73caa6c046f63703c12b6bfb5dc6b13820ec2ec652db,project_support/artifacts/flame3_manual_smoke_v2/machine_labels/labels/boundary_maps/train/fire/00079.png,92bf7fa140d5842d7e206afcebb602d299b298b0c481a92bc70ad921e9d55dc8
train,fire/00080,Fire,00080,0,machine_partial,diagnostic_only_not_model_input,data/flame3/Fire/RGB/Corrected FOV/00080.JPG,2a51793d8d18599a2451e88fcb3899a071d07b60771e7c34893a2238002a07eb,data/flame3/Fire/Thermal/Raw JPG/00080.JPG,8bbeba40fb62d251005e563db0588556b4c104a6c89c4a9635353aa45dcafd82,data/flame3/Fire/Thermal/Celsius TIFF/00080.TIFF,5b2582dc7ae87525f189f7e84a360f69c5bef37137e595fbb3b120fa708c70c1,project_support/artifacts/flame3_manual_smoke_v2/machine_labels/labels/masks/train/fire/00080.png,516425bbeeb2e899b98e77994604b3d2b28c0f5e69d6c5960b42ba3458bf7144,project_support/artifacts/flame3_manual_smoke_v2/machine_labels/labels/boundary_maps/train/fire/00080.png,9e92b469c18c1db9d8f26163014e0b888d3e4d37af5830c8bff8317d58e96497
train,fire/00083,Fire,00083,0,machine_partial,diagnostic_only_not_model_input,data/flame3/Fire/RGB/Corrected FOV/00083.JPG,248a769a05fc2f96d0aba8a58d1faaeef4e0cdb704cccfcbcaf2f1a399af8b72,data/flame3/Fire/Thermal/Raw JPG/00083.JPG,2fa7f1a8292d3b32b7e2e71d6a3a26db0fa29d98134b3397603854f02f8edac9,data/flame3/Fire/Thermal/Celsius TIFF/00083.TIFF,f575194dc62096d46b9856723c23e28d48d2fcd399d7c532e1865a46ec61dd98,project_support/artifacts/flame3_manual_smoke_v2/machine_labels/labels/masks/train/fire/00083.png,67d1b77c9032c8ab3abeb13eb3b3ca45bec434ddb90c74b84178085f9702154f,project_support/artifacts/flame3_manual_smoke_v2/machine_labels/labels/boundary_maps/train/fire/00083.png,e29dfd82ba48171c8ff13858fb20556f4906375b466d585cbbcf7d58ffcf1974
train,fire/00084,Fire,00084,0,machine_partial,diagnostic_only_not_model_input,data/flame3/Fire/RGB/Corrected FOV/00084.JPG,47320a11f4d672c0536f0ecccb12d53b1e1ee6994062202be144866ea43852bf,data/flame3/Fire/Thermal/Raw JPG/00084.JPG,bf058aeb235ef1112c0d8dc09bcf2e30cd1a236976f4a456d2904bbba7cfb271,data/flame3/Fire/Thermal/Celsius TIFF/00084.TIFF,ea783827d3c2285cf1667fa0932f2459bfcb3ff73b44c52fb8a650b27a8dad51,project_support/artifacts/flame3_manual_smoke_v2/machine_labels/labels/masks/train/fire/00084.png,cb001c81f3d6a01f9f17351f6353fae97dc05df33b029f0c482b4134a6ccc8ee,project_support/artifacts/flame3_manual_smoke_v2/machine_labels/labels/boundary_maps/train/fire/00084.png,aa5189853daed528d4ebb824e562d6295adfab07d5a63ee04c320ab2b069b14a
train,fire/00087,Fire,00087,0,machine_partial,diagnostic_only_not_model_input,data/flame3/Fire/RGB/Corrected FOV/00087.JPG,552960684148218a88757363977b8226b495666645d7ade46c425072fb941c63,data/flame3/Fire/Thermal/Raw JPG/00087.JPG,8027c71c5b2cae4ad8163b7c69f2eb8008f9069961cbfb914ff96b380843ed22,data/flame3/Fire/Thermal/Celsius TIFF/00087.TIFF,19cdf3eb5da16306a4951c4f1e36b24917514dba7bce73994c57d1121b412d86,project_support/artifacts/flame3_manual_smoke_v2/machine_labels/labels/masks/train/fire/00087.png,5261a0c8f1c479a4858f405f9836ccb602ff97966cec84ae43c8c6dacaae184b,project_support/artifacts/flame3_manual_smoke_v2/machine_labels/labels/boundary_maps/train/fire/00087.png,25c93b3e111344a1d81ea3e31647970ebc0c2eeca17c816df1fc55432f079ed7
train,fire/00090,Fire,00090,1,manual_dense,diagnostic_only_not_model_input,data/flame3/Fire/RGB/Corrected FOV/00090.JPG,cb57499b0fc9757e81fd1fac9304c188ed786dd89f5b1505ef381705d88339db,data/flame3/Fire/Thermal/Raw JPG/00090.JPG,bf557ddec09dd495b0656d091fe86ea61b401c4cd51af313d083d0318997620e,data/flame3/Fire/Thermal/Celsius TIFF/00090.TIFF,e1f7a59a50fa6f04d7f139e96595c86f81c7789f1758aafba14579748eafdbc6,project_support/data/flame3_manual_smoke_v2_annotation/completed_masks/A113.png,159141b893fc95e17c3603fe01d118d7caf5af45893bc1a4bd080f2a73a7e418,project_support/artifacts/flame3_manual_smoke_v2/machine_labels/labels/boundary_maps/train/fire/00090.png,1ef2997bae7f258d0ebb819d6f9a645df15805a5602004382454fb178860d984
train,fire/00091,Fire,00091,1,manual_dense,diagnostic_only_not_model_input,data/flame3/Fire/RGB/Corrected FOV/00091.JPG,241a0453a01d9fa5e8beb76c314872bfe688e3ca17fe0d16af95f29cc6a42b7d,data/flame3/Fire/Thermal/Raw JPG/00091.JPG,49dfef2dc38e550acb420b4916240c28bb6c71d4368b140f940b388750323b3e,data/flame3/Fire/Thermal/Celsius TIFF/00091.TIFF,e40b6211247d67937d6b8435831a18e2fadf2140d12c5a8c162cb42acf3374ee,project_support/data/flame3_manual_smoke_v2_annotation/completed_masks/A051.png,c534696d6dca3398825d0eaa7458914c84b7c36fdb15736ede47a2345807d1be,project_support/artifacts/flame3_manual_smoke_v2/machine_labels/labels/boundary_maps/train/fire/00091.png,f9ebe5dfa4b8a547d1c7b30cda375d3fbf91ad9e27c94115cc944afb69678b33
train,fire/00092,Fire,00092,0,machine_partial,diagnostic_only_not_model_input,data/flame3/Fire/RGB/Corrected FOV/00092.JPG,c01b521469fd910b823dadbcea0c7400decdcd4237a6afa0bf1b44f7ad739590,data/flame3/Fire/Thermal/Raw JPG/00092.JPG,059d1577387cf3963ee63b30e85b3f6383424a4310c9330addc0fc4a4bbf5af2,data/flame3/Fire/Thermal/Celsius TIFF/00092.TIFF,75fbe0309b8eb43502ac76ae872d2b5d9b38f9dc3b375dc68351634155b8c953,project_support/artifacts/flame3_manual_smoke_v2/machine_labels/labels/masks/train/fire/00092.png,329748bdc0353d9d76efae1fad55938b21c5234f8a32d6c21b0a57cd6f3403f9,project_support/artifacts/flame3_manual_smoke_v2/machine_labels/labels/boundary_maps/train/fire/00092.png,5c30d95ca2c84abfce2112de32e1ad6d00a8089cf172ec9e92ac64661f45e894
train,fire/00093,Fire,00093,0,machine_partial,diagnostic_only_not_model_input,data/flame3/Fire/RGB/Corrected FOV/00093.JPG,41bc93ab4dcf7af3559306e42cafbfed15fb2efc6b13827409f28a66abafa222,data/flame3/Fire/Thermal/Raw JPG/00093.JPG,5cbdcf3558309760537638cba27cbcf3c0f512c9eb031aed8229d36f08bca2a4,data/flame3/Fire/Thermal/Celsius TIFF/00093.TIFF,137b5bf494a56377d89a65c0051376fb9e46ecbf188882c459f88df79a864b70,project_support/artifacts/flame3_manual_smoke_v2/machine_labels/labels/masks/train/fire/00093.png,48768ecb15e45c5ff61dc9d305119a9b38ee280e54ba3404d1d7506d5a18807f,project_support/artifacts/flame3_manual_smoke_v2/machine_labels/labels/boundary_maps/train/fire/00093.png,f79c6feeb7a7b8f5eb68754b0ac63f955ada6b87ea50c10ccf6edf27fe9e9f07
train,fire/00095,Fire,00095,0,machine_partial,diagnostic_only_not_model_input,data/flame3/Fire/RGB/Corrected FOV/00095.JPG,2adc6101092d2a8cc360c971c240deea8b31c0da4323a46f1e735aa841df5213,data/flame3/Fire/Thermal/Raw JPG/00095.JPG,dc4fd53bad7a149505ab5bcaf80ae0337aa228f595b9f5435f41590afa900225,data/flame3/Fire/Thermal/Celsius TIFF/00095.TIFF,55f19526c72011fe614f8ce3132ef3b90cadc3f162a7fadd651853dd1a9d6d7d,project_support/artifacts/flame3_manual_smoke_v2/machine_labels/labels/masks/train/fire/00095.png,1a548c8abd77fdc2f14cc3ed4f6af0ab02ea4a74deb67460a2cbbc768558ce43,project_support/artifacts/flame3_manual_smoke_v2/machine_labels/labels/boundary_maps/train/fire/00095.png,5bd759b4bd6bd151a0635e948f132452016e56f5ae07eedc58086a499a86d3c6
train,fire/00096,Fire,00096,0,machine_partial,diagnostic_only_not_model_input,data/flame3/Fire/RGB/Corrected FOV/00096.JPG,9d90231acde4b3d1c3db0ae3458609c4157c5714427104ff3f51c6ac2587e6dc,data/flame3/Fire/Thermal/Raw JPG/00096.JPG,45504d2e095b56f5e6a646b4e24f0f9a9d9e5677a6411dd0ef3848e01fd89c08,data/flame3/Fire/Thermal/Celsius TIFF/00096.TIFF,f8a93f2323f2c4aa9efe3d473f89d139372a6aa54656cf7528be22fa5a9b1146,project_support/artifacts/flame3_manual_smoke_v2/machine_labels/labels/masks/train/fire/00096.png,daa8083a720ca336a892649a8af3b2b36661309b71d7413d01abb0785ce49a4d,project_support/artifacts/flame3_manual_smoke_v2/machine_labels/labels/boundary_maps/train/fire/00096.png,0a04cef471fcd09a2c47d08b14f87a6e9328c40ade3bb3839fd5815c1e9dc6e6
train,fire/00097,Fire,00097,1,manual_dense,diagnostic_only_not_model_input,data/flame3/Fire/RGB/Corrected FOV/00097.JPG,05be640308b41cb49c3354fbbb04e07bbf9a47e05c2993e93c08d41df15d3b7e,data/flame3/Fire/Thermal/Raw JPG/00097.JPG,2f70400fb239d8f08871837907735d99b7173eff5515136ae36038d11244dbdb,data/flame3/Fire/Thermal/Celsius TIFF/00097.TIFF,9b7341a4779f1719eeba3bbcf4f0a5eaa6ff55b4aa39ec9a01f23f3378e1142d,project_support/data/flame3_manual_smoke_v2_annotation/completed_masks/A110.png,2811399ba660f562ccfb9366319279c97306877ea0fe7b823a996cd93b6b2959,project_support/artifacts/flame3_manual_smoke_v2/machine_labels/labels/boundary_maps/train/fire/00097.png,00d37551a6a2e4d8b88395fe68f9036e584923ea1c233657bf63b2886ae47227
train,fire/00099,Fire,00099,0,machine_partial,diagnostic_only_not_model_input,data/flame3/Fire/RGB/Corrected FOV/00099.JPG,5d76131829c7a00df696123b96e93dcb32894bc6190548ebc373932ab3a7addd,data/flame3/Fire/Thermal/Raw JPG/00099.JPG,0245f496c1e38542417f8a0ebda043613729fd0ee27acf6e821fb45dfd914235,data/flame3/Fire/Thermal/Celsius TIFF/00099.TIFF,30797ef111a3fe154e3ed9bf7f5b768daa07f75e6fb1896a96616769775f28eb,project_support/artifacts/flame3_manual_smoke_v2/machine_labels/labels/masks/train/fire/00099.png,f4b6e8d37bdf8a6cbd72d61d9ac29fd3878dae41d73d7df6c8a49893425d25ca,project_support/artifacts/flame3_manual_smoke_v2/machine_labels/labels/boundary_maps/train/fire/00099.png,b56c9ad9f43cfa48a2bd58230b3c6ee5942cf100f97dee356872682df5c6973d
train,fire/00100,Fire,00100,0,machine_partial,diagnostic_only_not_model_input,data/flame3/Fire/RGB/Corrected FOV/00100.JPG,9ba921b3c4b0f5aed13ef76f823d62b57fecd54e18b271dddd0e0204c1522cac,data/flame3/Fire/Thermal/Raw JPG/00100.JPG,26afcc8d0a44e808c111d91bf8ddd96886da293d3e4237c062339dac1bdd18dc,data/flame3/Fire/Thermal/Celsius TIFF/00100.TIFF,020c5c97e637aeeebf1a99cff019d4828fb00530a40dc4dfb1970648d6c2aa7a,project_support/artifacts/flame3_manual_smoke_v2/machine_labels/labels/masks/train/fire/00100.png,3b787106e28850cf76379090c4a5fb68779dbf057412941630c7ca04104e574e,project_support/artifacts/flame3_manual_smoke_v2/machine_labels/labels/boundary_maps/train/fire/00100.png,39a1b357473bfdbb50eb485fe8ba26171cf44dab9b96c06530388296afd04756
train,fire/00101,Fire,00101,1,manual_dense,diagnostic_only_not_model_input,data/flame3/Fire/RGB/Corrected FOV/00101.JPG,5ddb0834e6caaff6b21339b54a52f0fbf8607553d57d51e4abfaa7cc116e8e86,data/flame3/Fire/Thermal/Raw JPG/00101.JPG,b51fd27d656964e7014d4bde579dcd99f1be2508e5b665279e7bea0302278810,data/flame3/Fire/Thermal/Celsius TIFF/00101.TIFF,750abc5df6baf661d0b48d62a126b276d3706d37e5325f20db14e545ba487f24,project_support/data/flame3_manual_smoke_v2_annotation/completed_masks/A098.png,88fb851791f4c6c852dd54f702f560d6f97c3d3a335b6f14448d95bead82ef1e,project_support/artifacts/flame3_manual_smoke_v2/machine_labels/labels/boundary_maps/train/fire/00101.png,0d1f00512ce46f5d5f8cb52913fb34255feace85a3044ab9c0dd04277a8a397e
train,fire/00102,Fire,00102,0,machine_partial,diagnostic_only_not_model_input,data/flame3/Fire/RGB/Corrected FOV/00102.JPG,b4db5961c90b13fd1f67c1484b9044a117a6bba76a4a6da7a4e504dbb27932e1,data/flame3/Fire/Thermal/Raw JPG/00102.JPG,a09c3b0e012ee44be8a4fa54cad33c77e569ff20e3f7f2f78c3603ca01abbc39,data/flame3/Fire/Thermal/Celsius TIFF/00102.TIFF,80dc2013b2cc5cb4c1953b6a148bad6d132b065c3b2c760b5049e9b629ddfddd,project_support/artifacts/flame3_manual_smoke_v2/machine_labels/labels/masks/train/fire/00102.png,a54c9e28e1a9d6121bcf21cbc31ce7033149579d97f61e2b5d896eae800a4131,project_support/artifacts/flame3_manual_smoke_v2/machine_labels/labels/boundary_maps/train/fire/00102.png,7355c5d218357ff5399dab3237e0b1b6c26663c2e9385bbf8b12397086e8c72d
train,fire/00104,Fire,00104,0,machine_partial,diagnostic_only_not_model_input,data/flame3/Fire/RGB/Corrected FOV/00104.JPG,fc052fdc6693e7120020555ccf97e04a0c56885e0b97137078bc3f29398b90bd,data/flame3/Fire/Thermal/Raw JPG/00104.JPG,4f346bb1f2cca420348144438eee370926b76bc2d3a0e02109d48675a5e24706,data/flame3/Fire/Thermal/Celsius TIFF/00104.TIFF,3c16558f800bd9b64115df019b7f6ba8095cd356c62532cdf7b8181ede862874,project_support/artifacts/flame3_manual_smoke_v2/machine_labels/labels/masks/train/fire/00104.png,ad49857ce81f4f4b3870101888111048a4dcf66aee754b0b7d5ba26d95aad7f4,project_support/artifacts/flame3_manual_smoke_v2/machine_labels/labels/boundary_maps/train/fire/00104.png,a9e0f8b83860acb1252d48d978f874e42938a6e45f4b14c6bcd98555d06026c6
train,fire/00106,Fire,00106,0,machine_partial,diagnostic_only_not_model_input,data/flame3/Fire/RGB/Corrected FOV/00106.JPG,f8f5c159dc59b57eea779e4de8d499807dbc17093a0d527d0ec9a6e531b1e1b0,data/flame3/Fire/Thermal/Raw JPG/00106.JPG,9210fd3da453eb5085b2cd0ff1a89f8389e75b5b04c7476cddc713b42911aa31,data/flame3/Fire/Thermal/Celsius TIFF/00106.TIFF,2547efcd7804d0045c79d304911ec556a50f5a6fde689662fe9c16abb7595f5a,project_support/artifacts/flame3_manual_smoke_v2/machine_labels/labels/masks/train/fire/00106.png,5b2130eb0106fc4c15201bcd6dd0e48a390ff593c4522f3422f1c11cb5f85626,project_support/artifacts/flame3_manual_smoke_v2/machine_labels/labels/boundary_maps/train/fire/00106.png,2fbd25fefdb397f4b74e69df7e6868b72381a7afdd487445a30275db4f44939d
train,fire/00107,Fire,00107,1,manual_dense,diagnostic_only_not_model_input,data/flame3/Fire/RGB/Corrected FOV/00107.JPG,b1eae1917ddfa82ca00fff9a2e183142bba5ff47a0989d0da48b5109c9db04cf,data/flame3/Fire/Thermal/Raw JPG/00107.JPG,4b2686c826b17a96a2c43c132a7d566100ec5307dba384a55de84aec5565f958,data/flame3/Fire/Thermal/Celsius TIFF/00107.TIFF,ef2c111af26cf20348fc93fc99a0109a0cfed3b11f9b84c5fb6aec2d7dd702fd,project_support/data/flame3_manual_smoke_v2_annotation/completed_masks/A092.png,a4deb925bd8767f0a25570f4b6840120afa6af75bbad03aede275c65208a636c,project_support/artifacts/flame3_manual_smoke_v2/machine_labels/labels/boundary_maps/train/fire/00107.png,1b68041f90438df372de30fe24d0706a12aa276031b367c7d0b42bb0e12d925f
train,fire/00108,Fire,00108,0,machine_partial,diagnostic_only_not_model_input,data/flame3/Fire/RGB/Corrected FOV/00108.JPG,3048c56b7068a1e76eee1b8b0de9bfdfaf3a364d6609bc8a19823b2fb59c7787,data/flame3/Fire/Thermal/Raw JPG/00108.JPG,39751a59f1021b7491fa6ae16dbef0e954e3c2a742a25581b18a32499b0eacdb,data/flame3/Fire/Thermal/Celsius TIFF/00108.TIFF,480e3fc3133e11d159bb9304f6c981f3ba3a8a04598dc9623facc1ea14e6b0df,project_support/artifacts/flame3_manual_smoke_v2/machine_labels/labels/masks/train/fire/00108.png,36ae455b5369ece3ae57acf881b02d73e7b448ce70a7d8990d84c3621a658f0c,project_support/artifacts/flame3_manual_smoke_v2/machine_labels/labels/boundary_maps/train/fire/00108.png,9b815964e489b6e005a53f17e7ced05b32aaf4b17a90224981b35d95651542df
train,fire/00109,Fire,00109,0,machine_partial,diagnostic_only_not_model_input,data/flame3/Fire/RGB/Corrected FOV/00109.JPG,c1e6f138a8d35c10aa683ad76a6244a3f592826d619665d1d6f0a413d11ca9fc,data/flame3/Fire/Thermal/Raw JPG/00109.JPG,45d136a355a92329a4fae11e65236ddd1926b65ddd28baab63cd2ce1c3265bab,data/flame3/Fire/Thermal/Celsius TIFF/00109.TIFF,403c9f966c0bc91153aa5662069518810cad152652d52c5ef2dc0c39f6f74d3b,project_support/artifacts/flame3_manual_smoke_v2/machine_labels/labels/masks/train/fire/00109.png,e768507d5102c609f60d98c43f1b12935eae2fc9e6b44b23ee481ae313c6f356,project_support/artifacts/flame3_manual_smoke_v2/machine_labels/labels/boundary_maps/train/fire/00109.png,b29bcc171ad0cf3d0d3a850d199d11c7d8c9a3d6402d40e69924e126e47383c6
train,fire/00112,Fire,00112,0,machine_partial,diagnostic_only_not_model_input,data/flame3/Fire/RGB/Corrected FOV/00112.JPG,fead40bb038267ceca94b921c85bf9d145ec59d68fb751daef5f0f761fae4bbd,data/flame3/Fire/Thermal/Raw JPG/00112.JPG,4e6c0d4071f7fb610100b122980e43b1814224c91fa0395c5a2978ba52ce71b1,data/flame3/Fire/Thermal/Celsius TIFF/00112.TIFF,151ef0674deccf57de90722ac952b9ca260968c3faafab8aaac52577d4264ffc,project_support/artifacts/flame3_manual_smoke_v2/machine_labels/labels/masks/train/fire/00112.png,60e0428c6545ef054fd9e6661e57107f27ac8144422af37f2579e013c38a7d4f,project_support/artifacts/flame3_manual_smoke_v2/machine_labels/labels/boundary_maps/train/fire/00112.png,ff108f9b7866401ae3ae5d88799449ce2a3d4b3da5b401d22231f07708aab7ed
train,fire/00113,Fire,00113,0,machine_partial,diagnostic_only_not_model_input,data/flame3/Fire/RGB/Corrected FOV/00113.JPG,8aaa8cc69ab972e47d5bf65c0def8711d1ac7ae99eb42983f790085b742c028e,data/flame3/Fire/Thermal/Raw JPG/00113.JPG,5e6d1153c40274fe44fffb28e4aa72bcc0638f44d45d8c7c2ab07736acd2e213,data/flame3/Fire/Thermal/Celsius TIFF/00113.TIFF,e5b25dbbaad21537d61afab47960a57849b500347848c2f2451b1c482d231998,project_support/artifacts/flame3_manual_smoke_v2/machine_labels/labels/masks/train/fire/00113.png,f4daaa5277afa7aa1368d3d6bcdd1a8245cae76dbe5210496a9a39d41f24207b,project_support/artifacts/flame3_manual_smoke_v2/machine_labels/labels/boundary_maps/train/fire/00113.png,f16c632ad28885c443422e945e62a9858eb8c9e6d291445476e47bc4917a5aa1
train,fire/00114,Fire,00114,0,machine_partial,diagnostic_only_not_model_input,data/flame3/Fire/RGB/Corrected FOV/00114.JPG,2aa14f241f9263f80744bec07eae9e8ab24476644321233ae8355e78b2a47ba3,data/flame3/Fire/Thermal/Raw JPG/00114.JPG,9adeb01f609a6515ed071350466b1ecf1d9b4bc2faf1a1f84e5f99332637fe2b,data/flame3/Fire/Thermal/Celsius TIFF/00114.TIFF,5c1b5d380e24439d7cd9fdafac0c474831834df0c28b73d969b59a74cd15988b,project_support/artifacts/flame3_manual_smoke_v2/machine_labels/labels/masks/train/fire/00114.png,360514a44595b1ee5aed00c5e6e7b9113c82f9d60376dd473e806fba91c11421,project_support/artifacts/flame3_manual_smoke_v2/machine_labels/labels/boundary_maps/train/fire/00114.png,a848a8956d7f2ed2745e03c4b3b0e3e651ae05b9bdf9f4bb25141529995fff4f
train,fire/00116,Fire,00116,0,machine_partial,diagnostic_only_not_model_input,data/flame3/Fire/RGB/Corrected FOV/00116.JPG,fb8d1fe3d166181a176c00e3d7b0861d131775e2d71d54f7ab12065edd64cab5,data/flame3/Fire/Thermal/Raw JPG/00116.JPG,828b79e8e1be8089f6894feca88c099a416c4bb736910b265f9be6cf8a500202,data/flame3/Fire/Thermal/Celsius TIFF/00116.TIFF,8b612e4fb9409db527f454ba7d756d19da5e1bcbb00a8eecd180fabd2145c68b,project_support/artifacts/flame3_manual_smoke_v2/machine_labels/labels/masks/train/fire/00116.png,1c71bed3848d429301cd43befc9af9fa40cfa0fba6c7b853ca260183885cde13,project_support/artifacts/flame3_manual_smoke_v2/machine_labels/labels/boundary_maps/train/fire/00116.png,9eb1f14874f0e8d87f1f6ca209d81de23124c79fd0050bdecbb4b90250f17dfa
train,fire/00117,Fire,00117,0,machine_partial,diagnostic_only_not_model_input,data/flame3/Fire/RGB/Corrected FOV/00117.JPG,a7cce4932200cb840de227fabbaed855fd87b53336f8b8f93de6fc40b776579d,data/flame3/Fire/Thermal/Raw JPG/00117.JPG,a336564e47d3752fec095a1cff83eb67d4db5007d109eddd66589ca41cb88daa,data/flame3/Fire/Thermal/Celsius TIFF/00117.TIFF,26b1fa28faf231a7a117aeb979a91a83d320e17bba10552dff53cb182085acfe,project_support/artifacts/flame3_manual_smoke_v2/machine_labels/labels/masks/train/fire/00117.png,a6e9aa694d653e5da4b998704aa292c161f1ffa4e4f5c925b3636326089a6ea7,project_support/artifacts/flame3_manual_smoke_v2/machine_labels/labels/boundary_maps/train/fire/00117.png,e5e3dca938c5954840022af96786ae93d0ee97bb12cc9d4eab34dd9335f14d37
train,fire/00118,Fire,00118,0,machine_partial,diagnostic_only_not_model_input,data/flame3/Fire/RGB/Corrected FOV/00118.JPG,8f0cd59389b31ce91ba5b38cb733a8b8b5a4023632c96dc1852b1765e32296c5,data/flame3/Fire/Thermal/Raw JPG/00118.JPG,33bdd399cfc53388a0f55825088dc5f79bce8ecdc565ef4b582470008d72bc42,data/flame3/Fire/Thermal/Celsius TIFF/00118.TIFF,78a4b25cb505963abee258b120fcb7760802f6aa4e170f4cf2dd549e744d6244,project_support/artifacts/flame3_manual_smoke_v2/machine_labels/labels/masks/train/fire/00118.png,f65ad5d5cbc2922185b531571382a0ee66a3281a93dc3ae1ffc0441fe7e7e2f9,project_support/artifacts/flame3_manual_smoke_v2/machine_labels/labels/boundary_maps/train/fire/00118.png,9a61da34d93a9b862b8d67b841b6357c945c0b5098da855b175d2dc51544127f
train,fire/00119,Fire,00119,0,machine_partial,diagnostic_only_not_model_input,data/flame3/Fire/RGB/Corrected FOV/00119.JPG,0b5d8a32f8fdf6f40600f291129c675599fc3266312281d29759da5b30c913d7,data/flame3/Fire/Thermal/Raw JPG/00119.JPG,278162d44145d58aa1f30fe4d191b3d56781c5f307dc298bfa7ab771621cb2e1,data/flame3/Fire/Thermal/Celsius TIFF/00119.TIFF,0a01eb870dbbef0bb086834c528deac7bfccc0d0bc754e74874c69cc6be329fb,project_support/artifacts/flame3_manual_smoke_v2/machine_labels/labels/masks/train/fire/00119.png,6e3ebd532b84e54c684d9aecbf28f178994e7b199f51a0f1ce6b459b366ad594,project_support/artifacts/flame3_manual_smoke_v2/machine_labels/labels/boundary_maps/train/fire/00119.png,6357ac6700da63b5434def2c35cbfa9aba2e3693eebbf5f2d37292085dff7b6a
train,fire/00121,Fire,00121,0,machine_partial,diagnostic_only_not_model_input,data/flame3/Fire/RGB/Corrected FOV/00121.JPG,87ab633f61a0f7089c33f1e97f04e6de9f9e780df174a3dad2b9c289f7dbaca5,data/flame3/Fire/Thermal/Raw JPG/00121.JPG,10bede9004ddeded434fdafdf97e887bfa25cc7deaa1e69c2036dc2b61d2c7ef,data/flame3/Fire/Thermal/Celsius TIFF/00121.TIFF,a553bfacf4ff7480039580f3b2719676eb5e7fa0d7abc90f949ae5a0784a47d9,project_support/artifacts/flame3_manual_smoke_v2/machine_labels/labels/masks/train/fire/00121.png,c46f8c1b2897f8e847ab00c189224334a4ff353dac27989e508ebe911c5b8c14,project_support/artifacts/flame3_manual_smoke_v2/machine_labels/labels/boundary_maps/train/fire/00121.png,b29b844bfb83a2165010a19d4e11fa412788f1adabe8b965004a3a478b634e0c
train,fire/00122,Fire,00122,1,manual_dense,diagnostic_only_not_model_input,data/flame3/Fire/RGB/Corrected FOV/00122.JPG,dd26614ae6686c8ab0561634e80838d3ec7021f7623345a2e5df8c5d57f788c6,data/flame3/Fire/Thermal/Raw JPG/00122.JPG,37b227b43e9cb898e921804f435a1c0fbe6a34762c609691020deab56d5a5761,data/flame3/Fire/Thermal/Celsius TIFF/00122.TIFF,b9ac3dcc994e7315f16de8581e279d828d697799182466fccea2a9f30a2a5d21,project_support/data/flame3_manual_smoke_v2_annotation/completed_masks/A089.png,2299c3fba2e12d8c5f67e43a10971e7544d0480c3b35c621cfbf26bab03785cb,project_support/artifacts/flame3_manual_smoke_v2/machine_labels/labels/boundary_maps/train/fire/00122.png,bddf5715e08985fb022793e69c8a530a8c96851cb574ee095c9faf4e331bf041
train,fire/00123,Fire,00123,0,machine_partial,diagnostic_only_not_model_input,data/flame3/Fire/RGB/Corrected FOV/00123.JPG,a3ff6c5832b61cc90e72bf7cb477c05bc45bcd67d8c482242872671a9241d97e,data/flame3/Fire/Thermal/Raw JPG/00123.JPG,18c35e6197ae908e3ca7bdf740fc1b98b9d4aa65e09dfd0cdccae6b3f2ca3541,data/flame3/Fire/Thermal/Celsius TIFF/00123.TIFF,1b1c73898d3803e493836ceeee6626ba96409daf4fed7e2109a02d62fcc757b8,project_support/artifacts/flame3_manual_smoke_v2/machine_labels/labels/masks/train/fire/00123.png,3d40681477eff3e6472929774b78b657a4628e0b9523101b9960815c9757666b,project_support/artifacts/flame3_manual_smoke_v2/machine_labels/labels/boundary_maps/train/fire/00123.png,cea616800169db7f6880f6f674f5b00cad898834a066ac53f2d66f95e3fc2b76
train,fire/00124,Fire,00124,0,machine_partial,diagnostic_only_not_model_input,data/flame3/Fire/RGB/Corrected FOV/00124.JPG,b1f48d3631c6fffb2a038a9b8a7cb92f7ae4f1b8b2a1952df9f8cd7dd6b39b12,data/flame3/Fire/Thermal/Raw JPG/00124.JPG,b0cf44c38c32bdf518493bb6df089a7cc21a340277236ff7efdbe33f5afacb84,data/flame3/Fire/Thermal/Celsius TIFF/00124.TIFF,c4f4d53025931df5765a0c265efa6c1d87923b847f4ac9cdf0a6aefa3dbbbff1,project_support/artifacts/flame3_manual_smoke_v2/machine_labels/labels/masks/train/fire/00124.png,056cd966f141ec682b2846761fe573bcf774da403307f653b755bd7a4be8d017,project_support/artifacts/flame3_manual_smoke_v2/machine_labels/labels/boundary_maps/train/fire/00124.png,d7d181fc29d0a7c27bc8724898bc4a4ac6e43b88798353752b223de344cd6d17
train,fire/00125,Fire,00125,0,machine_partial,diagnostic_only_not_model_input,data/flame3/Fire/RGB/Corrected FOV/00125.JPG,51d875ea47a7cfda5b0f4113effa5aba5328632335707a7073c17859a98e5ac7,data/flame3/Fire/Thermal/Raw JPG/00125.JPG,6996238ede45d1788d2f4e8a8c30d983b2956f737d2712b44d0890c866eb3486,data/flame3/Fire/Thermal/Celsius TIFF/00125.TIFF,e42f947f4d2be966e9dd9d95266fd869977b8db8502cabcd1d08e0047aaff9e5,project_support/artifacts/flame3_manual_smoke_v2/machine_labels/labels/masks/train/fire/00125.png,835ea51c99f5ee40940d07a4610c88167dc2f0df44de8944fcca015334021828,project_support/artifacts/flame3_manual_smoke_v2/machine_labels/labels/boundary_maps/train/fire/00125.png,0db19247dc9ba75c4d350c3a6ef532f336f3eab1e30650803c3e98ec7c1f569c
train,fire/00126,Fire,00126,1,manual_dense,diagnostic_only_not_model_input,data/flame3/Fire/RGB/Corrected FOV/00126.JPG,692f2dddc85c011971625f9dd7bf7253ea0f97b84d6756ef88d3598b233f7d22,data/flame3/Fire/Thermal/Raw JPG/00126.JPG,48e2e354c7e76a4d539f4435f80143db6082a460d4b1cae56597c946cc4ad99e,data/flame3/Fire/Thermal/Celsius TIFF/00126.TIFF,e68d9fdfd000f0f3d5b334f0f91eddc7acc0217b20b7cad0b1bfd8fc733da4bb,project_support/data/flame3_manual_smoke_v2_annotation/completed_masks/A129.png,fd43cfcfda447a7c93f4605f8142a9d14745c47709b02523f19ad8f3c065442f,project_support/artifacts/flame3_manual_smoke_v2/machine_labels/labels/boundary_maps/train/fire/00126.png,0a73e5a5a8e81ddcbb84048040e36c864322000a5edc5a5c95985c5c89cd485e
train,fire/00127,Fire,00127,0,machine_partial,diagnostic_only_not_model_input,data/flame3/Fire/RGB/Corrected FOV/00127.JPG,7be78dcbf1708f54cb6227d2461315707b347d20169b5b560ea5e69afd205ee3,data/flame3/Fire/Thermal/Raw JPG/00127.JPG,321bc0465797cab7c84d2a3c106871b5cc94c6b5ff5d98805e9b5b34d662d46d,data/flame3/Fire/Thermal/Celsius TIFF/00127.TIFF,41c4171f62b116ecb0c15041a52b2e8ff58b3cfbfc5be90298d84ff86ff7b305,project_support/artifacts/flame3_manual_smoke_v2/machine_labels/labels/masks/train/fire/00127.png,7526a46a1be60016fcb80b24652e11fc8c22d7b80f947144ca375a875491446e,project_support/artifacts/flame3_manual_smoke_v2/machine_labels/labels/boundary_maps/train/fire/00127.png,7fd3eef8f0f9d2ef51e590d015db6442f5df9632893c2c27752a521466e7c50a
train,fire/00128,Fire,00128,0,machine_partial,diagnostic_only_not_model_input,data/flame3/Fire/RGB/Corrected FOV/00128.JPG,41787600ab9907780315d8ea236af89a895c671df0787e29d42619095c0fcba3,data/flame3/Fire/Thermal/Raw JPG/00128.JPG,7beeaaa04c0af71edaa48270c749ee516417e366e6f926865a18dd1ffa1190f4,data/flame3/Fire/Thermal/Celsius TIFF/00128.TIFF,2570e680f4b82bcd1536ed1841134676c450cbff42b13ff73899f70c0e5ca775,project_support/artifacts/flame3_manual_smoke_v2/machine_labels/labels/masks/train/fire/00128.png,f25f1e3fd00efcf2fddaba305b26a0cf5dd6af722999e804e18f1c2dd040a9cd,project_support/artifacts/flame3_manual_smoke_v2/machine_labels/labels/boundary_maps/train/fire/00128.png,e3598ac4ae282bbbc4ed792a4331ff849810ea6168c412cdf43a122bf4f7531c
train,fire/00130,Fire,00130,0,machine_partial,diagnostic_only_not_model_input,data/flame3/Fire/RGB/Corrected FOV/00130.JPG,cac0789d71692ca22365ddc4cd023b5ad233325cbf38329015f783ff3da9ae1a,data/flame3/Fire/Thermal/Raw JPG/00130.JPG,ce08058e9049b209296c8bc270d5bc7e8e17a917824fa5afcc6884e644dcdb44,data/flame3/Fire/Thermal/Celsius TIFF/00130.TIFF,e9481758675f24f510bc6344d08e5daa8de6c7c7c7b8d2ba26bce4217a36772f,project_support/artifacts/flame3_manual_smoke_v2/machine_labels/labels/masks/train/fire/00130.png,e71836002da69a887707317736d9466bee2d9e1e907b05867a08efc454152e34,project_support/artifacts/flame3_manual_smoke_v2/machine_labels/labels/boundary_maps/train/fire/00130.png,800f94851b981e7ed1ab41b357e5c590eff6e33217f6064de588464a8da6c8d2
train,fire/00132,Fire,00132,0,machine_partial,diagnostic_only_not_model_input,data/flame3/Fire/RGB/Corrected FOV/00132.JPG,aae86226ca6f2447f4124affad662560e55ecad23bf72b789b96c264e36537ae,data/flame3/Fire/Thermal/Raw JPG/00132.JPG,7dcf6b6074972d14b0db6e27f9ce766744d85f989f65a34e74d567d6903a2b27,data/flame3/Fire/Thermal/Celsius TIFF/00132.TIFF,c707e80bd4cfcb96b114cb07755ff5743d2e5897e44a41b22f7d4fe079a53bcc,project_support/artifacts/flame3_manual_smoke_v2/machine_labels/labels/masks/train/fire/00132.png,e2f12459c7204c898da22cd5911d3a9de4c58aa21fc7160798c70518f0262d1d,project_support/artifacts/flame3_manual_smoke_v2/machine_labels/labels/boundary_maps/train/fire/00132.png,6513710fbacacb128245f16c507499f3cd3a90e217bc9a63dc18313c301556f1
train,fire/00133,Fire,00133,0,machine_partial,diagnostic_only_not_model_input,data/flame3/Fire/RGB/Corrected FOV/00133.JPG,7c676d011446e890ac2756dcad7def7d7cbab42bef82c2137ab1705c27060b88,data/flame3/Fire/Thermal/Raw JPG/00133.JPG,8bdadab469339b12e174c19a7061402b260362deb1944948b1e32cfe3a57833f,data/flame3/Fire/Thermal/Celsius TIFF/00133.TIFF,36424b104633f9c14aac405026195766c3913a9adf0422d5ad3241120b08a259,project_support/artifacts/flame3_manual_smoke_v2/machine_labels/labels/masks/train/fire/00133.png,5c17d3b08587043c661fdab9c11b80c8fcf4dca7e4d50674c67c2af2fcba8f16,project_support/artifacts/flame3_manual_smoke_v2/machine_labels/labels/boundary_maps/train/fire/00133.png,b0b4ba6db5be14def9fe2efcbf2d97835a9c14ad36ca83926cbf08612078ff15
train,fire/00134,Fire,00134,0,machine_partial,diagnostic_only_not_model_input,data/flame3/Fire/RGB/Corrected FOV/00134.JPG,b7335036d4d2d1a0c7c36d80e67285ab428c8718d93cf3a41b27a64142797858,data/flame3/Fire/Thermal/Raw JPG/00134.JPG,0cd278640457f65fbd92fc76b1ccd4dd2129d0fba32f4053fd1d15d83375f1c6,data/flame3/Fire/Thermal/Celsius TIFF/00134.TIFF,062897b4401b64eca2d6bf6b2b5bd8e4fc50fff7eb54622fad59e2158f023ae4,project_support/artifacts/flame3_manual_smoke_v2/machine_labels/labels/masks/train/fire/00134.png,abe0a3ace61b3d4e253f876db5d2bf91a8e0b3110810a51382e872b9b1090da1,project_support/artifacts/flame3_manual_smoke_v2/machine_labels/labels/boundary_maps/train/fire/00134.png,3f50bface277d039dfe2f61607ed928999d12bbb4d4a25ded784bd08eb86a14c
train,fire/00135,Fire,00135,0,machine_partial,diagnostic_only_not_model_input,data/flame3/Fire/RGB/Corrected FOV/00135.JPG,773705a35d82b288b86d2bf228c019cfe36e84a43f2e68c1a3e2baa49de1d22e,data/flame3/Fire/Thermal/Raw JPG/00135.JPG,a53877d4328a2a1f5411328405ee51159652844aae4036aaa2451aa273d354d0,data/flame3/Fire/Thermal/Celsius TIFF/00135.TIFF,36ef2921a8058742cb22e6bf300471157171ccfb6b75e19da5a3e8d42f80b799,project_support/artifacts/flame3_manual_smoke_v2/machine_labels/labels/masks/train/fire/00135.png,2fea8da6ef9f3d52c05a27b84efdd047e6e5696924c3f3bce879637575e657d0,project_support/artifacts/flame3_manual_smoke_v2/machine_labels/labels/boundary_maps/train/fire/00135.png,a973a073fc3ea37bc580c8f92030cffcc91474c4bd4b3ccc847558ef70a702c2
train,fire/00136,Fire,00136,0,machine_partial,diagnostic_only_not_model_input,data/flame3/Fire/RGB/Corrected FOV/00136.JPG,4db1c7959fa06686936382457eb3ecea9bbc5f37638d629316c4b24b10f527f7,data/flame3/Fire/Thermal/Raw JPG/00136.JPG,0811e7e7ebb9b8d260adf5cb6c437224ba5fa28b160ccd7d0ed9ffb142dac23c,data/flame3/Fire/Thermal/Celsius TIFF/00136.TIFF,4109fb3ca5a802f35234e4fb087747b4677d7f3e1d8b142acffd0326279cedde,project_support/artifacts/flame3_manual_smoke_v2/machine_labels/labels/masks/train/fire/00136.png,c6ad4b3ae0538fe7b1ac2798c3615ac4ae46dc3d718de46a69dde6b97cd5d530,project_support/artifacts/flame3_manual_smoke_v2/machine_labels/labels/boundary_maps/train/fire/00136.png,87d9b1efcec9730b2c8f18062da4e65c66e1c56bcf597f6f6651289136e2a1e5
train,fire/00137,Fire,00137,1,manual_dense,diagnostic_only_not_model_input,data/flame3/Fire/RGB/Corrected FOV/00137.JPG,93de226d60c775f873af95bb0b0ea5531d76d00019761fcadeee6aa98bbe6391,data/flame3/Fire/Thermal/Raw JPG/00137.JPG,d31cab87e5d671e6ad116ab52ef76d55b9ef0e362377385098f03b659aff9be1,data/flame3/Fire/Thermal/Celsius TIFF/00137.TIFF,151145700beec8b4eb3fb0a94c5047fd6a55f27348d1c085047e7f22452bab1d,project_support/data/flame3_manual_smoke_v2_annotation/completed_masks/A048.png,3620a28eb3bc8bf135f497f02375f287ba4862d7387fee2d8c96a4503e7f1917,project_support/artifacts/flame3_manual_smoke_v2/machine_labels/labels/boundary_maps/train/fire/00137.png,fb84e052067736751bded38b458b528064d49553a674f20a2a74ae5d3a4acf67
train,fire/00138,Fire,00138,0,machine_partial,diagnostic_only_not_model_input,data/flame3/Fire/RGB/Corrected FOV/00138.JPG,280baef76d4f586b2303233461b8739e013510d8ca4dbeee41e094e3e01059c7,data/flame3/Fire/Thermal/Raw JPG/00138.JPG,bdfaa468c06fa295c4fa279f9dcb0e769269d7d3d0db4a446f65b52f928741f1,data/flame3/Fire/Thermal/Celsius TIFF/00138.TIFF,d36e1d6bcf0dd73c3c4926afbe9b930886e16ac89ed56b2d91e16bc3937ec704,project_support/artifacts/flame3_manual_smoke_v2/machine_labels/labels/masks/train/fire/00138.png,2c90f950b82254cca1a1e7816e9c862fdb7cca60126bfc7b483f64a6c736962c,project_support/artifacts/flame3_manual_smoke_v2/machine_labels/labels/boundary_maps/train/fire/00138.png,60ed37f04a2c8e6387a953afc315097038a2ec6e610efb623f8c561bd33edbb2
train,fire/00139,Fire,00139,0,machine_partial,diagnostic_only_not_model_input,data/flame3/Fire/RGB/Corrected FOV/00139.JPG,7dfaa11353737de58588eeacc99b1ecf61b9a92e6cf028b5d8f8db96821d9451,data/flame3/Fire/Thermal/Raw JPG/00139.JPG,5e6940b23c376b5e6328af534b83e3011e1862c5674fe0c22be78daba380b4f7,data/flame3/Fire/Thermal/Celsius TIFF/00139.TIFF,64c57e5f0ed8e01ee8ec4fe7fe9cd85894a34a45f7009a39794029f7b321624e,project_support/artifacts/flame3_manual_smoke_v2/machine_labels/labels/masks/train/fire/00139.png,a0a513be58cba600f140c3463ecc36bd3c512471baa938977c1f33b629bcc67f,project_support/artifacts/flame3_manual_smoke_v2/machine_labels/labels/boundary_maps/train/fire/00139.png,553965782ff583e5b60f744a3119e99c52bd0ae34d6acbcdc08b5daf344a1ae2
train,fire/00140,Fire,00140,0,machine_partial,diagnostic_only_not_model_input,data/flame3/Fire/RGB/Corrected FOV/00140.JPG,519e3e36bc15b1a6b5c906ccc774919711b1c4f0339582ca641a4b06970b8c0b,data/flame3/Fire/Thermal/Raw JPG/00140.JPG,2e2502920fdae5d58cab308dbb29bf5ab5cb7871f2a545ac3b976b27cd53b915,data/flame3/Fire/Thermal/Celsius TIFF/00140.TIFF,d1a7d6e056a4c9a0768240dd4bcaccfb5c84c45866ba2eb8448f74ef15b5f1df,project_support/artifacts/flame3_manual_smoke_v2/machine_labels/labels/masks/train/fire/00140.png,d573f17d185f639d4f9a7a5bb5c9938b7d5753c27c6ea360d6f8ec36bd6abc08,project_support/artifacts/flame3_manual_smoke_v2/machine_labels/labels/boundary_maps/train/fire/00140.png,d26544774c8f2da752d773bad9d7cbb4fcdaf2dc262a1791d1643dab2c5593e6
train,fire/00142,Fire,00142,0,machine_partial,diagnostic_only_not_model_input,data/flame3/Fire/RGB/Corrected FOV/00142.JPG,7df92283c2382cc99037ef480696b654683fceb93afccd53d6162fda85e4f550,data/flame3/Fire/Thermal/Raw JPG/00142.JPG,13ef5537853d63614fcfdb2ac29e577b580b15028d257efb77ec5a09e1185541,data/flame3/Fire/Thermal/Celsius TIFF/00142.TIFF,6ce39e2a43c413125fe4f4184a1efe9505eb8447474f66a4b442cb6f3cc41300,project_support/artifacts/flame3_manual_smoke_v2/machine_labels/labels/masks/train/fire/00142.png,a29d69e0ed6288c77e67c2c281a853999972033fafee01b4858221c0beba3876,project_support/artifacts/flame3_manual_smoke_v2/machine_labels/labels/boundary_maps/train/fire/00142.png,61b07549d5f1e4f57b45451542bce59a98f423df8147b4125f05b697df460fa9
train,fire/00143,Fire,00143,1,manual_dense,diagnostic_only_not_model_input,data/flame3/Fire/RGB/Corrected FOV/00143.JPG,e16f4e1af2decfbe43e9a8c5766168d3528a4e5abba5d6ae59060660d2efec69,data/flame3/Fire/Thermal/Raw JPG/00143.JPG,ea8adf7eed1cb701baeb8c763b1984e7dcde60620cc077c7e0c2c0b096f4987f,data/flame3/Fire/Thermal/Celsius TIFF/00143.TIFF,c1fcce649ea2cc5ac7ddaa1ba265c65a9f83c7f444341e20435d0349a18aea08,project_support/data/flame3_manual_smoke_v2_annotation/completed_masks/A074.png,ffb2fa9ff85e5c2ab6de18a2af88632d75bae9629337f93b9dd1c9e16d6ae009,project_support/artifacts/flame3_manual_smoke_v2/machine_labels/labels/boundary_maps/train/fire/00143.png,60f4a5b4919cf8c2082c1a9bea4445744495f6e4813d9e5a86207fba915aa7b0
train,fire/00146,Fire,00146,0,machine_partial,diagnostic_only_not_model_input,data/flame3/Fire/RGB/Corrected FOV/00146.JPG,17423245ce416029e03efb80dea7958b21896f8eba213bad7cdca8727635a99c,data/flame3/Fire/Thermal/Raw JPG/00146.JPG,f129afc6cb628493ee09f8edf6011d1bfaff6f44319aabb9ebda040c48e2c826,data/flame3/Fire/Thermal/Celsius TIFF/00146.TIFF,b62c2255cd07d796583d8583c870aa90f2b06d08cd2c53b75d6dd9d54814debf,project_support/artifacts/flame3_manual_smoke_v2/machine_labels/labels/masks/train/fire/00146.png,a56d298bbd6af8c86c666abd1890e8cf59d2a916c3e051d3aaa5016c1fee0a66,project_support/artifacts/flame3_manual_smoke_v2/machine_labels/labels/boundary_maps/train/fire/00146.png,817ac56c3969f45691c362fdb5bd5f8dd2aa533a52867f7c396e74726811bf2b
train,fire/00147,Fire,00147,0,machine_partial,diagnostic_only_not_model_input,data/flame3/Fire/RGB/Corrected FOV/00147.JPG,b8d60dc1e1e666ec0d374d59f027bcbed3ce4aac48a7dfa8a4f4028b8bba18de,data/flame3/Fire/Thermal/Raw JPG/00147.JPG,48b6798e795da3f541a4b75ae357bf92fdc1e401e955216e6220755b24c19416,data/flame3/Fire/Thermal/Celsius TIFF/00147.TIFF,86e80b3e566cb712dc34a39914eec04cc3f762de55d0b8b9ad0f5358e3ad653b,project_support/artifacts/flame3_manual_smoke_v2/machine_labels/labels/masks/train/fire/00147.png,9ca071d0697cea48b921a59113aeb79f73cb36ad6798bb5185a54656c5a66a79,project_support/artifacts/flame3_manual_smoke_v2/machine_labels/labels/boundary_maps/train/fire/00147.png,17efeefd3ac3b756276ec1bf5f1c711ebe750aad734ada96539ebb456bb93e11
train,fire/00148,Fire,00148,1,manual_dense,diagnostic_only_not_model_input,data/flame3/Fire/RGB/Corrected FOV/00148.JPG,324679be503f93be5ef9eca56816031756265ce0fa9c6d8ab2ddd681df0d0c5b,data/flame3/Fire/Thermal/Raw JPG/00148.JPG,e2e979758f38793c0a07180706d74571c1ba08a1738e7e23e00a74ce10ceba64,data/flame3/Fire/Thermal/Celsius TIFF/00148.TIFF,ff465af014a4eac339d8a21936106e4fc5287a5864e2d1e8de663c5999124686,project_support/data/flame3_manual_smoke_v2_annotation/completed_masks/A118.png,34fddcc59706ffca8879813d89a8ffe5aea4c60ac471cb67fddac940626bb40f,project_support/artifacts/flame3_manual_smoke_v2/machine_labels/labels/boundary_maps/train/fire/00148.png,a3047ea0939b1a50ae43904b4a95d2205f5cd135e4db1e80a6175556416cee24
train,fire/00149,Fire,00149,0,machine_partial,diagnostic_only_not_model_input,data/flame3/Fire/RGB/Corrected FOV/00149.JPG,fe8a0c9a4fe16169219a5401e8ce4769e8ddb7b3b68b303275c1751e5a879df1,data/flame3/Fire/Thermal/Raw JPG/00149.JPG,2c2fcd2a3aedb59228e405125d3fe8681df138843ff9fb259e31a8154f98fecf,data/flame3/Fire/Thermal/Celsius TIFF/00149.TIFF,d6f48a6b7311193cc0e6d3197cc5641ea605064632761539c80a8cfcf776a160,project_support/artifacts/flame3_manual_smoke_v2/machine_labels/labels/masks/train/fire/00149.png,e45d0bc590feb3abeb6401a0b89267d6fcad08ed9f2dcd9cfadceee8a090afd2,project_support/artifacts/flame3_manual_smoke_v2/machine_labels/labels/boundary_maps/train/fire/00149.png,43ef1e897024a6a9b40e00f990a174343211aa7f7a14431848a9a773dc29ff1b
train,fire/00152,Fire,00152,0,machine_partial,diagnostic_only_not_model_input,data/flame3/Fire/RGB/Corrected FOV/00152.JPG,99ef45747389004f8c71d8f9e700909c52834b096860dd161a366e42501cf259,data/flame3/Fire/Thermal/Raw JPG/00152.JPG,55131e78e2f9cf87620b52a7b1e754898ba1c6c0d740eecaca4d00eedd79c248,data/flame3/Fire/Thermal/Celsius TIFF/00152.TIFF,89ec7700fb4ac994780c5f2c44412fd13e88dd29a135d4c295d2763d709bf03e,project_support/artifacts/flame3_manual_smoke_v2/machine_labels/labels/masks/train/fire/00152.png,bc6f703eaa7ceb23f00fab256871190d5e4de350f2387bb5e304073bef94e321,project_support/artifacts/flame3_manual_smoke_v2/machine_labels/labels/boundary_maps/train/fire/00152.png,50a06e46a93d2126e5aa9bc87fd9cf8218d6c11cece254b840a98400adef662a
train,fire/00153,Fire,00153,1,manual_dense,diagnostic_only_not_model_input,data/flame3/Fire/RGB/Corrected FOV/00153.JPG,034f24d082aedf397af27c98076c83df058de8d26429ca4736dcb36a9eaf2e85,data/flame3/Fire/Thermal/Raw JPG/00153.JPG,a16b364ad410d5adac77cfea655ee8a32c245c2fffb66dc8f45cbf9ec9bd8a3f,data/flame3/Fire/Thermal/Celsius TIFF/00153.TIFF,13d515c6c5f36a1b6240d9fa1d98bb0bbee8a588c06b20bda91d94abd2e5c407,project_support/data/flame3_manual_smoke_v2_annotation/completed_masks/A111.png,1952183a5ac88cbfbade668a6d62db1e51bf0343f04e57524093e79d5abf4c3a,project_support/artifacts/flame3_manual_smoke_v2/machine_labels/labels/boundary_maps/train/fire/00153.png,8c75766c13e57adb2e8513da112f6c25096332a8b094434c374dc50ed670582c
train,fire/00154,Fire,00154,0,machine_partial,diagnostic_only_not_model_input,data/flame3/Fire/RGB/Corrected FOV/00154.JPG,51fd37052c8264e0b4e5f100b20b7bd7520a0902df7d0142a4cb58a883eda088,data/flame3/Fire/Thermal/Raw JPG/00154.JPG,8dfb1f03607951d1f01cacac5886650ec2a4645089cb254cc5b05ba13d6b257d,data/flame3/Fire/Thermal/Celsius TIFF/00154.TIFF,8a06a2a2df795ccae1a93cac3c4bf6dd998560624112fe566a7915674d5670f4,project_support/artifacts/flame3_manual_smoke_v2/machine_labels/labels/masks/train/fire/00154.png,3d0b371ccc535543bfc16fe3798e3e137f00ac76b75f04cd4bbc251f10449289,project_support/artifacts/flame3_manual_smoke_v2/machine_labels/labels/boundary_maps/train/fire/00154.png,f4750bc9e1966558ee792e9828868c420d74865cd50cc0bf64c72f4f26b46764
train,fire/00155,Fire,00155,0,machine_partial,diagnostic_only_not_model_input,data/flame3/Fire/RGB/Corrected FOV/00155.JPG,e8262dd28b802ba196b8c1dfff618d34f5827b1e60e3f8fc9d2adcc99e171f74,data/flame3/Fire/Thermal/Raw JPG/00155.JPG,518b7184f049699a0b326d46329115ecd97706679b5daf152412b13af57e8bc0,data/flame3/Fire/Thermal/Celsius TIFF/00155.TIFF,9840d0225ff91cb2f8f7c79c7a8f16c8a81403f530a59c6d31b9fde2773f76cf,project_support/artifacts/flame3_manual_smoke_v2/machine_labels/labels/masks/train/fire/00155.png,d875f37dfcdc938270ec94fe8ba21eb0a2d16c1de736bccb9b97a38d9c6b74db,project_support/artifacts/flame3_manual_smoke_v2/machine_labels/labels/boundary_maps/train/fire/00155.png,c3cd140dcaf577d72f9a9c751f8bced6d37c6a16469ff3083d70486ff6185a9f
train,fire/00157,Fire,00157,1,manual_dense,diagnostic_only_not_model_input,data/flame3/Fire/RGB/Corrected FOV/00157.JPG,65fbfd0265189113174b4c5130d2064156a218deb25736eb5684dc94d1168fde,data/flame3/Fire/Thermal/Raw JPG/00157.JPG,f03fd2485a4608aab8a9e8c3dddd3084fdf3998896d72e1674e226435694f1c2,data/flame3/Fire/Thermal/Celsius TIFF/00157.TIFF,1053c1494510fc7ac2fac1a693d4a9b69fba7e26795d040536bbcd88783dccf0,project_support/data/flame3_manual_smoke_v2_annotation/completed_masks/A053.png,dbbc28eac8353410f49d3e497890459f76abab43a639be792aae8bf4b3e5a6c2,project_support/artifacts/flame3_manual_smoke_v2/machine_labels/labels/boundary_maps/train/fire/00157.png,700dee90ec86a83133bac986fba383112f64d681f68584ef3daf74cc81fcb2d2
train,fire/00158,Fire,00158,0,machine_partial,diagnostic_only_not_model_input,data/flame3/Fire/RGB/Corrected FOV/00158.JPG,36320aa5b1769e95b33fc114ea384726ab1995aadbb3484b28b9c2fa6bc09008,data/flame3/Fire/Thermal/Raw JPG/00158.JPG,46ab8ea4783a1e6ce6926a919d935781f7e812845cc7ec9f1318b35dff7ceb91,data/flame3/Fire/Thermal/Celsius TIFF/00158.TIFF,228b8e6f2faf8450acff77ab45b0a4cb887d480d8e77c4494fdf9f5a023a44de,project_support/artifacts/flame3_manual_smoke_v2/machine_labels/labels/masks/train/fire/00158.png,2f173a89ca25236eafc7c0baa7ffaa9a52e1d5fe22ee8d272ca852a9b2750933,project_support/artifacts/flame3_manual_smoke_v2/machine_labels/labels/boundary_maps/train/fire/00158.png,548c7994a77792caf797555b99181c132d4e088823155e8933bbfb11d85e95a6
train,fire/00159,Fire,00159,0,machine_partial,diagnostic_only_not_model_input,data/flame3/Fire/RGB/Corrected FOV/00159.JPG,75a54f1dc64bc4c14924fb31dbb79aa2dccb64a71a6da64cb49547b1fef3024d,data/flame3/Fire/Thermal/Raw JPG/00159.JPG,810b817f4c712445694754949c0d3a7e37628d2d6fa460fe15dcd2f774b0731e,data/flame3/Fire/Thermal/Celsius TIFF/00159.TIFF,bd92eaa0237613d3f671970eef81c64901b31a2620b75653469218cffa3021a6,project_support/artifacts/flame3_manual_smoke_v2/machine_labels/labels/masks/train/fire/00159.png,b99af2b05fe39f617c526fbbd4905061b1a0811b9a74e436535ced4f8b94d90e,project_support/artifacts/flame3_manual_smoke_v2/machine_labels/labels/boundary_maps/train/fire/00159.png,3e4cda88217396e4f1969d72cf9ef05a92255254b26eb16896274057885dc458
train,fire/00160,Fire,00160,0,machine_partial,diagnostic_only_not_model_input,data/flame3/Fire/RGB/Corrected FOV/00160.JPG,835995dd2fc7d6b6a688be7b3a7202bc561efd1985be791aad452672fd7dccb8,data/flame3/Fire/Thermal/Raw JPG/00160.JPG,b9c76875151da01bc06fd7d372d25402dcad4ee166b22ed395f7669b4c6a6b26,data/flame3/Fire/Thermal/Celsius TIFF/00160.TIFF,e0ea1cee744ec31df54a2a1fc390a405bc62f4fae70840e1ff1e9b88e3f140f9,project_support/artifacts/flame3_manual_smoke_v2/machine_labels/labels/masks/train/fire/00160.png,7f78bf72990bed6fd8d5c494f9386465d3f385ad5fb6a03970de835db585b414,project_support/artifacts/flame3_manual_smoke_v2/machine_labels/labels/boundary_maps/train/fire/00160.png,578cb3b6bed6a8ad65334446e47c8265999c28344df2060ba15a21026b8ec2b2
train,fire/00161,Fire,00161,0,machine_partial,diagnostic_only_not_model_input,data/flame3/Fire/RGB/Corrected FOV/00161.JPG,0d16352aeb3ab41f7393b89da36100b006fd230cb1af6b038694013c82551bb3,data/flame3/Fire/Thermal/Raw JPG/00161.JPG,f134ffd900db9f4f47b952310cc447156b30015adfedc50b934cf8916dbe9f1f,data/flame3/Fire/Thermal/Celsius TIFF/00161.TIFF,872aea02dde833fcb1e721ed607f8394281f0ed8a214cf2627ebddf5b36b5e4d,project_support/artifacts/flame3_manual_smoke_v2/machine_labels/labels/masks/train/fire/00161.png,6f51bdc3682824fe8d769a8721f17c91bd454d2541525228f2d035d04b5c8f86,project_support/artifacts/flame3_manual_smoke_v2/machine_labels/labels/boundary_maps/train/fire/00161.png,2f37896e347d0efe8433c2bc4753f641b8482bee82cf79ef350a21ce21afca8d
train,fire/00164,Fire,00164,0,machine_partial,diagnostic_only_not_model_input,data/flame3/Fire/RGB/Corrected FOV/00164.JPG,76f029c64e564600476203e13a2c46803d51b16b901a6eabe790a9a2389117e7,data/flame3/Fire/Thermal/Raw JPG/00164.JPG,17385379af9ac5441ebc16a1a176f39743e3665531fa56a4e5ea50d9d78fa15f,data/flame3/Fire/Thermal/Celsius TIFF/00164.TIFF,16f49e331528a6bfa23feb28ca2a619a9f19548680bc06a5d1ca5c3315ac63d6,project_support/artifacts/flame3_manual_smoke_v2/machine_labels/labels/masks/train/fire/00164.png,f4b0a793593327517ad703e598184b01c93ff872fcd32558c079ca2363394f33,project_support/artifacts/flame3_manual_smoke_v2/machine_labels/labels/boundary_maps/train/fire/00164.png,95f4f87439b82cc0ea2fce344203c5d69f1af6ec0751194685a18bffdcedb15b
train,fire/00166,Fire,00166,0,machine_partial,diagnostic_only_not_model_input,data/flame3/Fire/RGB/Corrected FOV/00166.JPG,f66f3ce178e0b429e3bbd430e76bd34dbdfdb2ab558aa0f5618595d103b9fba4,data/flame3/Fire/Thermal/Raw JPG/00166.JPG,855403d4edfb7ff0693310163b9b80b6bf96f6012182d4baeb135fbd54a19412,data/flame3/Fire/Thermal/Celsius TIFF/00166.TIFF,3b44d83b172782b8e429bb7766849c9c9fe8439060198539e4b0e45d1598b2d5,project_support/artifacts/flame3_manual_smoke_v2/machine_labels/labels/masks/train/fire/00166.png,3d070d3c2b14f1eb6f1fc38f5def80cf775937e6494745bdd83040b0b7edfd88,project_support/artifacts/flame3_manual_smoke_v2/machine_labels/labels/boundary_maps/train/fire/00166.png,aba19164ede0224eb9a23e068f2b7b704853163cf45dbd907d6e6b629959ab47
train,fire/00168,Fire,00168,0,machine_partial,diagnostic_only_not_model_input,data/flame3/Fire/RGB/Corrected FOV/00168.JPG,41be5f0bb7ff79c2647f792e5f91b41ae383f8d85eeef6a6ad4e6cfdb46e75e8,data/flame3/Fire/Thermal/Raw JPG/00168.JPG,44c95cab3ce2e81a427f2fd6026323ea5d772ff91490a6bc7f6eef71a8cd4015,data/flame3/Fire/Thermal/Celsius TIFF/00168.TIFF,bb9d15f3beb0babecd5da290aa575ec57268ccc44c4630f7d56f69e87d5cdeb0,project_support/artifacts/flame3_manual_smoke_v2/machine_labels/labels/masks/train/fire/00168.png,230c81d66a42dc91c3eb26219785c84a3f32099f60e16666814f36263ed64067,project_support/artifacts/flame3_manual_smoke_v2/machine_labels/labels/boundary_maps/train/fire/00168.png,71b680d1382704f5ec54830e659c1248e9baf48f7e19c52ba6b6a5781a63013f
train,fire/00169,Fire,00169,0,machine_partial,diagnostic_only_not_model_input,data/flame3/Fire/RGB/Corrected FOV/00169.JPG,ca44e36cebdfcc9cb2a0c4f21ff6f9a4d47f579c76d421809bd59776ac750165,data/flame3/Fire/Thermal/Raw JPG/00169.JPG,97db87b6453a9f5fadef4f12b13a876222c1e7eb16cefb1bf2d0577ebae00fac,data/flame3/Fire/Thermal/Celsius TIFF/00169.TIFF,0acae5aac11a4d89852b1eb21a58e78f1ab4e7f0b040e1e7905092bb0a2baa67,project_support/artifacts/flame3_manual_smoke_v2/machine_labels/labels/masks/train/fire/00169.png,c06f76ae1eb0f5e23fface3beb084069fa0998df7aaca53f075b63ff93249d53,project_support/artifacts/flame3_manual_smoke_v2/machine_labels/labels/boundary_maps/train/fire/00169.png,8be58a172ac11f7eff6b59801221b8468ec7cb02bc901f0b8c7d50c6503b36d5
train,fire/00170,Fire,00170,1,manual_dense,diagnostic_only_not_model_input,data/flame3/Fire/RGB/Corrected FOV/00170.JPG,5b39c05ec988bfe8d31fb7304c1c0d9d70448196d3fef6eeb4cd7920f75500e6,data/flame3/Fire/Thermal/Raw JPG/00170.JPG,f226c329fb422a19e96d28939bd9c14864b1624b1ba3b7cbcb6471424178260f,data/flame3/Fire/Thermal/Celsius TIFF/00170.TIFF,2bbd7f9484fb98949864aaeeae5021c087f29f05e61bbfb97211cd02ef4fdd68,project_support/data/flame3_manual_smoke_v2_annotation/completed_masks/A078.png,00ddf9d40cc8fd76ed4b93855962fa0aad4a549d49d1ab1bdc032ba1fde1cd1a,project_support/artifacts/flame3_manual_smoke_v2/machine_labels/labels/boundary_maps/train/fire/00170.png,cf5420aedfa08d59d302d2c0e2e1843d73d9698e1d98a21fcbe2201080b0406d
train,fire/00171,Fire,00171,0,machine_partial,diagnostic_only_not_model_input,data/flame3/Fire/RGB/Corrected FOV/00171.JPG,7a4c5b0d3c7f1d364407fc45a70458691fcc47c9199410edb655fde47a0dff29,data/flame3/Fire/Thermal/Raw JPG/00171.JPG,3d5dcd8a651f7812171b858430720c82544f60755a833b9052dbe2da8885d48a,data/flame3/Fire/Thermal/Celsius TIFF/00171.TIFF,8b566678b32723d22d362d8aafd1784ba50e823ae359c6a05be4a6bb84a5d326,project_support/artifacts/flame3_manual_smoke_v2/machine_labels/labels/masks/train/fire/00171.png,04b800dcde4cfe1c0afb16aab8b1dd931451e56006214dadeedadd304dd89f84,project_support/artifacts/flame3_manual_smoke_v2/machine_labels/labels/boundary_maps/train/fire/00171.png,1647555e8c6a7f658f21fef8bdc553a9295c7c1012c4a1bf83837699d653ae09
train,fire/00173,Fire,00173,0,machine_partial,diagnostic_only_not_model_input,data/flame3/Fire/RGB/Corrected FOV/00173.JPG,bedabe7d8924b438723175a57633d0b01e48bd474ebc7d5c7199fa8655bd057a,data/flame3/Fire/Thermal/Raw JPG/00173.JPG,d15eda7f17a73ec9bff588066a075e50d1a9530fe2d71dcfb4ac8befd4fb302d,data/flame3/Fire/Thermal/Celsius TIFF/00173.TIFF,c4733346a891599a53c94f1be52e97cff8ea7d4b406407423219929a8dec90c2,project_support/artifacts/flame3_manual_smoke_v2/machine_labels/labels/masks/train/fire/00173.png,0d1e3709f2be1f21ec9b207df003b4d7bac0c10da544a3b5fe80ce70dba84056,project_support/artifacts/flame3_manual_smoke_v2/machine_labels/labels/boundary_maps/train/fire/00173.png,b89dfb0d4eb005329895433be55221e6bdae0606f33b83a2b9069191df8bfedc
train,fire/00174,Fire,00174,0,machine_partial,diagnostic_only_not_model_input,data/flame3/Fire/RGB/Corrected FOV/00174.JPG,09a4c4f794d24b00f4dcc3cbdd0fa4e17bbf8d0144e5e6fc60da785c051309ca,data/flame3/Fire/Thermal/Raw JPG/00174.JPG,fa3d5616ccea4c96f742f476a02e872da596e7044506d9ebdaf00fdb35836809,data/flame3/Fire/Thermal/Celsius TIFF/00174.TIFF,1532d673d76497cc97e0cb7815da0056f6ddd090553646254f24519ea9b65e53,project_support/artifacts/flame3_manual_smoke_v2/machine_labels/labels/masks/train/fire/00174.png,5f5039c4dabe1503d6c2770441041da02821f1e0bdc098fabec5ee0398a9c5c2,project_support/artifacts/flame3_manual_smoke_v2/machine_labels/labels/boundary_maps/train/fire/00174.png,e01201decc7af305233e8d7458002f4bd58f611cc8bc721f5701324ef2a00179
train,fire/00175,Fire,00175,0,machine_partial,diagnostic_only_not_model_input,data/flame3/Fire/RGB/Corrected FOV/00175.JPG,99374a53399e5c6ffed2f95e2bad371c27775f798196b861b951af5bcc7cd0e5,data/flame3/Fire/Thermal/Raw JPG/00175.JPG,757ea36bb23db2cbca1b459cc173069d5a192f589408acfa491f15bf9492b5f6,data/flame3/Fire/Thermal/Celsius TIFF/00175.TIFF,d30e43b86dbb32e0f7a87836804e46fe02068b5bc856bea3556e4651185402e6,project_support/artifacts/flame3_manual_smoke_v2/machine_labels/labels/masks/train/fire/00175.png,93b27393a070670cf426cd2b868e3486bc3760d75d7a02cb302fa952efcc55ba,project_support/artifacts/flame3_manual_smoke_v2/machine_labels/labels/boundary_maps/train/fire/00175.png,06b2884115ea0cab3b7e87963330bbfa19425ec93e1dcbb66431788705d85e02
train,fire/00177,Fire,00177,0,machine_partial,diagnostic_only_not_model_input,data/flame3/Fire/RGB/Corrected FOV/00177.JPG,1da3be3b1b3449c3aae27dcb837504f9f34d5e288226a147bd1a2cb5a71dbd42,data/flame3/Fire/Thermal/Raw JPG/00177.JPG,aa3b0330bb48f0f4928b6339178425905a2a473835b97f356e9ef4c12d975b97,data/flame3/Fire/Thermal/Celsius TIFF/00177.TIFF,a4d13d833404907c189ea2f2858d14ba3e412436feb7ca7cbe26a2639c0122e9,project_support/artifacts/flame3_manual_smoke_v2/machine_labels/labels/masks/train/fire/00177.png,b2cceeeba6623657bc096f1a2b34133a84e71432ee831f213091b608342a9394,project_support/artifacts/flame3_manual_smoke_v2/machine_labels/labels/boundary_maps/train/fire/00177.png,0debb40d25f9961b4979473fdeac755296c748e0fa8eab3e47b58161e7c82531
train,fire/00178,Fire,00178,0,machine_partial,diagnostic_only_not_model_input,data/flame3/Fire/RGB/Corrected FOV/00178.JPG,3a54fda8240e19684c84f81d0e4b8c10b1bc600aa4bf94906a600377f9c8d1dc,data/flame3/Fire/Thermal/Raw JPG/00178.JPG,cbd0ec409f218ccc17a2427cf3e22bead6ad96edc4afb25d569122be9e8e0be3,data/flame3/Fire/Thermal/Celsius TIFF/00178.TIFF,82744f728999add63ddffe70e7916fa8dcf4df29d94fb8799c189fc3f53c740e,project_support/artifacts/flame3_manual_smoke_v2/machine_labels/labels/masks/train/fire/00178.png,5edd2cc146725be9f59451290fa220ed74a1881f652a98ea1ce01f3e1e7191a5,project_support/artifacts/flame3_manual_smoke_v2/machine_labels/labels/boundary_maps/train/fire/00178.png,220da6ee80c1864afe96e8441c7ca58192266647b55b8552d215ba50e7d106a1
train,fire/00179,Fire,00179,0,machine_partial,diagnostic_only_not_model_input,data/flame3/Fire/RGB/Corrected FOV/00179.JPG,49fb4189c14de8e0e97b51ef8eaed88a43d6f8c2a7bd1c598fe6601f7ecec696,data/flame3/Fire/Thermal/Raw JPG/00179.JPG,066cef92aa73e138b538fc5df30733fbd83cd6aa2284c2f1d5493c13a2dcab31,data/flame3/Fire/Thermal/Celsius TIFF/00179.TIFF,63eefde62a778ecb5b0a193d33d87311fd940bce715502039e0dbf687e5ae3c1,project_support/artifacts/flame3_manual_smoke_v2/machine_labels/labels/masks/train/fire/00179.png,2f92a37ab5dcd3782b14d191742cdcc1c9e5159ebf51b51cc20c10b0ee66c202,project_support/artifacts/flame3_manual_smoke_v2/machine_labels/labels/boundary_maps/train/fire/00179.png,a34dce7545afba90374ef267e71db68a5d22f0db8045fe3dfb9ef331ae3b4132
train,fire/00180,Fire,00180,0,machine_partial,diagnostic_only_not_model_input,data/flame3/Fire/RGB/Corrected FOV/00180.JPG,07d00734e1bf10a31d4775ec831e55bc2d92a8e4f5ebaa58416dd76ba6e82d18,data/flame3/Fire/Thermal/Raw JPG/00180.JPG,9ea8e5d52e20d05fbe99a1aa3a26bc2921e11e931d6e774ed8d6700188cee2db,data/flame3/Fire/Thermal/Celsius TIFF/00180.TIFF,5fc6ca9bb88d853e6e118cc41de1b8672a0949477895c58f3babbd8ea867e3d1,project_support/artifacts/flame3_manual_smoke_v2/machine_labels/labels/masks/train/fire/00180.png,4f1e06d130bd6ae5120f1bb962baaa820e1e58273561b3d5246468fdcd60a32b,project_support/artifacts/flame3_manual_smoke_v2/machine_labels/labels/boundary_maps/train/fire/00180.png,1846509ddfd84a6a5d123f814eec2bf470c57df301e73080e83feb47a8f9cb97
train,fire/00182,Fire,00182,0,machine_partial,diagnostic_only_not_model_input,data/flame3/Fire/RGB/Corrected FOV/00182.JPG,04cd7f89d7a085c76cdfdd1a4f8d3a4a67671674957e948f80e156d36aac1fdd,data/flame3/Fire/Thermal/Raw JPG/00182.JPG,fe48a502a50a95d76d949d7c5ffc44d038719ec5982a41285a81102e4787aae0,data/flame3/Fire/Thermal/Celsius TIFF/00182.TIFF,3c3e13ad113684082882d4c9e18e26c8bd55491395cafb60277c5bf246086352,project_support/artifacts/flame3_manual_smoke_v2/machine_labels/labels/masks/train/fire/00182.png,ef88c51574ca8197d51fa84ac4807733a0d91cf2b18e387e7cedf1b26fa0d99c,project_support/artifacts/flame3_manual_smoke_v2/machine_labels/labels/boundary_maps/train/fire/00182.png,ca53e2972e3a87b31031ec5ebbf82e8492a3cc3fc9faed18c96c93f3b0928d7f
train,fire/00185,Fire,00185,0,machine_partial,diagnostic_only_not_model_input,data/flame3/Fire/RGB/Corrected FOV/00185.JPG,e72d6e02af7816bd623436caab51a945c7f5800b32569532aa57063b7fff4c9e,data/flame3/Fire/Thermal/Raw JPG/00185.JPG,f450546024e222e4a61971f13581f7d58c680005a14c962cdc7914bf55bb8cf4,data/flame3/Fire/Thermal/Celsius TIFF/00185.TIFF,8d9c5400fe58cb3118e63a9c82ed1a7ae637bf0686d9495cbc442a3cc4105c80,project_support/artifacts/flame3_manual_smoke_v2/machine_labels/labels/masks/train/fire/00185.png,1c7050ae866bf2e920af4e4530ba4c5e88ffacd485aa35f54153ded3991e60b1,project_support/artifacts/flame3_manual_smoke_v2/machine_labels/labels/boundary_maps/train/fire/00185.png,f0d31c817ba7427f5f0b56b6762376273e60eab21e8652242c28977d123f22c2
train,fire/00189,Fire,00189,0,machine_partial,diagnostic_only_not_model_input,data/flame3/Fire/RGB/Corrected FOV/00189.JPG,079add53d12f3d0a422cdc52249b12b9eb61b182839d4af94041bae017b179fc,data/flame3/Fire/Thermal/Raw JPG/00189.JPG,2ed0f251b6338305264af8fc05203fc87dc5f1dd9ccaff1d1d0d55e67df3a4a4,data/flame3/Fire/Thermal/Celsius TIFF/00189.TIFF,46f7b3011abedf50aafe5cd55dc31361f9b34e94ee92debfb9ee65713e6afb1d,project_support/artifacts/flame3_manual_smoke_v2/machine_labels/labels/masks/train/fire/00189.png,303c818dd7ccb0a35896cfb76a48cbf6478cab7080613059029795226c1ee4bf,project_support/artifacts/flame3_manual_smoke_v2/machine_labels/labels/boundary_maps/train/fire/00189.png,0b292269626cc94b7e924806d82b8073374554b4d13afb6259259b0295cc33bf
train,fire/00190,Fire,00190,0,machine_partial,diagnostic_only_not_model_input,data/flame3/Fire/RGB/Corrected FOV/00190.JPG,a8bd3cbd8c5dac0428eb05f17f45b6062a0ac16ebdb354928f11281b8ce7ae9d,data/flame3/Fire/Thermal/Raw JPG/00190.JPG,104198533c56fc1be96f9a4f60b622fd8f6ecee66bd81b1d2790565a73042d28,data/flame3/Fire/Thermal/Celsius TIFF/00190.TIFF,96d130a35fcf2126d2adc81f5762243a7ccd9fb1d5adde0323527cbb156918b2,project_support/artifacts/flame3_manual_smoke_v2/machine_labels/labels/masks/train/fire/00190.png,9f376a4159b1b84223ced1a71057f34abe3484f8a2a11d3b3d26cb804d08d89f,project_support/artifacts/flame3_manual_smoke_v2/machine_labels/labels/boundary_maps/train/fire/00190.png,5d20a0ee60242d4cf69b33eb9c9cfc41dae38858ac962752644201915feabca5
train,fire/00193,Fire,00193,0,machine_partial,diagnostic_only_not_model_input,data/flame3/Fire/RGB/Corrected FOV/00193.JPG,0cae881d9993c02bb22eaa1ccb848a587cace3cd3285302e65c5f88ba92c07a7,data/flame3/Fire/Thermal/Raw JPG/00193.JPG,1d7e2755c308fd4ed0a4ed03988dcf56fe0c8807fd20a4c676a1c4a2422dee30,data/flame3/Fire/Thermal/Celsius TIFF/00193.TIFF,560cd50abd974c189267d294e4fb2cfae19cd2114a9a7a53d44453974e76d3f0,project_support/artifacts/flame3_manual_smoke_v2/machine_labels/labels/masks/train/fire/00193.png,16bb2854b5e2ba1095053ba378f146eca6ace7c4572919d5d5c815690722db75,project_support/artifacts/flame3_manual_smoke_v2/machine_labels/labels/boundary_maps/train/fire/00193.png,a64f4ed1b36b27ed2a295a7fba10629bff188f918bbdf5b9097b64178cebe022
train,fire/00196,Fire,00196,0,machine_partial,diagnostic_only_not_model_input,data/flame3/Fire/RGB/Corrected FOV/00196.JPG,12a38b254e2e1bf0a4f970ebf56ecf89c31361a84a0d8abac89b232801f5da21,data/flame3/Fire/Thermal/Raw JPG/00196.JPG,f9be8d063189d3f0e938b285b63f840fd4265de5e007691d18a6dd3649ff4376,data/flame3/Fire/Thermal/Celsius TIFF/00196.TIFF,5f272dad5399810d35b3caeb87a8cc5a00ea9077d53f7bf6012ae0ba18426c87,project_support/artifacts/flame3_manual_smoke_v2/machine_labels/labels/masks/train/fire/00196.png,e169440e45921f2bfddd35438a94d247f99863692d5039102cd5f34436b1f4f7,project_support/artifacts/flame3_manual_smoke_v2/machine_labels/labels/boundary_maps/train/fire/00196.png,3bce69fee4a29185153c1fbd88916e1b881812ec12bf683384df24c14c51d1fb
train,fire/00198,Fire,00198,0,machine_partial,diagnostic_only_not_model_input,data/flame3/Fire/RGB/Corrected FOV/00198.JPG,cddbe10d797dabd975be64ec66b3639a57c217d642fb75f84156a60ce0d7f2a2,data/flame3/Fire/Thermal/Raw JPG/00198.JPG,c0d8bc80ee4108ebf32aeefb8b168c368003aabd2f070d748ee7a338a5b78bd8,data/flame3/Fire/Thermal/Celsius TIFF/00198.TIFF,08e533bd11a243380e285092985cc949dcc1b61f0959bef01606b4ebe329bafa,project_support/artifacts/flame3_manual_smoke_v2/machine_labels/labels/masks/train/fire/00198.png,cb7218896de1fdebfe7d993d673d46c1c35d18dd4e711e4171e12839fb66ebe3,project_support/artifacts/flame3_manual_smoke_v2/machine_labels/labels/boundary_maps/train/fire/00198.png,2545f64ee6403d2914b96aba79c6d391c13a62b0cd855167db5c90dd4274f2f3
train,fire/00200,Fire,00200,0,machine_partial,diagnostic_only_not_model_input,data/flame3/Fire/RGB/Corrected FOV/00200.JPG,f37c837fdac90c0f6979c6f326be84ef0c9e7d61b592ed87b600840b369c16cb,data/flame3/Fire/Thermal/Raw JPG/00200.JPG,2b1c2e63892b1ec4f3bea2b4c62509d8121fd10ad3301093f85342106f414245,data/flame3/Fire/Thermal/Celsius TIFF/00200.TIFF,51b67e29c7a54e22ab1151db99004022c95e3bdd1c289495b5ddc220029db8d0,project_support/artifacts/flame3_manual_smoke_v2/machine_labels/labels/masks/train/fire/00200.png,4ac0ae5c976bd24b7ef597bff8b193e1d10539151c899d9f97b04deeba2b58d0,project_support/artifacts/flame3_manual_smoke_v2/machine_labels/labels/boundary_maps/train/fire/00200.png,691aa978b78bc8ebad5b13689148d1d9ea4bb34b053ba6aa5e0de901e65e9657
train,fire/00201,Fire,00201,0,machine_partial,diagnostic_only_not_model_input,data/flame3/Fire/RGB/Corrected FOV/00201.JPG,995b2bd8f23d4182efcbba4d8934af66a45e1e1ab07ae9f68c4dff9888181d39,data/flame3/Fire/Thermal/Raw JPG/00201.JPG,f109f49b360805ec65cf4b9c5934abd6e249fabc45fef0ef75685123d755bbaa,data/flame3/Fire/Thermal/Celsius TIFF/00201.TIFF,bed52267acec2705a54301d217524a88de69e88c6e83d737bf8c91bd9be8942c,project_support/artifacts/flame3_manual_smoke_v2/machine_labels/labels/masks/train/fire/00201.png,76d2f0c3c1c06d6ef0fad8bededf6eb0fc9fc417351453b466e2e143d165e254,project_support/artifacts/flame3_manual_smoke_v2/machine_labels/labels/boundary_maps/train/fire/00201.png,fa0ca598a74f2c61b318ef883cfd7ee4d74b34058d110fa5c163df505518994b
train,fire/00202,Fire,00202,0,machine_partial,diagnostic_only_not_model_input,data/flame3/Fire/RGB/Corrected FOV/00202.JPG,1f4916c1b32ba0c4fa18fa08a93c39c888e70a5a1ce6fe9afe8cd5608e051719,data/flame3/Fire/Thermal/Raw JPG/00202.JPG,16accbf6f37c4915da63543ab17bad910979c45d0fb2cb781aa32a4e1bf97c91,data/flame3/Fire/Thermal/Celsius TIFF/00202.TIFF,80970f8c70173dad1d18c9fd282572cbc48209a2726343d11ee4b35705ee65b7,project_support/artifacts/flame3_manual_smoke_v2/machine_labels/labels/masks/train/fire/00202.png,7d159739de11954f3780e2345a36a45b3e64495ba03b0e696d1b067c87d61d06,project_support/artifacts/flame3_manual_smoke_v2/machine_labels/labels/boundary_maps/train/fire/00202.png,2d42c18d88030d02747bbc414d3d891b70ccb6210c463a9077559bb3e1f23a29
train,fire/00203,Fire,00203,0,machine_partial,diagnostic_only_not_model_input,data/flame3/Fire/RGB/Corrected FOV/00203.JPG,8bbfde302fcd23ebcb9531210623e0331ad72f70145837a8b829c64a8e725bb0,data/flame3/Fire/Thermal/Raw JPG/00203.JPG,33b8a81695905a0ac8513228d3b4a40721d511e0b98f8aeade21845de9d99dfb,data/flame3/Fire/Thermal/Celsius TIFF/00203.TIFF,64e43573fdb90596ec57152dc495d445a3170ef4bea02c727d537f5abe078701,project_support/artifacts/flame3_manual_smoke_v2/machine_labels/labels/masks/train/fire/00203.png,6d4cac2f882aa50389258dc368ddc3ea4a4980fdb4a531ee3733f3dd02714985,project_support/artifacts/flame3_manual_smoke_v2/machine_labels/labels/boundary_maps/train/fire/00203.png,a223639cf1583f85d09e444f2518375400180c27455e2f1b9e3c859787da231e
train,fire/00205,Fire,00205,0,machine_partial,diagnostic_only_not_model_input,data/flame3/Fire/RGB/Corrected FOV/00205.JPG,684f50510e9a831fa4dcf3f1997f104fac93187b5d42a67be584609b1177d7cd,data/flame3/Fire/Thermal/Raw JPG/00205.JPG,7ec99363c42d6cd7767eacb5d6b22a3fb2d2233c51c28cabebea73b2c4b5496a,data/flame3/Fire/Thermal/Celsius TIFF/00205.TIFF,f5c8cde63b69d8bb48bfa839254ae02b7fd10a13c75aa0f54ce42623876cebcc,project_support/artifacts/flame3_manual_smoke_v2/machine_labels/labels/masks/train/fire/00205.png,4e589c711ad25d69c471be44beabf6411c81ac98b9b7a1b3714f7b1bee50ce3e,project_support/artifacts/flame3_manual_smoke_v2/machine_labels/labels/boundary_maps/train/fire/00205.png,de4dad09df93baa19baf647ccacd09e88ab97b763ed8c1fee0034a45780f9459
train,fire/00207,Fire,00207,0,machine_partial,diagnostic_only_not_model_input,data/flame3/Fire/RGB/Corrected FOV/00207.JPG,096d789c04072c35d9390233f22d934936f9a540a7ae3719c57f72e33d175680,data/flame3/Fire/Thermal/Raw JPG/00207.JPG,951efe26bf2f4056414e0179ee229e370b19c7d0778a095bd97759340400f5d7,data/flame3/Fire/Thermal/Celsius TIFF/00207.TIFF,8b42e7a4008750bfad5d144113653ee84650dfe778128028282290d4a33cf9e8,project_support/artifacts/flame3_manual_smoke_v2/machine_labels/labels/masks/train/fire/00207.png,babbc25d2b16d0aaba46290750150a0ff104b477c4543764390446df3d245533,project_support/artifacts/flame3_manual_smoke_v2/machine_labels/labels/boundary_maps/train/fire/00207.png,b544bec4312fe50b8494dec43c8c77783d9e9979c731339eb552113329f1e490
train,fire/00209,Fire,00209,0,machine_partial,diagnostic_only_not_model_input,data/flame3/Fire/RGB/Corrected FOV/00209.JPG,7ccfea030a89392a6889bc15a97bde9dc9c3ffdf327ef48ca7647fd15be59c80,data/flame3/Fire/Thermal/Raw JPG/00209.JPG,ef5928cf135532bbadb1789835f15a5ac5100453b293e9a22e173d023e109964,data/flame3/Fire/Thermal/Celsius TIFF/00209.TIFF,8b4c5a23c7f04fae766d8227765c0de519c7432c824e5e1cba6622ad5c1624f4,project_support/artifacts/flame3_manual_smoke_v2/machine_labels/labels/masks/train/fire/00209.png,4f9bd7e5dbbe008d8662a2b3c3dacd57a0807cd7cfc1aeb04fb3bb2bf55f40ef,project_support/artifacts/flame3_manual_smoke_v2/machine_labels/labels/boundary_maps/train/fire/00209.png,cabada64974e85564bbd51f59676b9d431c1c5aa6915f47f2b4cb5528f65b753
train,fire/00210,Fire,00210,0,machine_partial,diagnostic_only_not_model_input,data/flame3/Fire/RGB/Corrected FOV/00210.JPG,315974601fa5181cf17f777aa0145e8958a73adf7ee8a6583c3e04d77659947a,data/flame3/Fire/Thermal/Raw JPG/00210.JPG,5f026181b30408c61e7a1da6551529810082dd95d538898a9ce1f6ace59bac12,data/flame3/Fire/Thermal/Celsius TIFF/00210.TIFF,a2a91a90a851d494d0cd9c6fd15ac069ec2e327dcec620906aaf72de5e58bb4c,project_support/artifacts/flame3_manual_smoke_v2/machine_labels/labels/masks/train/fire/00210.png,29ea541f9edb41f36bdf751de64e9b4fe1489b083cc384ecf9ec8f3c161e1fd6,project_support/artifacts/flame3_manual_smoke_v2/machine_labels/labels/boundary_maps/train/fire/00210.png,39bf5f4af68c3ddcdb383af0c7ddd2c2342ac73ba67dc4851a515d124b223ff2
train,fire/00211,Fire,00211,0,machine_partial,diagnostic_only_not_model_input,data/flame3/Fire/RGB/Corrected FOV/00211.JPG,e8451dc0037dc5486fc7b57207199a4f454d2eaa783eab3295cb42423863ad97,data/flame3/Fire/Thermal/Raw JPG/00211.JPG,9d5d2710c5137897692bb4ad4c511a82ba327c602cf4610af913fad152eebf0e,data/flame3/Fire/Thermal/Celsius TIFF/00211.TIFF,008dc426e6884bfe7daa9fd89a6dffad12d1f12dfe044db3daab4c773230449a,project_support/artifacts/flame3_manual_smoke_v2/machine_labels/labels/masks/train/fire/00211.png,6a26b5ed31eb40be1601f493a1cf5b64ac0da0e9c14b0e96f2e396d9d1bc9854,project_support/artifacts/flame3_manual_smoke_v2/machine_labels/labels/boundary_maps/train/fire/00211.png,fc4863b19388394d0d1ff29bcc0577af8d37ef83dd7f3a891cbcb6f49efabee1
train,fire/00212,Fire,00212,0,machine_partial,diagnostic_only_not_model_input,data/flame3/Fire/RGB/Corrected FOV/00212.JPG,14fff1271bca28efe880e67b7a1e166eb070a0cb4f5a7f953594eb845c145ecc,data/flame3/Fire/Thermal/Raw JPG/00212.JPG,26ed4f91f88b5357f07a7b5f5b8308957913057441e7681ae14d0868e1328aef,data/flame3/Fire/Thermal/Celsius TIFF/00212.TIFF,8b0517f27deeffb51c308b1529e69eafd17477cd56bc3c8d5d751d5e1cc3c103,project_support/artifacts/flame3_manual_smoke_v2/machine_labels/labels/masks/train/fire/00212.png,338a9fed1fc49b142906e7c1c6db172895916fb6d304a9bd9fb26d97a636b91c,project_support/artifacts/flame3_manual_smoke_v2/machine_labels/labels/boundary_maps/train/fire/00212.png,b714a7c17c8a4e36750441e0b5b3d39d964fc0b9ca9d7f750873d2fff5335d92
train,fire/00213,Fire,00213,1,manual_dense,diagnostic_only_not_model_input,data/flame3/Fire/RGB/Corrected FOV/00213.JPG,5a1ac36f9cd973cc8b4a01e1c820a782cf303f4949f324e82cfdfb316021b1c7,data/flame3/Fire/Thermal/Raw JPG/00213.JPG,857d4f1f2445089ad661c350cbdc42c3e02f52d3e6882ae156859fe033bfb7f1,data/flame3/Fire/Thermal/Celsius TIFF/00213.TIFF,f7e234e9db3b999220949f3dd4dba24838a65179f5ca04b021d008cff2f75508,project_support/data/flame3_manual_smoke_v2_annotation/completed_masks/A080.png,5db2c5ad2cccbe5b569e96481272f5109eb334f877ff2781ec36d1c136cbcfa8,project_support/artifacts/flame3_manual_smoke_v2/machine_labels/labels/boundary_maps/train/fire/00213.png,2fd778be33882fa70dfca0afe73841fca709d5f1f2943c6b89491e9415954844
train,fire/00216,Fire,00216,1,manual_dense,diagnostic_only_not_model_input,data/flame3/Fire/RGB/Corrected FOV/00216.JPG,214e566ed05f52e7149256aa8a0cd56593601f25083b6094f4f702ae8c44af51,data/flame3/Fire/Thermal/Raw JPG/00216.JPG,035ef854de6009b69c5d2d9814dea58750da84535318cb6156fe53100ca6270d,data/flame3/Fire/Thermal/Celsius TIFF/00216.TIFF,9349bebc75b50eb5ff3fc9918a0e7e4f5f729842e79ce172969b9f6063e4d7b3,project_support/data/flame3_manual_smoke_v2_annotation/completed_masks/A130.png,3f5ed34197fb93a32b521aa00b77fbfff2e71827a10b2962d25f88a9fde56ac5,project_support/artifacts/flame3_manual_smoke_v2/machine_labels/labels/boundary_maps/train/fire/00216.png,b12b4b38b1eb2be68df462028d494511d756edb71b09541ad3ee4aa08b188d4b
train,fire/00218,Fire,00218,0,machine_partial,diagnostic_only_not_model_input,data/flame3/Fire/RGB/Corrected FOV/00218.JPG,bd62d14b2bab03b26ed6e083d90b58944ad6e8c3e10d339e77e8034c3d981dbd,data/flame3/Fire/Thermal/Raw JPG/00218.JPG,825631e0326e3a275e486442912704711a2fe7a595ff05b8fecb66a935dcc1fd,data/flame3/Fire/Thermal/Celsius TIFF/00218.TIFF,d743269fc2fe78c9479e19d1a161b451c1b756f88a5cfebc5ab5f1f683b3c416,project_support/artifacts/flame3_manual_smoke_v2/machine_labels/labels/masks/train/fire/00218.png,2c78beef4b70c5b45995c97b9c8760377d4bf473543bda49f1d9e4d292dc58d9,project_support/artifacts/flame3_manual_smoke_v2/machine_labels/labels/boundary_maps/train/fire/00218.png,c1ba433cde40e4b10da4c9c67ddcb77f4b9cbadea5d115ebfba41490d96905a5
train,fire/00219,Fire,00219,0,machine_partial,diagnostic_only_not_model_input,data/flame3/Fire/RGB/Corrected FOV/00219.JPG,7f398d9651972ac67b5b37f4667d5d858ea49d0b3b9a888ad4d7a12aff9301b4,data/flame3/Fire/Thermal/Raw JPG/00219.JPG,38162116d3481a21dab2ea51e5aa261cef2d6c160682d172e9861db59bcc1629,data/flame3/Fire/Thermal/Celsius TIFF/00219.TIFF,578ad289d4e8fb17f3891a5f652621192a0431c363f64352d6e589ef7d8f2cb1,project_support/artifacts/flame3_manual_smoke_v2/machine_labels/labels/masks/train/fire/00219.png,6c3027a1af0d23d5468dd42d0477cfee2db3c6da159d6f0e898cc2ada18b3c78,project_support/artifacts/flame3_manual_smoke_v2/machine_labels/labels/boundary_maps/train/fire/00219.png,2a6f29aedfdc4682131c907a9623cfacd4c3c99366bdf4231ba136abfda75e22
train,fire/00220,Fire,00220,0,machine_partial,diagnostic_only_not_model_input,data/flame3/Fire/RGB/Corrected FOV/00220.JPG,2e6da187f8500769338723d3c9db22aa307122ac29103945f79fa308ab89ef16,data/flame3/Fire/Thermal/Raw JPG/00220.JPG,2f80b9959f0a9800abd668aa68addab0a67beb4cca1c2dc74a175c0992b44389,data/flame3/Fire/Thermal/Celsius TIFF/00220.TIFF,c31410fc767a493ebf9ca9c99e922a0d209c076df83b0ebc9331295b00d0e586,project_support/artifacts/flame3_manual_smoke_v2/machine_labels/labels/masks/train/fire/00220.png,38d06284c04a14d2ffe3a032ffbdc986e8c72fcaac085d83c46196988b1446b1,project_support/artifacts/flame3_manual_smoke_v2/machine_labels/labels/boundary_maps/train/fire/00220.png,0ff2ce42fda4051fdd5606607caa003567a2f152a05cfa2a5225c625e3e1a0d8
train,fire/00221,Fire,00221,0,machine_partial,diagnostic_only_not_model_input,data/flame3/Fire/RGB/Corrected FOV/00221.JPG,a191196612fa90d11a9797a77f547a5ce056d2a15704d67511fd010846508e65,data/flame3/Fire/Thermal/Raw JPG/00221.JPG,a29ee2b541fb251fe07499641d7b515dced435ab78e14d82efd94b3c2131f1cf,data/flame3/Fire/Thermal/Celsius TIFF/00221.TIFF,a2440ed19be73d139c42313cb6d13ce2bbe88c927f002e29699a3a5db8408064,project_support/artifacts/flame3_manual_smoke_v2/machine_labels/labels/masks/train/fire/00221.png,585d81730b45c7ff17a049eb74166783b9d70f3e35ac88daafb8f332405d56f2,project_support/artifacts/flame3_manual_smoke_v2/machine_labels/labels/boundary_maps/train/fire/00221.png,af837c4cac76e2bf81005dfd61cf28594bc36e9891ac640b17fa0841b29423e3
train,fire/00224,Fire,00224,1,manual_dense,diagnostic_only_not_model_input,data/flame3/Fire/RGB/Corrected FOV/00224.JPG,245bd9eb4cfc39bdc48473ed63507d756e8107795569d1cc8da2de57006a4223,data/flame3/Fire/Thermal/Raw JPG/00224.JPG,93b276e1face505eeb0c97e9a56a0f88b7b0dd002d92c8eefea241453f123e16,data/flame3/Fire/Thermal/Celsius TIFF/00224.TIFF,ad89c2a86c3191d4dcdb8f9fc97f5542c0be022128cb670a9962bdc9c46c4ef4,project_support/data/flame3_manual_smoke_v2_annotation/completed_masks/A083.png,a026ffd20353b24681493bc6856ed6c1c73184cbd301bd245398ca480b0453df,project_support/artifacts/flame3_manual_smoke_v2/machine_labels/labels/boundary_maps/train/fire/00224.png,563f3cdfcb2b6ed761b9425234d3f59ddfb5362376a8f8ccd6228736820ef30b
train,fire/00225,Fire,00225,0,machine_partial,diagnostic_only_not_model_input,data/flame3/Fire/RGB/Corrected FOV/00225.JPG,d4b90b3575ddc4a7c4c3efc85512967d81a123993d39a73996d0da358a60b726,data/flame3/Fire/Thermal/Raw JPG/00225.JPG,6284f6c76b2a81d7d95c1e0ca663b5788bf85f5d157d6b57374fd6b9e0e9b03d,data/flame3/Fire/Thermal/Celsius TIFF/00225.TIFF,ce639496c3e07013601fccabb40c4d1d736fc79bd6a1f0698c4a1d94d377d021,project_support/artifacts/flame3_manual_smoke_v2/machine_labels/labels/masks/train/fire/00225.png,7fe9e48f4103a501bb657500a7b78f07e5e1054a77765ab9d30fef7fd47a3edb,project_support/artifacts/flame3_manual_smoke_v2/machine_labels/labels/boundary_maps/train/fire/00225.png,f4fb56bb9f4e2dd544975952dad02d5f412d184f3a1bb7b829d32c7d08bed68f
train,fire/00226,Fire,00226,0,machine_partial,diagnostic_only_not_model_input,data/flame3/Fire/RGB/Corrected FOV/00226.JPG,07411415a848a0227695bc5a42e7ce8b060378b2fd9f8487733946ba819eada8,data/flame3/Fire/Thermal/Raw JPG/00226.JPG,ea12e35bc1d70518aa9d92623327cfac893efe7ffaee0b7472e3ea02200c4d0e,data/flame3/Fire/Thermal/Celsius TIFF/00226.TIFF,4d01b2536af145305a5a063f44487fdc760d94d13d82ee42117cd509abd4f5b4,project_support/artifacts/flame3_manual_smoke_v2/machine_labels/labels/masks/train/fire/00226.png,c49dd2a401a700aebe316673d8e9a3754bfe8bffd6d3e29029cb308d33aa9a7d,project_support/artifacts/flame3_manual_smoke_v2/machine_labels/labels/boundary_maps/train/fire/00226.png,bdd1d32fa346bfa30475670bc1838d01f4f2912c04c47236716f47f7d260531c
train,fire/00227,Fire,00227,0,machine_partial,diagnostic_only_not_model_input,data/flame3/Fire/RGB/Corrected FOV/00227.JPG,1c01341fce8947fdc768ac9f79fa70e11884d3942438f0e92c16aff3f2caaa5c,data/flame3/Fire/Thermal/Raw JPG/00227.JPG,ef0d040be59a8df5c0931655618964d99afcf0aa1c265c457363b1d3211e6eb6,data/flame3/Fire/Thermal/Celsius TIFF/00227.TIFF,bd6a25adaddcbb8e442ae0e10c738c138bb2e7451db666a0d64052316a93ea61,project_support/artifacts/flame3_manual_smoke_v2/machine_labels/labels/masks/train/fire/00227.png,7d755b5987dc6b2fe930647711b8c1d625b7585182948abeedff151763e4b1d9,project_support/artifacts/flame3_manual_smoke_v2/machine_labels/labels/boundary_maps/train/fire/00227.png,4dfac00c6301563f67ed6755493a444924835147b5140c8dd1156ce7b7e05ca4
train,fire/00228,Fire,00228,0,machine_partial,diagnostic_only_not_model_input,data/flame3/Fire/RGB/Corrected FOV/00228.JPG,7e3f95a1a426c57fe9716fecb01b162fd9593d1a82bb96a469a2c43913c6c7d5,data/flame3/Fire/Thermal/Raw JPG/00228.JPG,3b59aaea0b2757b096c21c93d4cbc5f1266d8c799a09d9e44ed220ceb597e795,data/flame3/Fire/Thermal/Celsius TIFF/00228.TIFF,5eeabde0d11104e64b30ea4cc2415a24fe2f0dd195a87e41c31d25b882ff1869,project_support/artifacts/flame3_manual_smoke_v2/machine_labels/labels/masks/train/fire/00228.png,ce7d40bcea7344e4dd4ea5db5e106e99ef0823e27ee30eb7b41ce5dc7cdd68a3,project_support/artifacts/flame3_manual_smoke_v2/machine_labels/labels/boundary_maps/train/fire/00228.png,f0a46d636b1a52a0f45faf05fd0ffe95ed8adc85e701dcd5c08428400bc5574c
train,fire/00229,Fire,00229,0,machine_partial,diagnostic_only_not_model_input,data/flame3/Fire/RGB/Corrected FOV/00229.JPG,750ad071cbb9ca49eb6859b743c2cea3c8af6a44f3725c7ede8e1154e9ebceb9,data/flame3/Fire/Thermal/Raw JPG/00229.JPG,ef1684391c7f93b810855f594f2caaa394542a37bc7fa0973d8bae815d0f8be6,data/flame3/Fire/Thermal/Celsius TIFF/00229.TIFF,9399fb1973b9509967717d72a6e9979921ce33810b100191812e7a4247cfde1d,project_support/artifacts/flame3_manual_smoke_v2/machine_labels/labels/masks/train/fire/00229.png,07c35aac8cd8913eab0df641e65aeea437c09727222a913c4f3a9a39ffa5b519,project_support/artifacts/flame3_manual_smoke_v2/machine_labels/labels/boundary_maps/train/fire/00229.png,1019c74f80f97b17d93cf62e77b62d4fe052ada61ae36d78fc3d5d1ccd5ab403
train,fire/00230,Fire,00230,0,machine_partial,diagnostic_only_not_model_input,data/flame3/Fire/RGB/Corrected FOV/00230.JPG,9f839c9ab69c241f19e43385944ecc977b6bf14b8a81133227c5fffaa7b12d2f,data/flame3/Fire/Thermal/Raw JPG/00230.JPG,b9263e943122cda63696f91e5959b8aaf7179fadad443a1ef69842046309fb79,data/flame3/Fire/Thermal/Celsius TIFF/00230.TIFF,3399928927eaf90d4883722d2cc0616133d8ea911dbc0bda48cde90855f325ab,project_support/artifacts/flame3_manual_smoke_v2/machine_labels/labels/masks/train/fire/00230.png,69f1f9b4cf47d509f444b1c2880824f909227270c0a1378c7d8b0524c6035054,project_support/artifacts/flame3_manual_smoke_v2/machine_labels/labels/boundary_maps/train/fire/00230.png,6694c13a89e9b17280b85369b26a59368a624effd92793fdc214bafad57b7d82
train,fire/00233,Fire,00233,1,manual_dense,diagnostic_only_not_model_input,data/flame3/Fire/RGB/Corrected FOV/00233.JPG,927989c0b238cd88ec9623c6146c685ed0e64cda9b9ce8318b82c4c8d7943061,data/flame3/Fire/Thermal/Raw JPG/00233.JPG,4c74260e4e9e35d9ebbf3fbad99c600513be370bc0ca0b4c15e1cbc01a4b8679,data/flame3/Fire/Thermal/Celsius TIFF/00233.TIFF,ef987d0a66cc949be57b85d3e49fec0db4546f8dc7d6f23eb67f97dcb0f8b9fc,project_support/data/flame3_manual_smoke_v2_annotation/completed_masks/A123.png,fc548f2b289f0410966971b8d4310cf3eb02a36dfeacccc6a2415269843d814b,project_support/artifacts/flame3_manual_smoke_v2/machine_labels/labels/boundary_maps/train/fire/00233.png,2e6d06d1328cbd5f868855d40da89ff5b260b135375641edd79399d832004593
train,fire/00234,Fire,00234,0,machine_partial,diagnostic_only_not_model_input,data/flame3/Fire/RGB/Corrected FOV/00234.JPG,6eedc6aeec56e3b053d9d0bd4113b63a043f7812167d00dd61168c6981e377f9,data/flame3/Fire/Thermal/Raw JPG/00234.JPG,b2743b150fc670102e1ec2c5a61e8cbb17852f0a4ac0d87a8e0099783e4cfbac,data/flame3/Fire/Thermal/Celsius TIFF/00234.TIFF,6619f2980b582edb67a5ce68fdcef9b1725b7f0810cca40cc13e0f7af9db78f3,project_support/artifacts/flame3_manual_smoke_v2/machine_labels/labels/masks/train/fire/00234.png,7a65ef74da1f504e4e8b597caea0b90feb7d4b25c6465ae6bc0c43c365637e24,project_support/artifacts/flame3_manual_smoke_v2/machine_labels/labels/boundary_maps/train/fire/00234.png,cbc16276d9eaa8714b6c25649367e62fee0b3bd35f00fd5129c813bccf664e95
train,fire/00235,Fire,00235,0,machine_partial,diagnostic_only_not_model_input,data/flame3/Fire/RGB/Corrected FOV/00235.JPG,d5c1b0ed814b61afabc80b1ab95daf79612c8006680af54c40071652edc7eced,data/flame3/Fire/Thermal/Raw JPG/00235.JPG,f20b9e8b56c57826b0c95890abad60c129b2833630d011ad3f5fe59cdcdb3dea,data/flame3/Fire/Thermal/Celsius TIFF/00235.TIFF,9ed7c78c6b438a1b318d901464bfe7afb8803707a1ea737af6278438cba63317,project_support/artifacts/flame3_manual_smoke_v2/machine_labels/labels/masks/train/fire/00235.png,742cb1fa37e82c3cf53b4366d6f4abe4e210373be15141bf76000b8cbe02e152,project_support/artifacts/flame3_manual_smoke_v2/machine_labels/labels/boundary_maps/train/fire/00235.png,7cb1a56db8336b49b33f763bcadafa6ed161e7355c5dae067ca0c59794358fdd
train,fire/00236,Fire,00236,0,machine_partial,diagnostic_only_not_model_input,data/flame3/Fire/RGB/Corrected FOV/00236.JPG,6176e5f2e4100ffe1f19c739be6b3f80571fb50ceb56b5b88525282e6bde5c36,data/flame3/Fire/Thermal/Raw JPG/00236.JPG,20be0ef3bb92f52ff06f35a898faf753d9cf05a00c2ca2da92f2b974c67e6126,data/flame3/Fire/Thermal/Celsius TIFF/00236.TIFF,f6b3cf3b9a173cfd74fc500301e5ffb4e34f021111a118c985dd7480390f3210,project_support/artifacts/flame3_manual_smoke_v2/machine_labels/labels/masks/train/fire/00236.png,d167ee27ee15ba856158cb9f5d66ef7b00095ba335ec5bd10a04b297c9cfbdae,project_support/artifacts/flame3_manual_smoke_v2/machine_labels/labels/boundary_maps/train/fire/00236.png,6d712a988fbc2aadf92b066b135a034935e25dbd495c625c6cda7c1d6f4a4ff9
train,fire/00239,Fire,00239,0,machine_partial,diagnostic_only_not_model_input,data/flame3/Fire/RGB/Corrected FOV/00239.JPG,50f0991c265ea43e4b6c43190de767508aa67056b9e6574172c23f8fc5698f80,data/flame3/Fire/Thermal/Raw JPG/00239.JPG,1cfe2d13c128673e7ca41cd3fcfb9e32fae7fa17134168af8020fd08b62b76a5,data/flame3/Fire/Thermal/Celsius TIFF/00239.TIFF,0d9845fee10303c1b1808128931ed871c84ead1d423c8a3a5bdc7ad0b254ca75,project_support/artifacts/flame3_manual_smoke_v2/machine_labels/labels/masks/train/fire/00239.png,4eaf22326950f768bb9235e93adac4b29c3ca803e550922fdfaf094471a7c8bb,project_support/artifacts/flame3_manual_smoke_v2/machine_labels/labels/boundary_maps/train/fire/00239.png,8f43407c253ce327b91b2a504fe2884d938a99f4deff4eedc6f935ed4574f67f
train,fire/00241,Fire,00241,0,machine_partial,diagnostic_only_not_model_input,data/flame3/Fire/RGB/Corrected FOV/00241.JPG,4814f6af8f6815516310c91107004ebf6b68ad7f62b5082042026ed6e9d8ded3,data/flame3/Fire/Thermal/Raw JPG/00241.JPG,306da489b1f34b6b8e9b45db5bceb94eeff23b1601a8ea0382781e56cb741a49,data/flame3/Fire/Thermal/Celsius TIFF/00241.TIFF,69b011e4f85acb515f6a0f7946bf97200f56502b0c7e2a8663dea5f00ff6ab67,project_support/artifacts/flame3_manual_smoke_v2/machine_labels/labels/masks/train/fire/00241.png,24af234408eed808a168557b11bcf31051d08407845f1346954590fb5a34d0ea,project_support/artifacts/flame3_manual_smoke_v2/machine_labels/labels/boundary_maps/train/fire/00241.png,7aea252266dc94aaa8ca2514ea628bd2dfe0ac3b07bdbd0c1d401e76d6c36088
train,fire/00243,Fire,00243,1,manual_dense,diagnostic_only_not_model_input,data/flame3/Fire/RGB/Corrected FOV/00243.JPG,c21849009bc4cb40117059eabf2a0ad877f241e247b89d6866e14884aade1676,data/flame3/Fire/Thermal/Raw JPG/00243.JPG,a08d041b99a6334f92f7ef239872a4124e7b886a06c40be3a09662803efcf5e9,data/flame3/Fire/Thermal/Celsius TIFF/00243.TIFF,debd3c59911f27fed3f2836282a08f9719c10afe1832057c0f90f01a51ce1628,project_support/data/flame3_manual_smoke_v2_annotation/completed_masks/A114.png,2995fd6b019620601db250523edd90ce48d659826b16b12bf8273fd28a163ffa,project_support/artifacts/flame3_manual_smoke_v2/machine_labels/labels/boundary_maps/train/fire/00243.png,870e1281aa5abb5632a7f416898d4305779033a37214f42511e6d5c6787162a5
train,fire/00246,Fire,00246,0,machine_partial,diagnostic_only_not_model_input,data/flame3/Fire/RGB/Corrected FOV/00246.JPG,acec845c13df6e2759aedc45908957c0a810c79c93ede0e48b2ca04bf3f40634,data/flame3/Fire/Thermal/Raw JPG/00246.JPG,0729c272c75f5a1cf8d76c9042e2a66f7d3f96f776934a2125590c5c10b04ba0,data/flame3/Fire/Thermal/Celsius TIFF/00246.TIFF,d0e15782ce60589a4adc07c0570f2b24ed4f81dc4922d5c53cc021c6e4a22a01,project_support/artifacts/flame3_manual_smoke_v2/machine_labels/labels/masks/train/fire/00246.png,d54af872a064b86dcc6dd3f64ac2a91516fa6d01253bc9b727370c749a11bcbe,project_support/artifacts/flame3_manual_smoke_v2/machine_labels/labels/boundary_maps/train/fire/00246.png,fb678552b224c169cc8187056f555d579da01d6ab3164ae077d845f7a4dbe1c9
train,fire/00247,Fire,00247,1,manual_dense,diagnostic_only_not_model_input,data/flame3/Fire/RGB/Corrected FOV/00247.JPG,5706b30f2c41e0a3d44f0da1868a888c8b65911297527e5577805e8d6952cc7f,data/flame3/Fire/Thermal/Raw JPG/00247.JPG,ca56eae91f66ed84e0bf6189d98e4abf81d083962559ce3a84f4f4be753e4f5b,data/flame3/Fire/Thermal/Celsius TIFF/00247.TIFF,7ec9a8885de489272f3c6982e0b1fc03da8fb65b0dbebe868deb4c22690ca647,project_support/data/flame3_manual_smoke_v2_annotation/completed_masks/A068.png,40695f0adaa447468bb195ca97ea3284fe9bb18ab97d591c79b1277084332762,project_support/artifacts/flame3_manual_smoke_v2/machine_labels/labels/boundary_maps/train/fire/00247.png,ed0d5ddb65b14d084813a8b1ba6f4838557aa5262d5e49f762a94afe0048f912
train,fire/00248,Fire,00248,0,machine_partial,diagnostic_only_not_model_input,data/flame3/Fire/RGB/Corrected FOV/00248.JPG,7ede12cfc3b4d9254b6a8d0d9775f57f16ad6fb7eda6f0f46f2a43e716d0759e,data/flame3/Fire/Thermal/Raw JPG/00248.JPG,f2aa0bfc9e12e4b9f46082f219eca6c272d38330d9a2fa2a64acea8b0255d6a8,data/flame3/Fire/Thermal/Celsius TIFF/00248.TIFF,811db7a5fa965463f380a8ac2ef2e1ca50aa5b622b7d1752a600910b9fb40d3e,project_support/artifacts/flame3_manual_smoke_v2/machine_labels/labels/masks/train/fire/00248.png,12f40675852bad00c56bedbcb11cee451a39b8764b53f4b62e49dede76fa4a65,project_support/artifacts/flame3_manual_smoke_v2/machine_labels/labels/boundary_maps/train/fire/00248.png,18b59bde0e48ad1d38e7c8516a2afd621f2f43907193cb7cda32bc9f77b54c2c
train,fire/00250,Fire,00250,0,machine_partial,diagnostic_only_not_model_input,data/flame3/Fire/RGB/Corrected FOV/00250.JPG,4b0fc11e9fa3dc05cdb1d54813f754e3accef8b29e561b56eefc9aab05b6e6a0,data/flame3/Fire/Thermal/Raw JPG/00250.JPG,f723048624937dbfffd2afe29bc8a7753c5be87b6a228c76086e74bc378c84f2,data/flame3/Fire/Thermal/Celsius TIFF/00250.TIFF,b39aa2a4788e66ff15970c7302c9c48d14233dcd4f222c47c70c87f08712496e,project_support/artifacts/flame3_manual_smoke_v2/machine_labels/labels/masks/train/fire/00250.png,e6c0fe940d4fa3d5177920e6ce2a2c6592c95b9e7e724d38fb3b6c1f6414cd98,project_support/artifacts/flame3_manual_smoke_v2/machine_labels/labels/boundary_maps/train/fire/00250.png,4f7c088d782fe37a7a5d14f93436b967d49c8596ce3379f3367a93533ae7e3b7
train,fire/00251,Fire,00251,1,manual_dense,diagnostic_only_not_model_input,data/flame3/Fire/RGB/Corrected FOV/00251.JPG,47ad2d625dc9cb478b324ce5a605c88f7f5f7eeb7280f527b180c4bef05edbeb,data/flame3/Fire/Thermal/Raw JPG/00251.JPG,46e28b2e6e1ac6ad7868d908422fa065cca4ea54de1a3816f64af2851985275b,data/flame3/Fire/Thermal/Celsius TIFF/00251.TIFF,1313cd7a93cebf550bcaf419a86b1ebb91dafac6e2c8d4a9cba6dcb3d66a6608,project_support/data/flame3_manual_smoke_v2_annotation/completed_masks/A064.png,4e23af246eadd12e0bca859c5c04f8308021560d0cdaab98a356415792fec655,project_support/artifacts/flame3_manual_smoke_v2/machine_labels/labels/boundary_maps/train/fire/00251.png,07098c89294cfece04c605e33e004c1787ba2fbe924d6d79380622b4d8bc43d3
train,fire/00252,Fire,00252,0,machine_partial,diagnostic_only_not_model_input,data/flame3/Fire/RGB/Corrected FOV/00252.JPG,c6fd06deb2fd3eec8e7f3abfd97e72f2f11fa97a6d0bf42d085dbbc34fe4ae37,data/flame3/Fire/Thermal/Raw JPG/00252.JPG,e97ee05db62d7915bb31562c72e5d220f17a02012c8d2dfcebd3a79e5c699535,data/flame3/Fire/Thermal/Celsius TIFF/00252.TIFF,afd8745a9673efacca68c333765eacb3b0ba615bc2d80fed648260689e08a95f,project_support/artifacts/flame3_manual_smoke_v2/machine_labels/labels/masks/train/fire/00252.png,ed601be26740339f8b7d4a698295e975380f4169d2769b4a060608348b46ea26,project_support/artifacts/flame3_manual_smoke_v2/machine_labels/labels/boundary_maps/train/fire/00252.png,27e226f0e65167af42e2966501bcd861cc9e8fe71300b0a4a95bf636d6c8aae6
train,fire/00253,Fire,00253,1,manual_dense,diagnostic_only_not_model_input,data/flame3/Fire/RGB/Corrected FOV/00253.JPG,a301f644f4620d174239669f273aa73962f7f119f7369015066f1e7cd57c4c8b,data/flame3/Fire/Thermal/Raw JPG/00253.JPG,d8ecd63687aed2a66415b96b6310147ba7a726d5fcbfe25bed6cc5c63ab334a9,data/flame3/Fire/Thermal/Celsius TIFF/00253.TIFF,b5baf0a98aa7bb67e9c4fde4895e0b76208a65f569fdd5d9c3923871e754a5a2,project_support/data/flame3_manual_smoke_v2_annotation/completed_masks/A066.png,f30358413ee789aeea55ecb8673486ef6bd7f0ce7cf203870ef7d79cf2fe0914,project_support/artifacts/flame3_manual_smoke_v2/machine_labels/labels/boundary_maps/train/fire/00253.png,da47e11381ace689b2ae1b1dd6e3720209c06f1aac89fd6574de346e7af4e2d6
train,fire/00254,Fire,00254,0,machine_partial,diagnostic_only_not_model_input,data/flame3/Fire/RGB/Corrected FOV/00254.JPG,77ed38b1fdfc28671e023e9bc3a4d9e1d29cc1edd2222ed009c640617d1bc234,data/flame3/Fire/Thermal/Raw JPG/00254.JPG,cfeceae74bcbcb7421febd9989be6a6fa97a25e413b73857f8851b51059dffdb,data/flame3/Fire/Thermal/Celsius TIFF/00254.TIFF,aef643b5e595a33914b1f12a09629a03b6c302cadc0bd63fdfddaea83ba1cc2f,project_support/artifacts/flame3_manual_smoke_v2/machine_labels/labels/masks/train/fire/00254.png,50d032ad49b754cccefef692caba08c8ec2641cc3a53e46e91f2a1643b2c4616,project_support/artifacts/flame3_manual_smoke_v2/machine_labels/labels/boundary_maps/train/fire/00254.png,4b04164e3f981a44b05ee322799f9a0e6f29812db0908666421330468afcbdbf
train,fire/00255,Fire,00255,0,machine_partial,diagnostic_only_not_model_input,data/flame3/Fire/RGB/Corrected FOV/00255.JPG,07269aa0a27a2bea208f80dc36806a92b0c4b6d343ccd8543f728fb597cd48b7,data/flame3/Fire/Thermal/Raw JPG/00255.JPG,9683333bfaaecdf085d5e4bc081e3e39b6e2811fe17cc48272b9e02b0251bdc5,data/flame3/Fire/Thermal/Celsius TIFF/00255.TIFF,fc2fbaeb10aea92168bb13a7cbac58d68609b95de7ca6213df66ca7761cdd140,project_support/artifacts/flame3_manual_smoke_v2/machine_labels/labels/masks/train/fire/00255.png,d8e704a9fff9a7dea2d5ad7dea9c01d3b9e7f441e67b63e130f4c96e07fc4c0a,project_support/artifacts/flame3_manual_smoke_v2/machine_labels/labels/boundary_maps/train/fire/00255.png,44b014d45f5b1b4e8eada0f1549902bfdfc57c6bd972d824116a000d16f9e375
train,fire/00258,Fire,00258,1,manual_dense,diagnostic_only_not_model_input,data/flame3/Fire/RGB/Corrected FOV/00258.JPG,e559fd3cf9c03876617884994e0171963a4b3616f76ed5a2e0baa29889e49106,data/flame3/Fire/Thermal/Raw JPG/00258.JPG,f50b652a56b2101249e47b22683037b1163c0c51c77f24e28564a311102a6a6e,data/flame3/Fire/Thermal/Celsius TIFF/00258.TIFF,f3cbfcdce04b45427649488ffbfeb6e7bc1e4991773e6f18aeca17a0f9600d4e,project_support/data/flame3_manual_smoke_v2_annotation/completed_masks/A056.png,ebca4f517317afff2328063a68823d92c9f234443091ad50c0c4e72255471e6e,project_support/artifacts/flame3_manual_smoke_v2/machine_labels/labels/boundary_maps/train/fire/00258.png,0c9a61fcd01affaf6d01355ad6fc7e63b8d66ab843e114a99727070510596873
train,fire/00260,Fire,00260,0,machine_partial,diagnostic_only_not_model_input,data/flame3/Fire/RGB/Corrected FOV/00260.JPG,2b02c8e0b6c31de9d8387112e05098ae3e16a9567a27dd758e7c18716be698dd,data/flame3/Fire/Thermal/Raw JPG/00260.JPG,1672343815961d5963b093aba2f25578a9753b8e915d5648fa4062de765b5ea9,data/flame3/Fire/Thermal/Celsius TIFF/00260.TIFF,e6505bed0a346cfc5e7d0e8a9e9e33d79b01e2171472d4a3932f783837e835df,project_support/artifacts/flame3_manual_smoke_v2/machine_labels/labels/masks/train/fire/00260.png,d6afb275853b8a6e8050769cf75162bb176ada1ac95bfb5132297aaea00617f3,project_support/artifacts/flame3_manual_smoke_v2/machine_labels/labels/boundary_maps/train/fire/00260.png,5a7cc36ddb7821bcd4bb408581b2bbbdde0474f42edc60b866bfbed7a7bfbffa
train,fire/00261,Fire,00261,0,machine_partial,diagnostic_only_not_model_input,data/flame3/Fire/RGB/Corrected FOV/00261.JPG,81e8022fb4285757e99a03fdc2e3cf3314c180d6cf617054375fd069c7c67c29,data/flame3/Fire/Thermal/Raw JPG/00261.JPG,97ab958940c80ac41484015e14b2554f9a035588077f3cbb145e764709ae78f8,data/flame3/Fire/Thermal/Celsius TIFF/00261.TIFF,2f9a6de62ec23f1e9e7caae50f6fbe16d1deeb5e683b661476b550e04194fbfb,project_support/artifacts/flame3_manual_smoke_v2/machine_labels/labels/masks/train/fire/00261.png,dd8acbe2e47836c413b7cbaa8fde47b4d9a5224378c8e509b75b6c9aa182940c,project_support/artifacts/flame3_manual_smoke_v2/machine_labels/labels/boundary_maps/train/fire/00261.png,74ead4d4bd37658c996dd6777b2914e0a025e9025ee6814afeff9a337df01bcb
train,fire/00264,Fire,00264,0,machine_partial,diagnostic_only_not_model_input,data/flame3/Fire/RGB/Corrected FOV/00264.JPG,15e132c45bb4b87446353bf852c057a0c136b2acf0800bcb8915974b7a502600,data/flame3/Fire/Thermal/Raw JPG/00264.JPG,5d89e91bfec262224b87124f7d5dff4a5d9145c44f398cea37171337c0f8e0e7,data/flame3/Fire/Thermal/Celsius TIFF/00264.TIFF,443c35e02fbbc6dec8a9e4f95f65b3e9e6fe15273c04ff2629a9c9e00450e3bb,project_support/artifacts/flame3_manual_smoke_v2/machine_labels/labels/masks/train/fire/00264.png,5da4b2fd7fb66ecd7d59c989efd9647d80f9633c171c0f9c2c5c8953922416c1,project_support/artifacts/flame3_manual_smoke_v2/machine_labels/labels/boundary_maps/train/fire/00264.png,db30466f6636c305bf8797aa97d07c1556eaf06decb1695d7d14fc1f7a612eca
train,fire/00265,Fire,00265,0,machine_partial,diagnostic_only_not_model_input,data/flame3/Fire/RGB/Corrected FOV/00265.JPG,a686506e826c41b82b78ac14bdd27de9a1b3105978e48c75f600585801a96a6f,data/flame3/Fire/Thermal/Raw JPG/00265.JPG,debe36eb8167924bd03027c651892dc94c461a3afb1d39cc4b308d1d06380f74,data/flame3/Fire/Thermal/Celsius TIFF/00265.TIFF,6abdb2b4dbdca4dc0a6ac15f7605b824bb989124cf364eaf312a02ca83fb9527,project_support/artifacts/flame3_manual_smoke_v2/machine_labels/labels/masks/train/fire/00265.png,d88b406c34eca97a42b4db34ad6a42fade96067dca906bc19076ee8077b574bc,project_support/artifacts/flame3_manual_smoke_v2/machine_labels/labels/boundary_maps/train/fire/00265.png,b042cf5a54beab170633e4ae28bd3b424c0a45de6a1921edfdfe290a88cff8b8
train,fire/00266,Fire,00266,0,machine_partial,diagnostic_only_not_model_input,data/flame3/Fire/RGB/Corrected FOV/00266.JPG,ccbe82a4fef8dfb15af51e9ae60cb06c9eaf1061f8a39ab438016e17e8749d65,data/flame3/Fire/Thermal/Raw JPG/00266.JPG,ec087ea22aca72e429f7a729c32141a42a943485c922f70f5ae76fcb85b8741c,data/flame3/Fire/Thermal/Celsius TIFF/00266.TIFF,912ee30d1dbcf81288455b46b6c93df425cea01d3879d69fe1ea56bbabe1147e,project_support/artifacts/flame3_manual_smoke_v2/machine_labels/labels/masks/train/fire/00266.png,1905d4507d186b80eb2d9e45a3891555ae8b6723a821ff9a94a6614034a36b2a,project_support/artifacts/flame3_manual_smoke_v2/machine_labels/labels/boundary_maps/train/fire/00266.png,a28bcd3bb61d114ac20a3f77da04c6a39b28dc90714d3db8e030246e6ebae016
train,fire/00267,Fire,00267,0,machine_partial,diagnostic_only_not_model_input,data/flame3/Fire/RGB/Corrected FOV/00267.JPG,c67c13db4badbb9c6a9f3cba73d3991c00a4f62fdd365eb9734853865b8c1840,data/flame3/Fire/Thermal/Raw JPG/00267.JPG,33bf96f10ad1a279267fb2c057dcc912314ba7986b04be465ae86e7e607e64f6,data/flame3/Fire/Thermal/Celsius TIFF/00267.TIFF,eb3b1b87188578115232709cb7ecd129a9e2b938f154bddafd23d79f31bf77a0,project_support/artifacts/flame3_manual_smoke_v2/machine_labels/labels/masks/train/fire/00267.png,26374829d3e1687b3f743061e8c5f4c3cc2c3ac9f758b72f3e6a4b868d25f8f7,project_support/artifacts/flame3_manual_smoke_v2/machine_labels/labels/boundary_maps/train/fire/00267.png,6f9cc3c3485e589a505b7b728d48d33f58d9cd5175c7f311695fc91bb3145113
train,fire/00268,Fire,00268,0,machine_partial,diagnostic_only_not_model_input,data/flame3/Fire/RGB/Corrected FOV/00268.JPG,47870d0c603e219e7c7e4b6605bbc7815294d45a0b61903088e3e90fbb04397f,data/flame3/Fire/Thermal/Raw JPG/00268.JPG,b05b1a4aee97fe74bc9d84c9bf45fc0357fde74910fa2683b3f826ca5d20dc87,data/flame3/Fire/Thermal/Celsius TIFF/00268.TIFF,9d46b3e53989ccdeec43be079a5d68b2db12f0dbd12548cbadcb44bbd8d27135,project_support/artifacts/flame3_manual_smoke_v2/machine_labels/labels/masks/train/fire/00268.png,9e3982f2cfdaaa484fc4b09f602239d1b382f4f0f2dad9255339003aaecd1c47,project_support/artifacts/flame3_manual_smoke_v2/machine_labels/labels/boundary_maps/train/fire/00268.png,d96a2ca92153d91ac2c4bc4b0b7b4b764d37843fac74fc5bb4be6848505ac901
train,fire/00270,Fire,00270,0,machine_partial,diagnostic_only_not_model_input,data/flame3/Fire/RGB/Corrected FOV/00270.JPG,88c660d09ed088af750d0a1f5b1a8b2d877cdf84f8acebd648cd2ed03989a4d8,data/flame3/Fire/Thermal/Raw JPG/00270.JPG,f612e18f2dc818b6fee64ad27aa9e310934bf1c45c9be761970cedd66467bc80,data/flame3/Fire/Thermal/Celsius TIFF/00270.TIFF,88a9157073f6a54d667ff0ae2ff58b0587e1539b55db6903e67313188c1967b5,project_support/artifacts/flame3_manual_smoke_v2/machine_labels/labels/masks/train/fire/00270.png,91195e7a02ac2ee1216fe4bea0cf82c157bf8adf4b4b5ebc3e8cbda00727936c,project_support/artifacts/flame3_manual_smoke_v2/machine_labels/labels/boundary_maps/train/fire/00270.png,baf293c7aedc1fad90181cfa2fa302b265a5c516d5309b87f2293e0036209eb0
train,fire/00272,Fire,00272,0,machine_partial,diagnostic_only_not_model_input,data/flame3/Fire/RGB/Corrected FOV/00272.JPG,910a60735a7901fc24272017913adf53d462c8db26634c72055f72ee69afd2ce,data/flame3/Fire/Thermal/Raw JPG/00272.JPG,aac43de8ca25986ad269aa5ce421c11a6889b04f4334a3406f394475cec1eeef,data/flame3/Fire/Thermal/Celsius TIFF/00272.TIFF,ccce3a65f1842e4613984c50028c4ab04c7753df0e931d3ddc39fd9d886e5660,project_support/artifacts/flame3_manual_smoke_v2/machine_labels/labels/masks/train/fire/00272.png,c7f5c8b1716d9b372246e27beb9a0ad3b9fc7ea84bc6bcc36272226ca2ebdf55,project_support/artifacts/flame3_manual_smoke_v2/machine_labels/labels/boundary_maps/train/fire/00272.png,04ab3a988cc5e22f4fcaecb81f703a8a943c16e0f4cc8ba3e3895615dfb64186
train,fire/00273,Fire,00273,0,machine_partial,diagnostic_only_not_model_input,data/flame3/Fire/RGB/Corrected FOV/00273.JPG,3dcfa32c85a7b5dc56cbea438961799556eda7552534620b89d4d0cf73d21464,data/flame3/Fire/Thermal/Raw JPG/00273.JPG,dfbe389b0925df003ff91cd897e07b39597dd61296dad6cf14e0eb6bbca3481c,data/flame3/Fire/Thermal/Celsius TIFF/00273.TIFF,24b14e8967f14b3ea756a41ade82e6dbd841a9877a77fe600e58ebcc611581fa,project_support/artifacts/flame3_manual_smoke_v2/machine_labels/labels/masks/train/fire/00273.png,af2b15f9ac98c76c4b11e29c4df8861ec15d5a5ab73ff7740a79d6d974c42f31,project_support/artifacts/flame3_manual_smoke_v2/machine_labels/labels/boundary_maps/train/fire/00273.png,dc065de15fb19ba129e387f28b5edba7e011945735cfa755138a8c26f6db929e
train,fire/00275,Fire,00275,0,machine_partial,diagnostic_only_not_model_input,data/flame3/Fire/RGB/Corrected FOV/00275.JPG,8825f4cb9bad690a695872e9ec62a1e1f50acd1633bc16181b93f67fb6016c49,data/flame3/Fire/Thermal/Raw JPG/00275.JPG,2442c6553cc1804636ad108aaa749cc93627c25b2b0780beaa84c89186f9663c,data/flame3/Fire/Thermal/Celsius TIFF/00275.TIFF,ba36719a7570d3c3337fd96032e392cdb49f9f2e831648d48bbee27fa36dc63e,project_support/artifacts/flame3_manual_smoke_v2/machine_labels/labels/masks/train/fire/00275.png,95193d38e65b2277e1e3f247d4ee65079e8a228dd67af6d578d9695bd227fa2b,project_support/artifacts/flame3_manual_smoke_v2/machine_labels/labels/boundary_maps/train/fire/00275.png,2402391cdf5225a22e8cccc94c860a9b0ea90c1b3652dc4ee357bf0acd9e4d47
train,fire/00276,Fire,00276,0,machine_partial,diagnostic_only_not_model_input,data/flame3/Fire/RGB/Corrected FOV/00276.JPG,2f1be1e2f486eba37d24c47e24e1c6864f1eae862c48491a94a33d17c12a5547,data/flame3/Fire/Thermal/Raw JPG/00276.JPG,ecc523e63655d922afdafce8beac75192eeecc9cf73262df18b9ec7314b39409,data/flame3/Fire/Thermal/Celsius TIFF/00276.TIFF,72e7845ae327813f06ac595db6c1e2beaf0c3af493b5f478609aaddfe16e62e6,project_support/artifacts/flame3_manual_smoke_v2/machine_labels/labels/masks/train/fire/00276.png,8c2d49a403d919d007fbdaedfc29d7285cbd6e43329d190f663b1c1ab94620f7,project_support/artifacts/flame3_manual_smoke_v2/machine_labels/labels/boundary_maps/train/fire/00276.png,4a3721cbe8f05dd05c2321f5716d7791fe9781b5ced9d5d1c1f84936e813d1cc
train,fire/00277,Fire,00277,1,manual_dense,diagnostic_only_not_model_input,data/flame3/Fire/RGB/Corrected FOV/00277.JPG,421326ff849d0eb3197afaa7a122723e06ac9d1141cfd0c9cffb0b9a614a8ee6,data/flame3/Fire/Thermal/Raw JPG/00277.JPG,024f0ccb534ee9eaed11949a7e12fffc53208c01161c0e2154db392d546a786b,data/flame3/Fire/Thermal/Celsius TIFF/00277.TIFF,401114d762c4dcb1ea3dfb1010fea0433864f91f4d150e1af64b4a3203ff2c60,project_support/data/flame3_manual_smoke_v2_annotation/completed_masks/A100.png,9895015270f550221d936b48dfeee90730efacd01e017bee728d8cb67a4e9857,project_support/artifacts/flame3_manual_smoke_v2/machine_labels/labels/boundary_maps/train/fire/00277.png,d366254536be96603a3325d1a55d47c5c06e8665cc228c795963a309d5eae185
train,fire/00279,Fire,00279,0,machine_partial,diagnostic_only_not_model_input,data/flame3/Fire/RGB/Corrected FOV/00279.JPG,d1ef5b631039c17d0c4ed5cac3d18dcd7d323ba2b1720e6a2b3ba8cf9bc19bbe,data/flame3/Fire/Thermal/Raw JPG/00279.JPG,e6bc1650403411ab8202475e1092b6fa238ab31955ae13e0ce3c2a5e0a28bb19,data/flame3/Fire/Thermal/Celsius TIFF/00279.TIFF,ba176322d25d2e8a6428fae7811192392156a5a8f52febb3827a546b3b00b2c2,project_support/artifacts/flame3_manual_smoke_v2/machine_labels/labels/masks/train/fire/00279.png,0ad8172bda496f41d0948dd823aa03b241ac52f27cc5aa356382cd0c43db3d20,project_support/artifacts/flame3_manual_smoke_v2/machine_labels/labels/boundary_maps/train/fire/00279.png,161208131c2197ed0ee66d033cb02e819b17831d48014b3fe0213baca66efa8e
train,fire/00281,Fire,00281,1,manual_dense,diagnostic_only_not_model_input,data/flame3/Fire/RGB/Corrected FOV/00281.JPG,2db86131d8f4bca83ce0c512848af8ad628af11245afd164f45ec89a0ff05db8,data/flame3/Fire/Thermal/Raw JPG/00281.JPG,48e09d9e928dced93b67ea33c1f760bfef9a0be2627bbd271b6b11530d9eb253,data/flame3/Fire/Thermal/Celsius TIFF/00281.TIFF,d261defd17a4837ba9fbdd70061d62718faa2a82595ac74be7c778a2d1bca5e8,project_support/data/flame3_manual_smoke_v2_annotation/completed_masks/A081.png,83f8480a5b2a73ff10510478155b918d559507c1f218cab4fc285d88c0811d33,project_support/artifacts/flame3_manual_smoke_v2/machine_labels/labels/boundary_maps/train/fire/00281.png,f997f7690546b27a7e62e0db6781636372a4adbcb7eb6cb41afb9289fae28cc4
train,fire/00282,Fire,00282,1,manual_dense,diagnostic_only_not_model_input,data/flame3/Fire/RGB/Corrected FOV/00282.JPG,32723d0a7a82ebd593ac98e2132575b729567a9a9418d8ac13a23fd09258084d,data/flame3/Fire/Thermal/Raw JPG/00282.JPG,41de58a2b05ce2df7988b696dbf4a7a20c4a4bf92b1f1bf23355d57b5121972a,data/flame3/Fire/Thermal/Celsius TIFF/00282.TIFF,0a10107aad317cbae4462d5d71c151153f9932debe0727b60be5d483841a6d2a,project_support/data/flame3_manual_smoke_v2_annotation/completed_masks/A135.png,f0b95a4ad93c220b870a1c197ff82c63321b4ae436c930c365a55059c9f084c9,project_support/artifacts/flame3_manual_smoke_v2/machine_labels/labels/boundary_maps/train/fire/00282.png,949e00ea3ebc187d2d87778afffaddf3fe485b788f1614a00670d2d7d70f9387
train,fire/00285,Fire,00285,0,machine_partial,diagnostic_only_not_model_input,data/flame3/Fire/RGB/Corrected FOV/00285.JPG,c255bf51c547b2fc55afa2067dd1a64b474070d87c37844d7de33af318b07fb1,data/flame3/Fire/Thermal/Raw JPG/00285.JPG,a823e70737c4f6a4ad7a5b921c17133cc83976e192a976a8a9fe18f2ec526362,data/flame3/Fire/Thermal/Celsius TIFF/00285.TIFF,5daf014a207bff0267e4564acb41b69371e3b8ca805d4a21ab607589eecd2738,project_support/artifacts/flame3_manual_smoke_v2/machine_labels/labels/masks/train/fire/00285.png,a07d00ea3f60c9f1b87347e02a06faa02b88d112747cc4b8ea76c234cd900374,project_support/artifacts/flame3_manual_smoke_v2/machine_labels/labels/boundary_maps/train/fire/00285.png,28a7edd52fc622b8ef0ae7a16fa71eae58b17e18135145fc5e0fae811bcb7d5a
train,fire/00286,Fire,00286,0,machine_partial,diagnostic_only_not_model_input,data/flame3/Fire/RGB/Corrected FOV/00286.JPG,d1c079670cd67922e0c8129caf59eac07408a2c9a8f21e483d56c65b1ece574f,data/flame3/Fire/Thermal/Raw JPG/00286.JPG,49d4920199e9d34af77771a691fe31210fa9c261971a912015bce1cc5ae99e62,data/flame3/Fire/Thermal/Celsius TIFF/00286.TIFF,37f2e339add0d13b77d620c4bc91d0a845b4dc5bc91488ddec4ea35c176ca86b,project_support/artifacts/flame3_manual_smoke_v2/machine_labels/labels/masks/train/fire/00286.png,e00028b7a8557815d1e9393ba38e0438ba6610d9b21900f560425d6c4190fcb4,project_support/artifacts/flame3_manual_smoke_v2/machine_labels/labels/boundary_maps/train/fire/00286.png,83265c2ff8dae63a553ef0ee195dcccaafd26ef3499a7ebbce9f13b729c7b1a5
train,fire/00287,Fire,00287,1,manual_dense,diagnostic_only_not_model_input,data/flame3/Fire/RGB/Corrected FOV/00287.JPG,ae6f0f66827bddd2babc33adbf03ba1713ea49d29b1518cc98c4435a6aab7a1c,data/flame3/Fire/Thermal/Raw JPG/00287.JPG,4aa7be66166aa872205c2d6e98409c8eb3a852de852bc7c1a8b9cc39f32a1a12,data/flame3/Fire/Thermal/Celsius TIFF/00287.TIFF,9077895389756d85b1b8f0fcc906dc4b616c44f7b08e2a6785886cb182b5cab0,project_support/data/flame3_manual_smoke_v2_annotation/completed_masks/A065.png,2b10874de2e554f64af3a2a2e2b4f12b0b9f7bb655aa1e4c9069a052b631a90f,project_support/artifacts/flame3_manual_smoke_v2/machine_labels/labels/boundary_maps/train/fire/00287.png,a44b42a73644222a02f4563e51f2f248e2e22951830ee355b4a4fa9d8f9db2a1
train,fire/00290,Fire,00290,0,machine_partial,diagnostic_only_not_model_input,data/flame3/Fire/RGB/Corrected FOV/00290.JPG,c843046bd2a7cbe62ab7d681c0a6752582b33c409ee8de1a41237aafd342c4a5,data/flame3/Fire/Thermal/Raw JPG/00290.JPG,6e50cc50ce299d03908359cb8b691125287e2ecdc1acc9db808262906e2e4e3b,data/flame3/Fire/Thermal/Celsius TIFF/00290.TIFF,5ec541a1cc57bbea8c81a071836e77912a6dcdfcf7a5a83f8ee1aefbd53dac13,project_support/artifacts/flame3_manual_smoke_v2/machine_labels/labels/masks/train/fire/00290.png,0a8b35ff0a88385e396b5217546cac1951f0982cb26b597cfedbc007bd765f5e,project_support/artifacts/flame3_manual_smoke_v2/machine_labels/labels/boundary_maps/train/fire/00290.png,999e55142e418d370212522d529effcc390972927a93d52af00467de7513bb64
train,fire/00291,Fire,00291,0,machine_partial,diagnostic_only_not_model_input,data/flame3/Fire/RGB/Corrected FOV/00291.JPG,7d706669e9cf371493246ab3a2b9a28931f316c7bcb5807007a6bb52bfdfd173,data/flame3/Fire/Thermal/Raw JPG/00291.JPG,89d2ca1dfe2c6ce9cfc6f285099c25bda62da493c84b9df1186d6c0b9e24ffb0,data/flame3/Fire/Thermal/Celsius TIFF/00291.TIFF,e4ceedcbf12ae0add47dbc020ad988fc6b1a26ea70f8e7f5a5daeb7043b5fa65,project_support/artifacts/flame3_manual_smoke_v2/machine_labels/labels/masks/train/fire/00291.png,d809cb2111f437642e60c2401236954e95baa3bc9042128d61d6a2806fff0d83,project_support/artifacts/flame3_manual_smoke_v2/machine_labels/labels/boundary_maps/train/fire/00291.png,49b16bd7e3c4f864faefebb5fe8d82e8c2b9f9871cc0e742f8e9b11463047211
train,fire/00292,Fire,00292,0,machine_partial,diagnostic_only_not_model_input,data/flame3/Fire/RGB/Corrected FOV/00292.JPG,4ee4cf69a0f13a52b8dbc6e3d9deb0372b33942d79a6974a0a17b1b4b05aa80f,data/flame3/Fire/Thermal/Raw JPG/00292.JPG,ded16796dd856bcc19025783dfdc6640e8cd339801d7fb3f554b404d7cdef6cb,data/flame3/Fire/Thermal/Celsius TIFF/00292.TIFF,5b5409574028f07c13837c52c2162dd38d5029f507c6b35821dbebf180ed2bc2,project_support/artifacts/flame3_manual_smoke_v2/machine_labels/labels/masks/train/fire/00292.png,1ca3756834cea82a523517adc6d0bd34b5cf770b7c2ea92040a9c728a9f25111,project_support/artifacts/flame3_manual_smoke_v2/machine_labels/labels/boundary_maps/train/fire/00292.png,b5aad07786e2814c69f1e81bcba5c3fe3d2cd5849e810a967733820d040d1a33
train,fire/00293,Fire,00293,1,manual_dense,diagnostic_only_not_model_input,data/flame3/Fire/RGB/Corrected FOV/00293.JPG,00f9e1d19622a9d6baf08973c00df755485b61beaca593679d71d43c1e164193,data/flame3/Fire/Thermal/Raw JPG/00293.JPG,05231f7b555cd31ae1308fb5087fb1b3c717016809eb9eed85ca3c8a2ab0557b,data/flame3/Fire/Thermal/Celsius TIFF/00293.TIFF,61050d57e3c23e38759e4e52f51df10750e951d81120120c155cd17adc6a14db,project_support/data/flame3_manual_smoke_v2_annotation/completed_masks/A133.png,d3bc5afc9aaa83345acb21424aa8ae5c585f0c9a896e498f3ca8f0d06319a8f2,project_support/artifacts/flame3_manual_smoke_v2/machine_labels/labels/boundary_maps/train/fire/00293.png,0449a3e5e4635c68753cd89f811034f8c8b6072d2fb98a4072946dc0deca6034
train,fire/00294,Fire,00294,0,machine_partial,diagnostic_only_not_model_input,data/flame3/Fire/RGB/Corrected FOV/00294.JPG,a58abe8a189a72e70b0c70ccd1962dd36a20dad4b5b272966045653066546df8,data/flame3/Fire/Thermal/Raw JPG/00294.JPG,fa228c0edeb12b6800cce57bde0e049976cb5d40a16e41fd43a6c2e5fa4aa666,data/flame3/Fire/Thermal/Celsius TIFF/00294.TIFF,3cc5f0edb34d04e0101364878031d064b334f16d4e1a8b7829c3cd19ae57d2d4,project_support/artifacts/flame3_manual_smoke_v2/machine_labels/labels/masks/train/fire/00294.png,5a99386d4d3075e7042a6c1ea6352ea16cc38a33e6ea76b6688fb21f93fefa5e,project_support/artifacts/flame3_manual_smoke_v2/machine_labels/labels/boundary_maps/train/fire/00294.png,c139eab6a2593ef93653f8e19f2046cdf18c546377b2a30919ad134e511cb992
train,fire/00295,Fire,00295,0,machine_partial,diagnostic_only_not_model_input,data/flame3/Fire/RGB/Corrected FOV/00295.JPG,4454f653cf9a3ac184003ad5a54344b5e90fc2a0044c5996a00b41f234763feb,data/flame3/Fire/Thermal/Raw JPG/00295.JPG,8da521624a5733a5c06f456672f8dbb66d913d82f690e8d45e3475b2e69b98b4,data/flame3/Fire/Thermal/Celsius TIFF/00295.TIFF,663ebee191a23d57bd0450f0fd5cae2552c2e600d30130bd62604a4ed87cff66,project_support/artifacts/flame3_manual_smoke_v2/machine_labels/labels/masks/train/fire/00295.png,6f4494df86346a60da1cab1df4a24fc103c7827134a71fda14f11fc1e30f7d44,project_support/artifacts/flame3_manual_smoke_v2/machine_labels/labels/boundary_maps/train/fire/00295.png,0a2cf1b9a59d3d7c15bb7888c704e108adcd673112c8d00c6f894d7e7978ecd4
train,fire/00296,Fire,00296,0,machine_partial,diagnostic_only_not_model_input,data/flame3/Fire/RGB/Corrected FOV/00296.JPG,343c4d22c2747b0e695d3fcd7d6fbf9bfe04d8167bd308124afa762e16850593,data/flame3/Fire/Thermal/Raw JPG/00296.JPG,cb0f413a3842fd4d0178c827fd17f10fd918c7ec917fa292cc0bad5ea004edc0,data/flame3/Fire/Thermal/Celsius TIFF/00296.TIFF,d67c73e456c8314485850ce3a1114cc27fa75ea08853d03df223ff322bd068fc,project_support/artifacts/flame3_manual_smoke_v2/machine_labels/labels/masks/train/fire/00296.png,f850668978118af242b8a72da3c2b5c3ea433e99c1577453935c7f8a294a3736,project_support/artifacts/flame3_manual_smoke_v2/machine_labels/labels/boundary_maps/train/fire/00296.png,86a5922b194b952d5e09ba5d95d9f7d622539b0016abfe14cafa304d0b9bd286
train,fire/00297,Fire,00297,1,manual_dense,diagnostic_only_not_model_input,data/flame3/Fire/RGB/Corrected FOV/00297.JPG,07da8d4edee021c335560b929b20a51299d82f7ee85738aa713b7522e62a7698,data/flame3/Fire/Thermal/Raw JPG/00297.JPG,b04fc210ab0be299fd58bdebaa620eec3c35f3de6c8b305aa6ae95c73f740fdd,data/flame3/Fire/Thermal/Celsius TIFF/00297.TIFF,19123d66c311c96a1b7bb65bdbe139da4e21e4e5b9e8017a7fef3896c878533a,project_support/data/flame3_manual_smoke_v2_annotation/completed_masks/A084.png,093387ff04bbcd4d7923878e30a3937258848ef63f49e9aac1336b8d62d2eb9c,project_support/artifacts/flame3_manual_smoke_v2/machine_labels/labels/boundary_maps/train/fire/00297.png,f60203d3f8d81e842ebd2dd45ae722fd8c890510eb127359aae63158fa1868cd
train,fire/00298,Fire,00298,1,manual_dense,diagnostic_only_not_model_input,data/flame3/Fire/RGB/Corrected FOV/00298.JPG,5b085b9bf4f663f8482751807a110888c970d0e0ca9c383bbd9088cde13a5f7f,data/flame3/Fire/Thermal/Raw JPG/00298.JPG,5cb2e80842003ba640453a360a0661977616ce9448b3d1b3da73f9e1d8d6baa0,data/flame3/Fire/Thermal/Celsius TIFF/00298.TIFF,38554f688b476f2c02d68151f73dd5e3e2f20e7ff0b381536d129f55aba12b97,project_support/data/flame3_manual_smoke_v2_annotation/completed_masks/A136.png,9a0aa20efaa9edf1a2590155a09b93fcc3c2a40c522ca2e1ea24742b6b1c3051,project_support/artifacts/flame3_manual_smoke_v2/machine_labels/labels/boundary_maps/train/fire/00298.png,fb69ccdbd61f099e08a9f34810d100e4ae5fd3ed21bce2075e0096869a608252
train,fire/00299,Fire,00299,1,manual_dense,diagnostic_only_not_model_input,data/flame3/Fire/RGB/Corrected FOV/00299.JPG,15c5fbf84bc75541cdab2c0a7eb37be171c1e71a02687860cf034bf7e3fdad24,data/flame3/Fire/Thermal/Raw JPG/00299.JPG,6d1b2720d0feb339385a42f0fca05529cc443d1bbf1e091274b5881e7d359ea6,data/flame3/Fire/Thermal/Celsius TIFF/00299.TIFF,005a2542a49a33110ded60f6d2d0d6302d0b09c65506e58fd3ab86e20969a6c2,project_support/data/flame3_manual_smoke_v2_annotation/completed_masks/A122.png,3adcc6771ff84e996bb58ac6978ae3efcd7e0bacb89b836b946cc094008a9dff,project_support/artifacts/flame3_manual_smoke_v2/machine_labels/labels/boundary_maps/train/fire/00299.png,4746769ac1c41f640be3c66cd5a63c9e569e9e6e4df57ae93a8269e905727dcb
train,fire/00300,Fire,00300,0,machine_partial,diagnostic_only_not_model_input,data/flame3/Fire/RGB/Corrected FOV/00300.JPG,4b210b1f05edfba57b3f8a3a7f976760333e8dd890b302c3cfd705af53ea6db0,data/flame3/Fire/Thermal/Raw JPG/00300.JPG,664ba81d09b5154b3f4a4cfaf9c361c166a87ed5311b625c592b958a99d23110,data/flame3/Fire/Thermal/Celsius TIFF/00300.TIFF,db7f04175d80cff6580fa254120e2be6a763640c225518875cae2dc3ad90b217,project_support/artifacts/flame3_manual_smoke_v2/machine_labels/labels/masks/train/fire/00300.png,618257c812c1bfd4ca8fcfabaa12e37ea31afa0bb318368a4c1c1211ca41160a,project_support/artifacts/flame3_manual_smoke_v2/machine_labels/labels/boundary_maps/train/fire/00300.png,628e15786eb7b8ed7dbca1f6fdd8d2eb151fe3b0d8055897783db3aa7e2ab3cf
train,fire/00301,Fire,00301,0,machine_partial,diagnostic_only_not_model_input,data/flame3/Fire/RGB/Corrected FOV/00301.JPG,2c2126e0bd52aa373faf5815ef65fb91e902ed3fd40c0f82af5ae092f28455f2,data/flame3/Fire/Thermal/Raw JPG/00301.JPG,426850184062f94d59322b098147b0ba8a17afc1e32acf70383d8ec250fd397e,data/flame3/Fire/Thermal/Celsius TIFF/00301.TIFF,7ae8b37922333ccad0377deb8dab3f7e99546bd95f9c2bd60588ef973daebd87,project_support/artifacts/flame3_manual_smoke_v2/machine_labels/labels/masks/train/fire/00301.png,1101106cfd7d36d9111ef57253e3fb285b500ae80082abe35b8535ffb260ec94,project_support/artifacts/flame3_manual_smoke_v2/machine_labels/labels/boundary_maps/train/fire/00301.png,41d884cbfa5ba2297ae3a647c57e8d064501a7eda5ad2f65696fc979058f954c
train,fire/00302,Fire,00302,1,manual_dense,diagnostic_only_not_model_input,data/flame3/Fire/RGB/Corrected FOV/00302.JPG,3bad8173d8bfa5b55c5716742acd5db5978e18f2a15d133bf4ae2860f1014b3f,data/flame3/Fire/Thermal/Raw JPG/00302.JPG,1b49a14ef82554a791addd328da96469c5e109ce7a2dccf0fa88ee92b4e08707,data/flame3/Fire/Thermal/Celsius TIFF/00302.TIFF,b90b5e49332012c5155d6b724a3c9d764e92e4eb3a1d3449571f92ff75557e63,project_support/data/flame3_manual_smoke_v2_annotation/completed_masks/A069.png,d429cc0cefe05f55d46987ad69864f62a7c8ad280f0e4e8227f83ecc72d2c9d3,project_support/artifacts/flame3_manual_smoke_v2/machine_labels/labels/boundary_maps/train/fire/00302.png,dd306d17277fdf817a00bd5076529fc2026c758ce106b46d44280b03a1a99035
train,fire/00303,Fire,00303,0,machine_partial,diagnostic_only_not_model_input,data/flame3/Fire/RGB/Corrected FOV/00303.JPG,2ea45734083bf750b344f6ced10dd78fae375339274d40e49d6b6c019594bbb1,data/flame3/Fire/Thermal/Raw JPG/00303.JPG,79dd789ea3e5adf3ec59089c48db077824a5e39eb5c8b82c11cedb180c47d75b,data/flame3/Fire/Thermal/Celsius TIFF/00303.TIFF,3128af9f9e445d65bf05f39969485944da1b31781883a0d0dd06c08053718aa5,project_support/artifacts/flame3_manual_smoke_v2/machine_labels/labels/masks/train/fire/00303.png,b2093ca050236b2ad20fe250f225a135b3fc9c6432468d2102f4e890abcc489e,project_support/artifacts/flame3_manual_smoke_v2/machine_labels/labels/boundary_maps/train/fire/00303.png,c69dab440ab29779ba5158f5f5f47194de2e56afe97601372f76742ecf0e7eab
train,fire/00306,Fire,00306,0,machine_partial,diagnostic_only_not_model_input,data/flame3/Fire/RGB/Corrected FOV/00306.JPG,3280e29640cb107375fdefb21c20b9c40cf8d4676980739b8b144b6cf0ee110e,data/flame3/Fire/Thermal/Raw JPG/00306.JPG,75cc37345abe83598e436aa4b924afec3a545d25c8fe32fc038d49afadc85c0e,data/flame3/Fire/Thermal/Celsius TIFF/00306.TIFF,3fdb538509d341b0d17203979647ef30b4224c7f5dbcab3a1c445e3594d64a31,project_support/artifacts/flame3_manual_smoke_v2/machine_labels/labels/masks/train/fire/00306.png,c9bf60ca59de4390dd10c696c27149c09b236b9ae7d9e78f9fa92aa045cb733b,project_support/artifacts/flame3_manual_smoke_v2/machine_labels/labels/boundary_maps/train/fire/00306.png,332624080ee1145f7bd740c85b85a2cf34c346d24e63b3f2020e854dd424a75a
train,fire/00309,Fire,00309,0,machine_partial,diagnostic_only_not_model_input,data/flame3/Fire/RGB/Corrected FOV/00309.JPG,23b72c4211d934d9bec9d105e3277633faa73fbfcc84eba5656e93b526ac96b3,data/flame3/Fire/Thermal/Raw JPG/00309.JPG,0692e8d5a5c424320f2fc7238c5af89d8cb9771bac6fb3905f1e810443863e7f,data/flame3/Fire/Thermal/Celsius TIFF/00309.TIFF,c0d4acf77b36046810bdbbc9f389c0c194de246e884c64a0080f05bcdc3d44a9,project_support/artifacts/flame3_manual_smoke_v2/machine_labels/labels/masks/train/fire/00309.png,6b71875c5ad22b26e46041a83ce2c247c80842905f1634d271b3b54dc1d7c2f0,project_support/artifacts/flame3_manual_smoke_v2/machine_labels/labels/boundary_maps/train/fire/00309.png,45182043955dff6010dc8be9624ab4c42588dbfc90bac7e92ce0067061e05b3d
train,fire/00311,Fire,00311,0,machine_partial,diagnostic_only_not_model_input,data/flame3/Fire/RGB/Corrected FOV/00311.JPG,5e2aaf045fef6b28e123bda342e9936b8443f019ea2f16f6f7d4074a13fb4696,data/flame3/Fire/Thermal/Raw JPG/00311.JPG,5775c535dd71296245f84562a4ee3ac39d6580d666b85bcde02f18eef5b3494e,data/flame3/Fire/Thermal/Celsius TIFF/00311.TIFF,a2798e4d24da61986fc3153834ea3633147c3f21f3372552133f51d8ef797f09,project_support/artifacts/flame3_manual_smoke_v2/machine_labels/labels/masks/train/fire/00311.png,1af44eb089a31117ce40d53c6b8636df516d53015a44644557bd2f2093b61e05,project_support/artifacts/flame3_manual_smoke_v2/machine_labels/labels/boundary_maps/train/fire/00311.png,0d436cdc5e3cae202ef8e40e90fa85f4de6eb67d5bd0dbc6d8f3a9135880c100
train,fire/00312,Fire,00312,0,machine_partial,diagnostic_only_not_model_input,data/flame3/Fire/RGB/Corrected FOV/00312.JPG,3ad7de2080f0717e86829c034617285b8bc46a5a9fa6c1e82b96d2178b6ed4bc,data/flame3/Fire/Thermal/Raw JPG/00312.JPG,2678618002a77d616bd035b07e77d6075477fe4a53857c4109d681ee3d8375d5,data/flame3/Fire/Thermal/Celsius TIFF/00312.TIFF,613ae9b23c6077f5bca33571dcf05796f8bc0cd743ebd83a02ad8ba98499ca75,project_support/artifacts/flame3_manual_smoke_v2/machine_labels/labels/masks/train/fire/00312.png,974c56e39eb279902408290a5231a5af2d25a26fcbb7a429d964f556c381202e,project_support/artifacts/flame3_manual_smoke_v2/machine_labels/labels/boundary_maps/train/fire/00312.png,9131c2136ad248e60025e73e673745e03c59e7f8e26b426875d66b76f6e550d0
train,fire/00313,Fire,00313,1,manual_dense,diagnostic_only_not_model_input,data/flame3/Fire/RGB/Corrected FOV/00313.JPG,5021cc5a87177f386b6c06bbadd006e1870d68febdba9ae307faf4f77c392159,data/flame3/Fire/Thermal/Raw JPG/00313.JPG,d7b8c1a456871129e0f89f1d308786d2d60f7174e52f5f248c08f231471a191d,data/flame3/Fire/Thermal/Celsius TIFF/00313.TIFF,d2f51192b6389c279beb483b846cd55e2d6bc4153b14c4aa0b005c9bde9991ff,project_support/data/flame3_manual_smoke_v2_annotation/completed_masks/A054.png,b9cfa553292f080dbc463707231226ee3673aaa4d5c3257d9462e456ec86ec32,project_support/artifacts/flame3_manual_smoke_v2/machine_labels/labels/boundary_maps/train/fire/00313.png,1ca0c0052719349aa4f693508083b4955c918a2f5dbf5ff5a02b5aa446a06e07
train,fire/00318,Fire,00318,1,manual_dense,diagnostic_only_not_model_input,data/flame3/Fire/RGB/Corrected FOV/00318.JPG,4c7280f39d625ccfd4f2c7a92d5c4fe07bdf52e461768cfb01e10a68eff4869e,data/flame3/Fire/Thermal/Raw JPG/00318.JPG,e8f05da622db338873f625e499412b7f4e9a1109c9e376c7090438558143c5b9,data/flame3/Fire/Thermal/Celsius TIFF/00318.TIFF,2ead3f0d05e914d21d044acdc17780f6458bae164f9723d8d10cca05c234bc6e,project_support/data/flame3_manual_smoke_v2_annotation/completed_masks/A107.png,258ada5cba447c0bf9d7e37ee8d458a4767e4ea953d8f04b9f9328183994af22,project_support/artifacts/flame3_manual_smoke_v2/machine_labels/labels/boundary_maps/train/fire/00318.png,de741716f2b1f0917c2acead63b8da8943999e699e920a7adabae088fbeec4cc
train,fire/00319,Fire,00319,0,machine_partial,diagnostic_only_not_model_input,data/flame3/Fire/RGB/Corrected FOV/00319.JPG,925440b485d754cf53c4c667ff2e8b703fad75e307f52b77aeceac28766f1d2a,data/flame3/Fire/Thermal/Raw JPG/00319.JPG,7b2ffec6253a65b7be000b9dd324c607b271462110bed77b7ffe69893e5f380b,data/flame3/Fire/Thermal/Celsius TIFF/00319.TIFF,b1a7c963da87a9a3249f27f45cd82ac36c62bffc9b2e643979266f608e09acd5,project_support/artifacts/flame3_manual_smoke_v2/machine_labels/labels/masks/train/fire/00319.png,7b22e3897c8c7678ca50800c770d1a5f6e85ab790720b618c4a34e967d805472,project_support/artifacts/flame3_manual_smoke_v2/machine_labels/labels/boundary_maps/train/fire/00319.png,f6783a3ebe5b7c5c598fdda81b33180bf1062ac370b069eae9a1886cb07c4179
train,fire/00321,Fire,00321,0,machine_partial,diagnostic_only_not_model_input,data/flame3/Fire/RGB/Corrected FOV/00321.JPG,3737fd48bc1ec59ae2a0711f0088aafa961ed57b279220d0a92d263d9ed902ef,data/flame3/Fire/Thermal/Raw JPG/00321.JPG,feb8c6c8021ea60f0d581669b9792c87fc3a58bd1451342493826c1b26950017,data/flame3/Fire/Thermal/Celsius TIFF/00321.TIFF,cd003b7f65fbbd5b95b2471fd8d1e05f9451bdf3bd5dae1784ebd0b185cb0805,project_support/artifacts/flame3_manual_smoke_v2/machine_labels/labels/masks/train/fire/00321.png,0e5dbcaacfc09eea1d19e2bcb23a5403b9ab8a14fe593a987caa4a2aa9dea637,project_support/artifacts/flame3_manual_smoke_v2/machine_labels/labels/boundary_maps/train/fire/00321.png,039e396d5845fabebc8e16cd0f297b0dbbe2e40419aa0cab14aeadcede38dda7
train,fire/00324,Fire,00324,0,machine_partial,diagnostic_only_not_model_input,data/flame3/Fire/RGB/Corrected FOV/00324.JPG,a3a5950e0fa6254caa66e5a8e86df5778bb08c65de69dd749c351ec2e49890b1,data/flame3/Fire/Thermal/Raw JPG/00324.JPG,ffc9a323f2f38a49fd0bc07ba7f62e09b28a407eb3cf34dad1e17b2e7349ad14,data/flame3/Fire/Thermal/Celsius TIFF/00324.TIFF,f2796a041002262a347be6bdc2a0cdc7faeccd0d5b91a919285985f0e7900b01,project_support/artifacts/flame3_manual_smoke_v2/machine_labels/labels/masks/train/fire/00324.png,c2cb3a10efb09d09477ef378af91c2129860549d87299c3fba86ff21c849e89f,project_support/artifacts/flame3_manual_smoke_v2/machine_labels/labels/boundary_maps/train/fire/00324.png,51a7e22a603e97d65b9c75ca7f4bdd547e9ed9c3aeaafc026633e99e130da073
train,fire/00326,Fire,00326,0,machine_partial,diagnostic_only_not_model_input,data/flame3/Fire/RGB/Corrected FOV/00326.JPG,fa0d33c1fc7fe61aa6d2ab80a25c02e187ec3582a5dd285b6e5f8f9e50a21ade,data/flame3/Fire/Thermal/Raw JPG/00326.JPG,397c6d30feb2cb49a0575bb74f5b6eb994d00b91041bf048b22c8c8c4ede5f29,data/flame3/Fire/Thermal/Celsius TIFF/00326.TIFF,3344f120c5dc15f10de7dec53eccd5300d11bb2b6ad592b73a629cfd5f2467eb,project_support/artifacts/flame3_manual_smoke_v2/machine_labels/labels/masks/train/fire/00326.png,5066a9c5eafdecf497e8a44b44c5da927a1f6a8ee00591d6efef7fe998ff58a5,project_support/artifacts/flame3_manual_smoke_v2/machine_labels/labels/boundary_maps/train/fire/00326.png,3ef3685be5ba4577a143795e0ba5cb1f071c4dcc00326f0c246d8368ff5c1c3e
train,fire/00327,Fire,00327,0,machine_partial,diagnostic_only_not_model_input,data/flame3/Fire/RGB/Corrected FOV/00327.JPG,6bc91a4ea1c139b3649ea9e79496e265c3d2ce92332f20ff8c7f72c3d1151a6a,data/flame3/Fire/Thermal/Raw JPG/00327.JPG,5260d9e819197bc6474729df34708198444580fb91f9b6d14355f58f071aaec3,data/flame3/Fire/Thermal/Celsius TIFF/00327.TIFF,2a9914607e221c7ed2d9c244815d03800131ac144e5801093eea3df18bc432fa,project_support/artifacts/flame3_manual_smoke_v2/machine_labels/labels/masks/train/fire/00327.png,b1315b3effd9377f93e5b76831a01c228127fcd950b48f5e3fcbdc311934b10d,project_support/artifacts/flame3_manual_smoke_v2/machine_labels/labels/boundary_maps/train/fire/00327.png,05eee8b63ead0c41eefcea15aae153360a8216aa3e8632bcf51f7a716f54bda0
train,fire/00328,Fire,00328,0,machine_partial,diagnostic_only_not_model_input,data/flame3/Fire/RGB/Corrected FOV/00328.JPG,64831351e53f5a2584a81c30c86c1f404459372aad3e0f0073b24abd4594dfa9,data/flame3/Fire/Thermal/Raw JPG/00328.JPG,1f89cedcd5a3d9183996d1f9f5ee92721959ecff183ff0a662e8b1f650de5a6f,data/flame3/Fire/Thermal/Celsius TIFF/00328.TIFF,0d4fc9540c83c33262aa31aaaa9595034deb984aca13768640a39d59dfb782c4,project_support/artifacts/flame3_manual_smoke_v2/machine_labels/labels/masks/train/fire/00328.png,b752fd174c3cbcaff66f4c6163850d19566be071a37a7963cf09b8eb9094cc9d,project_support/artifacts/flame3_manual_smoke_v2/machine_labels/labels/boundary_maps/train/fire/00328.png,5b78a93e97b7e5cd1bc5d8693536af6757c980ed59e1656191e22b66920e1850
train,fire/00329,Fire,00329,1,manual_dense,diagnostic_only_not_model_input,data/flame3/Fire/RGB/Corrected FOV/00329.JPG,84e05081094f7e3f1cf8b11d04cef137500cf24801548c3c14258e66d6db5164,data/flame3/Fire/Thermal/Raw JPG/00329.JPG,fd0dd69497c45e3f570e7a546933faf14652bd17878ac54ffbb01a552df81647,data/flame3/Fire/Thermal/Celsius TIFF/00329.TIFF,1a33edf38b23c0f1f8ea0a8b7e5380d407ee5ab04aa2b04f41382ab020b7d590,project_support/data/flame3_manual_smoke_v2_annotation/completed_masks/A121.png,e0d320cf30ad9d4e3f793f3614c41fc29936055375c495ba309a5da0b1425b0e,project_support/artifacts/flame3_manual_smoke_v2/machine_labels/labels/boundary_maps/train/fire/00329.png,aedcc699aa4b7e011b708423f51ff05c95ab5f1db6a3f7aac6c0b08003a37b88
train,fire/00330,Fire,00330,0,machine_partial,diagnostic_only_not_model_input,data/flame3/Fire/RGB/Corrected FOV/00330.JPG,8227624be6a79888d2bb67af2aebe459cb6cda1cd7ebca8172da1cc94abe0975,data/flame3/Fire/Thermal/Raw JPG/00330.JPG,952df6df9b9d6e3be44811142be43ec218d087c4a5eda5f77e78725e66d50af8,data/flame3/Fire/Thermal/Celsius TIFF/00330.TIFF,7acdf54698646e1d573cdce0920b515e726968cbc8efaa777dee28646aff023c,project_support/artifacts/flame3_manual_smoke_v2/machine_labels/labels/masks/train/fire/00330.png,bbdd6ac5d4f11de9a5e81c4005db1ae52b8b6fe890d69c70639d88c25568819b,project_support/artifacts/flame3_manual_smoke_v2/machine_labels/labels/boundary_maps/train/fire/00330.png,f80cd9b94bcf8a2d9a5bc4cdf5ec17dcdbbb22f541fe04485412e6b7a5392dd8
train,fire/00331,Fire,00331,0,machine_partial,diagnostic_only_not_model_input,data/flame3/Fire/RGB/Corrected FOV/00331.JPG,08fc5ba0bcfe4ee4766c6372e371373caf61cc7a09bb18611671655364a1dc87,data/flame3/Fire/Thermal/Raw JPG/00331.JPG,b80446301add1f9062a824d9a10f9be2f024419b9f7acd6be918c071365ea9e1,data/flame3/Fire/Thermal/Celsius TIFF/00331.TIFF,7d2d58af8d3cfb00bb5c27f1aa6093fa084193541990cb5a7ec6b906c9a6f9dc,project_support/artifacts/flame3_manual_smoke_v2/machine_labels/labels/masks/train/fire/00331.png,4ba6b75c3f3a9ee85e30c52f4b46d352c955f45cb8276810a3691df823012674,project_support/artifacts/flame3_manual_smoke_v2/machine_labels/labels/boundary_maps/train/fire/00331.png,b3a9ea3800a1f8cd329e3dbc374865e4e2f66a54a014c83ef00d110e60c9603d
train,fire/00334,Fire,00334,1,manual_dense,diagnostic_only_not_model_input,data/flame3/Fire/RGB/Corrected FOV/00334.JPG,1ac644eda1f59fba0f9b3f03daf825821736cd6df1d4b44b5d279f87ff201ec4,data/flame3/Fire/Thermal/Raw JPG/00334.JPG,bf26d9929e3c2d5eb421e1b82489097a3ffcc47182e6554f1d69e1a75e7be148,data/flame3/Fire/Thermal/Celsius TIFF/00334.TIFF,9ea7d4ae7642949edaabf697042060bc55bbb7d9cd3ce89dedfc9762dbd334c7,project_support/data/flame3_manual_smoke_v2_annotation/completed_masks/A052.png,6904e371f82c0e93af5ce181089839c86563ac2ae4bbb019292825b892a16205,project_support/artifacts/flame3_manual_smoke_v2/machine_labels/labels/boundary_maps/train/fire/00334.png,44ac4e99282dcd168d0323b59d6a9a43ddd4145b35563ecba33d0487dfb5b426
train,fire/00335,Fire,00335,1,manual_dense,diagnostic_only_not_model_input,data/flame3/Fire/RGB/Corrected FOV/00335.JPG,8546c524abc6dbb26f219f0011d99bced56d906a1dfc726794e36ed16c9cd029,data/flame3/Fire/Thermal/Raw JPG/00335.JPG,67a868ee366c5226a504f7d84354c81296a4f8779374c6009a048e1306ee1afb,data/flame3/Fire/Thermal/Celsius TIFF/00335.TIFF,777f10d30dbb65518ad426d28771ecb95e82718b68f1ef33cbcc970fe23c11d2,project_support/data/flame3_manual_smoke_v2_annotation/completed_masks/A075.png,f9f8f8a5f51a58aa264293bb3d6933d882193ea76d3f3c086aa3ef4b50a25b70,project_support/artifacts/flame3_manual_smoke_v2/machine_labels/labels/boundary_maps/train/fire/00335.png,26fe381918befaa5bad7951a75fdab6a2ba67dcdb1ce6e9fe0c506c8c715fe7b
train,fire/00336,Fire,00336,0,machine_partial,diagnostic_only_not_model_input,data/flame3/Fire/RGB/Corrected FOV/00336.JPG,6ec1baccc566531e2fe8c97224028817b2e61b91d5162318ca8917debfc47e09,data/flame3/Fire/Thermal/Raw JPG/00336.JPG,201f886cf7906d9f5ef9925eef38e7ba91e5f24c6d6e47905a456f155e281690,data/flame3/Fire/Thermal/Celsius TIFF/00336.TIFF,5ecc572ce4be7a6255e457f31f63799549ce818348738d334f6dcdd048a94518,project_support/artifacts/flame3_manual_smoke_v2/machine_labels/labels/masks/train/fire/00336.png,fd10f79c976f0d5b45a9648f1fca67f47b23778be65350ca2b26f0cdaec8f841,project_support/artifacts/flame3_manual_smoke_v2/machine_labels/labels/boundary_maps/train/fire/00336.png,d0456d2c99098c8b0d5322cf5ac9875e164814940545a3fa14dab841be1f8698
train,fire/00337,Fire,00337,0,machine_partial,diagnostic_only_not_model_input,data/flame3/Fire/RGB/Corrected FOV/00337.JPG,1cdc447d60170f9cdfeee6352bb09d90c81238fad026d3b8f0153dca7c1f9921,data/flame3/Fire/Thermal/Raw JPG/00337.JPG,44994ae47ac4d7da0893cc7943152f5bf704ddeebdfaab09c48ec44e91c0ee5c,data/flame3/Fire/Thermal/Celsius TIFF/00337.TIFF,52cad0f600e8bfb20afab88eb5e29bd328a75522f60f67e33834b280aa02ca33,project_support/artifacts/flame3_manual_smoke_v2/machine_labels/labels/masks/train/fire/00337.png,21476007f35f14b38c3956704be3b42b15368b4cbc0afbe66de9f7decbf0886f,project_support/artifacts/flame3_manual_smoke_v2/machine_labels/labels/boundary_maps/train/fire/00337.png,849b5001807f0973ca246a63ce6652a3a9e22f582a91ea5736b12325ded4c9f2
train,fire/00338,Fire,00338,0,machine_partial,diagnostic_only_not_model_input,data/flame3/Fire/RGB/Corrected FOV/00338.JPG,520c0ee70736b56852d5ea3b3c9cb41ee0f7da88709d478172bdfa55e7f4aaca,data/flame3/Fire/Thermal/Raw JPG/00338.JPG,c2484728c9235186dc84585b473ebd64c9d8f88d67022e516675e9bb257de294,data/flame3/Fire/Thermal/Celsius TIFF/00338.TIFF,b1c75075de29c6a3056e15707e277f7717a9ddfeb3f19e2d112538f168476373,project_support/artifacts/flame3_manual_smoke_v2/machine_labels/labels/masks/train/fire/00338.png,7e595b069f3f987f7fc5a178b514932dbd8396a7a3b6bfb899fc96078fdd6a76,project_support/artifacts/flame3_manual_smoke_v2/machine_labels/labels/boundary_maps/train/fire/00338.png,d30fb961c4c21d95f1bfbe1321b32cfe422ac372f22f849c260965751ea1fb85
train,fire/00340,Fire,00340,0,machine_partial,diagnostic_only_not_model_input,data/flame3/Fire/RGB/Corrected FOV/00340.JPG,aebf63428795ad3db0c82fd75828d76a92f19a91cb5eac57476b099504512cc5,data/flame3/Fire/Thermal/Raw JPG/00340.JPG,975fce0335677cd8a6539d460534d41e993c250d987380704aecc373d3755dc9,data/flame3/Fire/Thermal/Celsius TIFF/00340.TIFF,f548a0d9c9b07a9ca7ff81be88373de85d20aa735210394c1799e278758ec3af,project_support/artifacts/flame3_manual_smoke_v2/machine_labels/labels/masks/train/fire/00340.png,c6acde8fa61cec7293d1ee001ce81936130a3d77f555307246ffddcfd94ca033,project_support/artifacts/flame3_manual_smoke_v2/machine_labels/labels/boundary_maps/train/fire/00340.png,2bde4cd70fe4c084b8680f401a745d748c7f997c0d593693c4416e157bcca9cf
train,fire/00341,Fire,00341,1,manual_dense,diagnostic_only_not_model_input,data/flame3/Fire/RGB/Corrected FOV/00341.JPG,0d13bec77b0643e1ba594689530ec991dead5f0668e950b8921bbddafd3ba2ba,data/flame3/Fire/Thermal/Raw JPG/00341.JPG,66a3c99f5697482c8381758b2ae1fc5895986d8590ec8793113696865d73ca1d,data/flame3/Fire/Thermal/Celsius TIFF/00341.TIFF,ea8c16a8e08ce85d4b7126620095a21ee7d7aa9c801a74804b4bc4700318d86a,project_support/data/flame3_manual_smoke_v2_annotation/completed_masks/A127.png,80bd423c0718f406fc046ba0b672c24480d37f6fd4b5aa519a511ef6e9cafb9a,project_support/artifacts/flame3_manual_smoke_v2/machine_labels/labels/boundary_maps/train/fire/00341.png,4dfc28e7b809c188fd136f3d26325a24a9f7ff55a505e08cd89c804fdfe3d962
train,fire/00343,Fire,00343,0,machine_partial,diagnostic_only_not_model_input,data/flame3/Fire/RGB/Corrected FOV/00343.JPG,92c3a4c2baf29f337ba9eb68e9408e41981782cb75271cbb49f3801eb74bf4cc,data/flame3/Fire/Thermal/Raw JPG/00343.JPG,b1f1c1a12decb90a5338acfcf48a02936b1f6236316c27c4184d5c856ca76c04,data/flame3/Fire/Thermal/Celsius TIFF/00343.TIFF,383cc93955a4de373e762b4c83b8e0d522922f70e4b32a6647615e51f2fe515f,project_support/artifacts/flame3_manual_smoke_v2/machine_labels/labels/masks/train/fire/00343.png,a64832612d4331efb4fe7f2ba777f53261d3645965aeefdc9345ad9c79d8bf67,project_support/artifacts/flame3_manual_smoke_v2/machine_labels/labels/boundary_maps/train/fire/00343.png,1e2243a1dfbbb1b92b47ae8a2477ef6cfc0bef073e243aea9de2e0aa9e2f85ab
train,fire/00345,Fire,00345,0,machine_partial,diagnostic_only_not_model_input,data/flame3/Fire/RGB/Corrected FOV/00345.JPG,09d649f16a4d2571739b36b5252ae4c12bde8142cc2b544f1e5afe50174b3237,data/flame3/Fire/Thermal/Raw JPG/00345.JPG,3730175ea9af76a127c25fe074168545788bd47d6448993bf2c51c8f935c6504,data/flame3/Fire/Thermal/Celsius TIFF/00345.TIFF,b4b9c35c65535a6990f01737182f687952647efecdd0ab9cbbc5bb4ed9476aa9,project_support/artifacts/flame3_manual_smoke_v2/machine_labels/labels/masks/train/fire/00345.png,f648de23c545a297918c55c6a6b7bd3696ac28cd53aed69d2c3f3cb0f9a0f444,project_support/artifacts/flame3_manual_smoke_v2/machine_labels/labels/boundary_maps/train/fire/00345.png,fa658d2724ea6d61b6fa5258200844de4dade9ee5925fc4149c3319602f48a9d
train,fire/00346,Fire,00346,0,machine_partial,diagnostic_only_not_model_input,data/flame3/Fire/RGB/Corrected FOV/00346.JPG,053e2d6896a7ba31a0e034791670b7067dd19227a7ee9b1f2ec09d28a5212f0d,data/flame3/Fire/Thermal/Raw JPG/00346.JPG,2fd0d0208dbc9bd8df9acc1c35b3f0c662ad171f102397ec5c54b25f4e1e3ea2,data/flame3/Fire/Thermal/Celsius TIFF/00346.TIFF,5e73320a2e0d8da39bf30693718a571fcba9c7e79d65e219ece78910d883c414,project_support/artifacts/flame3_manual_smoke_v2/machine_labels/labels/masks/train/fire/00346.png,f3f2eda093e3b99a444ef5bf00e80b361528954d799eb67b5c58c13f8e41910a,project_support/artifacts/flame3_manual_smoke_v2/machine_labels/labels/boundary_maps/train/fire/00346.png,91d954249a44ba6798ca5118717398c52290ccab4a14c76c2f685d6f7d3b29ef
train,fire/00347,Fire,00347,0,machine_partial,diagnostic_only_not_model_input,data/flame3/Fire/RGB/Corrected FOV/00347.JPG,2a84cf2bf645af4879a1b39983960b5ea1463852d6af0b0d5bd45390c6669682,data/flame3/Fire/Thermal/Raw JPG/00347.JPG,d1f38cfe2901e580edd1a9c7268b62644b9dd2fe7dd47cc86728877b41521fe8,data/flame3/Fire/Thermal/Celsius TIFF/00347.TIFF,f5d29881bed41d8941062476e58b6481c116b8bc3a8a13bc41662196741b61c9,project_support/artifacts/flame3_manual_smoke_v2/machine_labels/labels/masks/train/fire/00347.png,e8562de9b487cabb23b4e4d2cb8bccff5ee4132773ac86fee632d81b5f4a52c0,project_support/artifacts/flame3_manual_smoke_v2/machine_labels/labels/boundary_maps/train/fire/00347.png,c393281fded37c4cc8419a7c3cdf25bda76c845214003e30aed645768e6e3e35
train,fire/00348,Fire,00348,0,machine_partial,diagnostic_only_not_model_input,data/flame3/Fire/RGB/Corrected FOV/00348.JPG,be24bc6afedb2a347253ec31f81fcd28206c304b40745314aedded38a3e96287,data/flame3/Fire/Thermal/Raw JPG/00348.JPG,84ced8c792a6d215f3138fe4b343b5e86edb2a677b50fe599ad080c697fc8bab,data/flame3/Fire/Thermal/Celsius TIFF/00348.TIFF,c04fa268f70282c916af8b86c48545a57804bcd9b502842a9df36f2349915672,project_support/artifacts/flame3_manual_smoke_v2/machine_labels/labels/masks/train/fire/00348.png,7fae551d9d02365a50a5d04e09923397da0f87ddac8f18b6f2a4ee2f41f3b953,project_support/artifacts/flame3_manual_smoke_v2/machine_labels/labels/boundary_maps/train/fire/00348.png,24900abdbaa56464d2c58b85953acb51c6a01af3d321aa76d2dada5852e19e48
train,fire/00349,Fire,00349,0,machine_partial,diagnostic_only_not_model_input,data/flame3/Fire/RGB/Corrected FOV/00349.JPG,06470983163ee2948d9b77c00994b07e8418a72df1767b65cfd975f54a3eed30,data/flame3/Fire/Thermal/Raw JPG/00349.JPG,c20cff158edfb8fcbc400914c414a755756fbdf1f6911f5ce1474e636a3b9b5d,data/flame3/Fire/Thermal/Celsius TIFF/00349.TIFF,de59c67f755cb667ebdb5edae4f60441693b9573160d1f44e9b63449c27b6448,project_support/artifacts/flame3_manual_smoke_v2/machine_labels/labels/masks/train/fire/00349.png,c5002e2afd9d073495c69e0076d01fe6c47953ff645716ab998fef6c84175535,project_support/artifacts/flame3_manual_smoke_v2/machine_labels/labels/boundary_maps/train/fire/00349.png,021fb13960776298fc175e3f48af584f9b7264c41bc19ec882ba758a56d926d9
train,fire/00350,Fire,00350,0,machine_partial,diagnostic_only_not_model_input,data/flame3/Fire/RGB/Corrected FOV/00350.JPG,33e1181792f5b530a3ad744f16ce75fc3f2606e7bcd59eb09a4e619248f70bcd,data/flame3/Fire/Thermal/Raw JPG/00350.JPG,ea1e9f72c223beae63bb86342704fdde6d5b12424b812af924804e42722eb002,data/flame3/Fire/Thermal/Celsius TIFF/00350.TIFF,9cd8a50a9dca73f51ab844995d888dfe1fb714e02a2f8aef6f0ae2b1cc7b3349,project_support/artifacts/flame3_manual_smoke_v2/machine_labels/labels/masks/train/fire/00350.png,bbbfa40a18d1658ddac7d2908a41d50069ad1fdb578b81fbff7151872c908224,project_support/artifacts/flame3_manual_smoke_v2/machine_labels/labels/boundary_maps/train/fire/00350.png,92535a2ecf699f0c07aa00f07a1efc8b5eedb83503b85a5621ffea73208d0e2e
train,fire/00351,Fire,00351,0,machine_partial,diagnostic_only_not_model_input,data/flame3/Fire/RGB/Corrected FOV/00351.JPG,5fe6fc8097c167a9088f3df1bac10557d923a8169641e4619d11b3c19d34665c,data/flame3/Fire/Thermal/Raw JPG/00351.JPG,a538337aa565da2647171fd24d5e7865281dd361ad2bb7a05498d51d464623e1,data/flame3/Fire/Thermal/Celsius TIFF/00351.TIFF,bbc66e0085d7cd87f513be058a6064cf36188c337bb2764b223e298f68019820,project_support/artifacts/flame3_manual_smoke_v2/machine_labels/labels/masks/train/fire/00351.png,fa944ad9701bef6d9a6d206ab1ffb8a05e9cbadc3cf8e92d318376d5c6a65183,project_support/artifacts/flame3_manual_smoke_v2/machine_labels/labels/boundary_maps/train/fire/00351.png,de770f0735806ede6f54bd24888f28992376fc016e55925ecd8a358e3e97a94d
train,fire/00353,Fire,00353,0,machine_partial,diagnostic_only_not_model_input,data/flame3/Fire/RGB/Corrected FOV/00353.JPG,fac67c1b5498fdadb2e8efe2fde57cd369c322c55e8b69d3bb106349e3623765,data/flame3/Fire/Thermal/Raw JPG/00353.JPG,545e9f6e72614d0bdc0dba743d4f0d35e77a595f15272512b616ac00b151289b,data/flame3/Fire/Thermal/Celsius TIFF/00353.TIFF,450edb17584d24a146ee20a4d44be86a6a28d469fd80745898e4383995bc37f9,project_support/artifacts/flame3_manual_smoke_v2/machine_labels/labels/masks/train/fire/00353.png,c30c15c652661dbe11cf5649ffe4442006ad15b6004c1e9b4716c5e2f618fd1d,project_support/artifacts/flame3_manual_smoke_v2/machine_labels/labels/boundary_maps/train/fire/00353.png,700dee90ec86a83133bac986fba383112f64d681f68584ef3daf74cc81fcb2d2
train,fire/00355,Fire,00355,0,machine_partial,diagnostic_only_not_model_input,data/flame3/Fire/RGB/Corrected FOV/00355.JPG,d7e4585530744942b839f38b1634436d76604669a6c96746a05ae279cb99f6c7,data/flame3/Fire/Thermal/Raw JPG/00355.JPG,84dece460afd23b36d24d54f2ed17469c58b288c186b1dd73aa2f86c38e4ccf1,data/flame3/Fire/Thermal/Celsius TIFF/00355.TIFF,aaf590d7101173e872dc016c8ca9f668f66f0b49c5a94aa859c63d079fcca797,project_support/artifacts/flame3_manual_smoke_v2/machine_labels/labels/masks/train/fire/00355.png,00b8275fc10f767fc9bcf68861448674a9a866412eaf3b85e5f31ce9a028f4e9,project_support/artifacts/flame3_manual_smoke_v2/machine_labels/labels/boundary_maps/train/fire/00355.png,92e7ce51e8b30000d65f2e68276fe199fa6e1396d5c451150efa9c4637d18ed5
train,fire/00357,Fire,00357,0,machine_partial,diagnostic_only_not_model_input,data/flame3/Fire/RGB/Corrected FOV/00357.JPG,4d93189af3c7a80764e9f34def2974b90aa9d29d1fc1461c1c6baf10a929e837,data/flame3/Fire/Thermal/Raw JPG/00357.JPG,3611d6fbde7e4bc91aea36423f2a15cb55eb94331f0910394d6d3e4e37d5456a,data/flame3/Fire/Thermal/Celsius TIFF/00357.TIFF,e71c5dbb37cfd77d23856c8982eef728be7be06c51fd818244024a2f4379b901,project_support/artifacts/flame3_manual_smoke_v2/machine_labels/labels/masks/train/fire/00357.png,98591b8d8d1051be99457acfc5fab24da2a8c9a5fbf6adb1163cfc367da2571c,project_support/artifacts/flame3_manual_smoke_v2/machine_labels/labels/boundary_maps/train/fire/00357.png,b3cb619f46d3941f17f4afdf51c5532a687c1ebb91ce3d9b5874a07067c212a5
train,fire/00360,Fire,00360,0,machine_partial,diagnostic_only_not_model_input,data/flame3/Fire/RGB/Corrected FOV/00360.JPG,c1b3b7b949b9001d382009cd7d3a928bc506f6417c7f37f54acdc4ae22e217f5,data/flame3/Fire/Thermal/Raw JPG/00360.JPG,4e24fff7d20e5974154725e4458946dde02ccc744605aed1a3f86db93384b910,data/flame3/Fire/Thermal/Celsius TIFF/00360.TIFF,bf1574bfd0d1ffaf75a0fe34340147d61298d214331d6d2a1e30a5b252be4760,project_support/artifacts/flame3_manual_smoke_v2/machine_labels/labels/masks/train/fire/00360.png,85a5770d0b450e4fcb3b46052c65e9db455b0466d2980cbdd1e82ede731a532f,project_support/artifacts/flame3_manual_smoke_v2/machine_labels/labels/boundary_maps/train/fire/00360.png,775e8835b45f4c6d4d7cc421606526bbdc6851a8844bf3d0dec8d13cf20ae85a
train,fire/00361,Fire,00361,1,manual_dense,diagnostic_only_not_model_input,data/flame3/Fire/RGB/Corrected FOV/00361.JPG,8c5c5692453f500161819346483aff14f46d603300dbb81f255a61f3aa4ba7e2,data/flame3/Fire/Thermal/Raw JPG/00361.JPG,7bf27e209c9a36dc0b6b8c23e367d2fccae5d293620d77a002da99557f354b6c,data/flame3/Fire/Thermal/Celsius TIFF/00361.TIFF,26f6ffd960b6a4f5b7acc3e8edff32601f8d119df3b4572208d3efc5ff57caa8,project_support/data/flame3_manual_smoke_v2_annotation/completed_masks/A094.png,c286a7962d96cd4f34fdece31804e7e4ef18b3951562d86e80391aaf01db10c9,project_support/artifacts/flame3_manual_smoke_v2/machine_labels/labels/boundary_maps/train/fire/00361.png,17cbc1787f317d167eee56b5d16f3828f1b5e454b63f8b78119f1f1ed3590835
train,fire/00362,Fire,00362,0,machine_partial,diagnostic_only_not_model_input,data/flame3/Fire/RGB/Corrected FOV/00362.JPG,ef76087dbc9ce7ba7f200243294df5fcbee03c3be030943aea175c0a801d725f,data/flame3/Fire/Thermal/Raw JPG/00362.JPG,01a79e2b3aa6f990aaec53a17a915bc498b463b58088b4369ba8b1f1730a9c50,data/flame3/Fire/Thermal/Celsius TIFF/00362.TIFF,4738ab8619bfb3d208bab6a78a19e8a427b5de59990481105a54c880ebae8bae,project_support/artifacts/flame3_manual_smoke_v2/machine_labels/labels/masks/train/fire/00362.png,fde782f04104b361e2cc4252c3b001c61cf39eb0a6587c93f6a43deaf297972d,project_support/artifacts/flame3_manual_smoke_v2/machine_labels/labels/boundary_maps/train/fire/00362.png,a074cb46802942829b1c65438bba0aedd9a348d0f3662c57c407435254ea59bd
train,fire/00363,Fire,00363,0,machine_partial,diagnostic_only_not_model_input,data/flame3/Fire/RGB/Corrected FOV/00363.JPG,8725177cbb37be76bead86335925ddf4c79218d24d04804f3c6c33bd3c2e4bf1,data/flame3/Fire/Thermal/Raw JPG/00363.JPG,cddc425d81e15584417356ca3de9aa388a0f7a35fa1d4441885ae24fe371414e,data/flame3/Fire/Thermal/Celsius TIFF/00363.TIFF,8ac0f558b76c808fc2b3b35ad55d3020ae1d8d59ec9df2c4d7df98dc159b83f4,project_support/artifacts/flame3_manual_smoke_v2/machine_labels/labels/masks/train/fire/00363.png,633fee4e128ebb39ab9334e0d4a269c66125b711daa53af070aea29b602a73cc,project_support/artifacts/flame3_manual_smoke_v2/machine_labels/labels/boundary_maps/train/fire/00363.png,a5464efa1ec21d436b792464b9b89011fe58ba5f98afc611b7e8282d50cfbc26
train,fire/00364,Fire,00364,1,manual_dense,diagnostic_only_not_model_input,data/flame3/Fire/RGB/Corrected FOV/00364.JPG,540858b37f22fc4c2aac362556abb66ceb009512b1690360b1344ceb3ecc832e,data/flame3/Fire/Thermal/Raw JPG/00364.JPG,b9081f08e1b991ad252fdc73c59dbc0eb55d68b0b6f290a9c88dcc8032d0451a,data/flame3/Fire/Thermal/Celsius TIFF/00364.TIFF,216af3d9af1490e5efe1ea2bdd42a5be0d76070f1afedc14e262471d82ee4a12,project_support/data/flame3_manual_smoke_v2_annotation/completed_masks/A103.png,1e1d27a91f4b3bd6ce625b66a0cf09883b442706ba9f8930103be47d062dc2f1,project_support/artifacts/flame3_manual_smoke_v2/machine_labels/labels/boundary_maps/train/fire/00364.png,0aee6f9a5cbab2034f3bcc598fb8e1f8e09bfa41669b0da7d8ecd750ac7c4079
train,fire/00365,Fire,00365,0,machine_partial,diagnostic_only_not_model_input,data/flame3/Fire/RGB/Corrected FOV/00365.JPG,ea685e9d29f6b749479d0618cdfe577e51aef8e7692350a803c1097da39710ae,data/flame3/Fire/Thermal/Raw JPG/00365.JPG,fb14b6715fc6fcbb49d8d5458b77f67922dc9ccfc793d923883ae84f1d0817cc,data/flame3/Fire/Thermal/Celsius TIFF/00365.TIFF,a91682979a809de55e63e01e721c515351917bbefe007729898566b3a4c912a4,project_support/artifacts/flame3_manual_smoke_v2/machine_labels/labels/masks/train/fire/00365.png,b824c1635920d9cbab710748c55031663227d7ccb1dac636712390cdb2faab3b,project_support/artifacts/flame3_manual_smoke_v2/machine_labels/labels/boundary_maps/train/fire/00365.png,aec3f9a77ae85cf98266d5c4987f07d052df8ae214c7f3aacef7b0fa8d1ea8b6
train,fire/00366,Fire,00366,0,machine_partial,diagnostic_only_not_model_input,data/flame3/Fire/RGB/Corrected FOV/00366.JPG,bb6edc9e0b84ef653f2b2f2aa03aff366cf328ee8cdaee507e7003eb6365a4ac,data/flame3/Fire/Thermal/Raw JPG/00366.JPG,38fb9dff5e5ee4f071d29566b267d9a2c61b9bd7410dd35d2625c73023e92e8c,data/flame3/Fire/Thermal/Celsius TIFF/00366.TIFF,1591c53a80e21a8a029e9e3a3cffe1fcb79b8860916a2ee20f1f25d243ca1222,project_support/artifacts/flame3_manual_smoke_v2/machine_labels/labels/masks/train/fire/00366.png,4c0280ecbb19d4178ed715903fcbdddd394b604e651633455b0e6f129e7c13d5,project_support/artifacts/flame3_manual_smoke_v2/machine_labels/labels/boundary_maps/train/fire/00366.png,a6db32679de5a45785fd0454a7a98a3e5731dcaf325a516df790dfc1d0e9e133
train,fire/00367,Fire,00367,0,machine_partial,diagnostic_only_not_model_input,data/flame3/Fire/RGB/Corrected FOV/00367.JPG,1392b2f3469aa1e229c7ce4b3b894a31c4f01b04a107adb3442610fa1e09ed52,data/flame3/Fire/Thermal/Raw JPG/00367.JPG,5943db8467bc5fd7da441c1c928ce3ec60ae5623b69dc345e46ee08c15e29209,data/flame3/Fire/Thermal/Celsius TIFF/00367.TIFF,a50a1d029bae2d19b177d321189737f3d355700de1ec767f4d53a4f44f5f5802,project_support/artifacts/flame3_manual_smoke_v2/machine_labels/labels/masks/train/fire/00367.png,889c90556e4a74fa4c75bd0ce58db28efa5503f0659a4a75a453d41455778018,project_support/artifacts/flame3_manual_smoke_v2/machine_labels/labels/boundary_maps/train/fire/00367.png,f06930bf2938006f8d426aadd45a6b05fc21db89f6ef6112f59a8af6ae33366d
train,fire/00369,Fire,00369,0,machine_partial,diagnostic_only_not_model_input,data/flame3/Fire/RGB/Corrected FOV/00369.JPG,7952a574cba48fc12ea222de85cd2dfafeb308444bd5f4b1365576153e906e5b,data/flame3/Fire/Thermal/Raw JPG/00369.JPG,8f3fae296d1ecd3c7f185c3216878e443979c109adfdb7b1690535a0bd2ac1cc,data/flame3/Fire/Thermal/Celsius TIFF/00369.TIFF,34cccc1182f82bceb6260bfa44e397ecbfb03939c2018b4a6616a55f76b3389c,project_support/artifacts/flame3_manual_smoke_v2/machine_labels/labels/masks/train/fire/00369.png,826fb7e7d4cc63d267cca2328fa1df8ff7bb2075125b8b0c65fcbec58705f0c8,project_support/artifacts/flame3_manual_smoke_v2/machine_labels/labels/boundary_maps/train/fire/00369.png,ab2f1e52e995351cdf6458f3a00f7f3ff56456673d9514c654d2884d7e1d36c3
train,fire/00370,Fire,00370,1,manual_dense,diagnostic_only_not_model_input,data/flame3/Fire/RGB/Corrected FOV/00370.JPG,9ff09dcb249ab9d4a93ed29cb9bbbf4114a4730876073ac93561e94d4a07c55c,data/flame3/Fire/Thermal/Raw JPG/00370.JPG,ccdbc64fdce0e54a082011aa57535c3abc28df5d510789ae52fa057efcce9bc7,data/flame3/Fire/Thermal/Celsius TIFF/00370.TIFF,e08e9f52b618e4ee9bb5c9fb0be6bb316d7c5903160dbed151b48a9e842ec622,project_support/data/flame3_manual_smoke_v2_annotation/completed_masks/A126.png,4e2d4c1ce5225c4c98e972b622c8d8d2934fe036ccdb3c2fd1e05cce1f1cc5f7,project_support/artifacts/flame3_manual_smoke_v2/machine_labels/labels/boundary_maps/train/fire/00370.png,bbb2485ae0d5e36b3bd10f306c45be984fec4f52fbc766bc12625bdd1f8fc04d
train,fire/00371,Fire,00371,0,machine_partial,diagnostic_only_not_model_input,data/flame3/Fire/RGB/Corrected FOV/00371.JPG,2b3b83704df3f3120c080d6ad7835dfeda4535d4776f652693e9eb2f6dbc4644,data/flame3/Fire/Thermal/Raw JPG/00371.JPG,dc1fe5637d189df1842b0a7627a549f49136d3e0e417627d950efebaa299ba97,data/flame3/Fire/Thermal/Celsius TIFF/00371.TIFF,e16a3200bb2d114ecc5c69bd9600d8eedf4404b5b2e8762f6f660dd09e579436,project_support/artifacts/flame3_manual_smoke_v2/machine_labels/labels/masks/train/fire/00371.png,5b202a90b80b8a1f0309b5a107c751dfbbf3fd203924c197c155323619493242,project_support/artifacts/flame3_manual_smoke_v2/machine_labels/labels/boundary_maps/train/fire/00371.png,56f612c07bd20962021d15860d6936751d25fd6190feddfb0f38b9457327c3d4
train,fire/00372,Fire,00372,0,machine_partial,diagnostic_only_not_model_input,data/flame3/Fire/RGB/Corrected FOV/00372.JPG,2759d808a552702b647c37af8a2b1d331d48c523264575a77f31a9aa3068f619,data/flame3/Fire/Thermal/Raw JPG/00372.JPG,bbd782447ed021ef9614baee4cdb15c38e586fc4adac032d13cae50dc3250380,data/flame3/Fire/Thermal/Celsius TIFF/00372.TIFF,6b6534eea49af1148cd2427d55c25199ddb366c1ad9ee84a5f6a12b67dc375cc,project_support/artifacts/flame3_manual_smoke_v2/machine_labels/labels/masks/train/fire/00372.png,96080f6878e761e21cf69e59d4d2fc3cab5cf67d1e6d736567e3f50ab43c9294,project_support/artifacts/flame3_manual_smoke_v2/machine_labels/labels/boundary_maps/train/fire/00372.png,ad40957a28efbd8d75d807e320df4b02082197fd3b9584dc54209f7248e7c44b
train,fire/00373,Fire,00373,0,machine_partial,diagnostic_only_not_model_input,data/flame3/Fire/RGB/Corrected FOV/00373.JPG,68ee571fc38865f3432bf7a97e75fc96e9a8ab5448483a8ac563428052f59424,data/flame3/Fire/Thermal/Raw JPG/00373.JPG,de9909747820857089159876f4dcb541d64ad659967f59796307d6a20a088b57,data/flame3/Fire/Thermal/Celsius TIFF/00373.TIFF,574b0db6cc6ae5dd91a8d3e4c858879b65dab24ae2f73b00d269e0b06411f182,project_support/artifacts/flame3_manual_smoke_v2/machine_labels/labels/masks/train/fire/00373.png,6e5cb6f7ccfa1095944e32c2f5965068bd8011faf4a6cccc1adb9ed70f2c6750,project_support/artifacts/flame3_manual_smoke_v2/machine_labels/labels/boundary_maps/train/fire/00373.png,238049336f45c26824b3b0eeb4cbd11ba5b434c99c67c3966123a879779940b7
train,fire/00376,Fire,00376,0,machine_partial,diagnostic_only_not_model_input,data/flame3/Fire/RGB/Corrected FOV/00376.JPG,3c5f1d361ed376a31d677355c35fc4a10465e2b4102055a63585658abecdd37f,data/flame3/Fire/Thermal/Raw JPG/00376.JPG,a9f098e02001188e7aaf1cd33ef0a5a86538cde72df726484c153473fb0e0324,data/flame3/Fire/Thermal/Celsius TIFF/00376.TIFF,61f5ff6970a2b69121bc49f8f8977ce7f2b9a8db563f65ae058fd55fd1b90648,project_support/artifacts/flame3_manual_smoke_v2/machine_labels/labels/masks/train/fire/00376.png,96959fb3c3114b4a31a0de9ceeb94328fd4b03d9f14df50ed1558c620f23b911,project_support/artifacts/flame3_manual_smoke_v2/machine_labels/labels/boundary_maps/train/fire/00376.png,50c8ec08fa67efacde8f344d7771e9d24f848f317a481a33370e851fc4be00d7
train,fire/00377,Fire,00377,0,machine_partial,diagnostic_only_not_model_input,data/flame3/Fire/RGB/Corrected FOV/00377.JPG,646fe331f8ae2570a793f2b457fa0257d8c6281631ade0c4ce5752becc523cb3,data/flame3/Fire/Thermal/Raw JPG/00377.JPG,0a6fe1e7f04a7653d7fb4f594af70c2cac0b84251813a064f8e28d2d12b4732d,data/flame3/Fire/Thermal/Celsius TIFF/00377.TIFF,fe035f003043b22cae89de15e5146f1bb4d5475558e2ab9872564d2ad1426c08,project_support/artifacts/flame3_manual_smoke_v2/machine_labels/labels/masks/train/fire/00377.png,184f7aff5c378d2aae62ff07a5f10a91d0d27b6fba2480ed6f6415606a2e12ba,project_support/artifacts/flame3_manual_smoke_v2/machine_labels/labels/boundary_maps/train/fire/00377.png,2eedd795e81cf29422f8a620ca58606c89b617853a5f72f4ea096108960bed80
train,fire/00378,Fire,00378,1,manual_dense,diagnostic_only_not_model_input,data/flame3/Fire/RGB/Corrected FOV/00378.JPG,34e7e7c5ba37699bca2bc37878f98961cc19dda3fa43902df5d68a674e8f2cd1,data/flame3/Fire/Thermal/Raw JPG/00378.JPG,9f8531ac637d4a5562d9b5cb07df19125a5f6e0c3e5d74b6fa4495982e81c229,data/flame3/Fire/Thermal/Celsius TIFF/00378.TIFF,720558a2a48f53c92d2f05f6a2eb8c907fb245203a69dd4b5a134b2f28da878c,project_support/data/flame3_manual_smoke_v2_annotation/completed_masks/A137.png,53cbfc9a103599c0f88f28789adb308ef4d59cf9e0d81edc4f235ca72f1bdbe5,project_support/artifacts/flame3_manual_smoke_v2/machine_labels/labels/boundary_maps/train/fire/00378.png,f1d7700f8f48dc6b84420daf3d75dc8cc253412b6f152f0baf93e26a3e5f80ba
train,fire/00379,Fire,00379,0,machine_partial,diagnostic_only_not_model_input,data/flame3/Fire/RGB/Corrected FOV/00379.JPG,fcf77ae0189035ff61ad8506647feec26de27b78363f9851dc202c8aa9f2ba3d,data/flame3/Fire/Thermal/Raw JPG/00379.JPG,4fcb4a5ba6763bd1968741a9ca4514f28c5ca3058763883cbedc051b8d6e0b01,data/flame3/Fire/Thermal/Celsius TIFF/00379.TIFF,0e36dad677052bec4913cb172144ee5f752e5216bda72531c8d382b839fdcc36,project_support/artifacts/flame3_manual_smoke_v2/machine_labels/labels/masks/train/fire/00379.png,9044881703630f10fbebfa2a4a9206338e12380c2dbc1cd0258ce5b2c18ad4c2,project_support/artifacts/flame3_manual_smoke_v2/machine_labels/labels/boundary_maps/train/fire/00379.png,46e55d1378ca28c7c4303fadebf3c6e6f5d2022d06be8fca3e2d1609c25d26a9
train,fire/00384,Fire,00384,1,manual_dense,diagnostic_only_not_model_input,data/flame3/Fire/RGB/Corrected FOV/00384.JPG,0f31ef24b4059558bffaf4a8b082394f3d004b28239f769e7a7490171e5f48dd,data/flame3/Fire/Thermal/Raw JPG/00384.JPG,ba70bca11fb56050b6da47c8e120cb1631a275720a2948ec26ae9f5e03ac9b86,data/flame3/Fire/Thermal/Celsius TIFF/00384.TIFF,fcb122688f0848c6397f7abdbe0d470cc71e8e45ca5528ef621d314bfd0a8681,project_support/data/flame3_manual_smoke_v2_annotation/completed_masks/A125.png,3a59b8d993781a3ff060c6487f8ce255f60f3205025fdc5c064ee0b2a5c26032,project_support/artifacts/flame3_manual_smoke_v2/machine_labels/labels/boundary_maps/train/fire/00384.png,6a2862e9da183f01b34cc80b7ef14296d1e0a0264162fc1fcb178414e5690942
train,fire/00385,Fire,00385,0,machine_partial,diagnostic_only_not_model_input,data/flame3/Fire/RGB/Corrected FOV/00385.JPG,70a5c7e1180cef9452474646b023cab75535cf8481cd9749d144742d6d2b65f3,data/flame3/Fire/Thermal/Raw JPG/00385.JPG,71f6b48f74492e8aaa185ea83b1bebbc6e89910449c6652cd89c9c854153355b,data/flame3/Fire/Thermal/Celsius TIFF/00385.TIFF,ed37b439180d79140ae5c69fba9f781ea13f0b30c9db1516a3a52d59ad9380bb,project_support/artifacts/flame3_manual_smoke_v2/machine_labels/labels/masks/train/fire/00385.png,6d46b2df4c909e54a6657ebcd5c5bfe6690e17cd6c38fc2427800f032245e7a4,project_support/artifacts/flame3_manual_smoke_v2/machine_labels/labels/boundary_maps/train/fire/00385.png,b8e627d0cc256c40d44bd8759e2d3a00ad8d804a8eb9e630c7bbc07d1a748558
train,fire/00386,Fire,00386,0,machine_partial,diagnostic_only_not_model_input,data/flame3/Fire/RGB/Corrected FOV/00386.JPG,cb63f0cfde46b905f08e53edc09abebcecfd35b470055c1cefaff9ebf23d78b8,data/flame3/Fire/Thermal/Raw JPG/00386.JPG,29419ba2198a063f80746ca54ad0472054dc1caa3a240051b6d9962894c01348,data/flame3/Fire/Thermal/Celsius TIFF/00386.TIFF,ee38e3da6dea14e1e5d09e3e1675b6bb2b24769c92502e7ad35682e5da5c2c1e,project_support/artifacts/flame3_manual_smoke_v2/machine_labels/labels/masks/train/fire/00386.png,36204832b0aa74ad65bb972f7f9c3584faedd842991b6a82d934c66d29420c35,project_support/artifacts/flame3_manual_smoke_v2/machine_labels/labels/boundary_maps/train/fire/00386.png,5a435aa9f05919df5f594db103614d2666a9078df65ed3759cbb29ad323a1198
train,fire/00387,Fire,00387,1,manual_dense,diagnostic_only_not_model_input,data/flame3/Fire/RGB/Corrected FOV/00387.JPG,c664d48e7cc5e13e1647ac682221c9792b05c3e83b06463e543678ae73055e25,data/flame3/Fire/Thermal/Raw JPG/00387.JPG,06ef15eb50346f1c2c9dac38c42d49449a7a054fe0f462d183bb7b329839483c,data/flame3/Fire/Thermal/Celsius TIFF/00387.TIFF,902e8d21bf498b80e353490905a439bc4fa229dcd32ae7c77973545f1db64bc4,project_support/data/flame3_manual_smoke_v2_annotation/completed_masks/A105.png,858eebe6970d290f267872e8d16a5bee97fc90a23aee691907a3013b0a4f8fe8,project_support/artifacts/flame3_manual_smoke_v2/machine_labels/labels/boundary_maps/train/fire/00387.png,7138724c5fd4a29006b75b3ce038db6f5e8d8117bead2a82d1bd197e832d6625
train,fire/00388,Fire,00388,0,machine_partial,diagnostic_only_not_model_input,data/flame3/Fire/RGB/Corrected FOV/00388.JPG,95b666071127b81e2f9d2fd0418b08c99de46840ad96e6a3190530a1146736bc,data/flame3/Fire/Thermal/Raw JPG/00388.JPG,7f9c91e920a4016200a15d1bdbfe2a69311433755744c8979318b5a39459cb1f,data/flame3/Fire/Thermal/Celsius TIFF/00388.TIFF,28f29f5fdeb17f66fac921a8d84ee73a2b7113b8479a654ae49748df64b3894c,project_support/artifacts/flame3_manual_smoke_v2/machine_labels/labels/masks/train/fire/00388.png,136d04f3d571af9eb95ba07a033a0456202f76c1877dfc15932bbda8f6dff909,project_support/artifacts/flame3_manual_smoke_v2/machine_labels/labels/boundary_maps/train/fire/00388.png,48829fc294eb482784bef9e15e0ebda5420bd11cf14e52047bd5c36c006e9c6e
train,fire/00389,Fire,00389,0,machine_partial,diagnostic_only_not_model_input,data/flame3/Fire/RGB/Corrected FOV/00389.JPG,4e8766fc63b4faa938f9fff07dc742d2fa0c23d2a296d402987c912b0732f5f5,data/flame3/Fire/Thermal/Raw JPG/00389.JPG,0320c4e60803255734c8918d06f3b155776e0307a1cf2426c46f302211b2945f,data/flame3/Fire/Thermal/Celsius TIFF/00389.TIFF,c347bb3dc1fb8728ff5833ef733ba3a827eaf9a391e09490b1e960c81100553e,project_support/artifacts/flame3_manual_smoke_v2/machine_labels/labels/masks/train/fire/00389.png,011b239911a1d03bf14a4e369382b0d50668f4f73ea61a0f19baaaa64f1da902,project_support/artifacts/flame3_manual_smoke_v2/machine_labels/labels/boundary_maps/train/fire/00389.png,8fa776838a49e3b17fcddc0c03012e9dc0b03276e9e398c1ab1ad0ec25ea3371
train,fire/00392,Fire,00392,0,machine_partial,diagnostic_only_not_model_input,data/flame3/Fire/RGB/Corrected FOV/00392.JPG,f5c8e2eba547fd4e6222870ea0d338e262eabc80c6c8953b2b43f81f79590b7b,data/flame3/Fire/Thermal/Raw JPG/00392.JPG,d8388bb7a6c1cde31862ada833eb4ecbf1229bfdd4d1518fb9f5e666c63b8946,data/flame3/Fire/Thermal/Celsius TIFF/00392.TIFF,ee30bf819a4d2a4aaa6cfa433c9b5128249badcef48ec4ebc13fedffa446f003,project_support/artifacts/flame3_manual_smoke_v2/machine_labels/labels/masks/train/fire/00392.png,d0d9ca2dfff571b7a08b74c3e7dc2488a1508f6a336dd9f4066155e3bed3927f,project_support/artifacts/flame3_manual_smoke_v2/machine_labels/labels/boundary_maps/train/fire/00392.png,9dd36174ae0fd6ea98cacb3b143fb743c07dfa23d93d53a254482aa2f97f5206
train,fire/00395,Fire,00395,0,machine_partial,diagnostic_only_not_model_input,data/flame3/Fire/RGB/Corrected FOV/00395.JPG,91edb2f2e3dfef928b9a4ae33079905f7fe33c64bf1eee61c391c16eb00551b8,data/flame3/Fire/Thermal/Raw JPG/00395.JPG,88e57ce1dba28abbce280c2cf86459f1f15cf8b97e16d331555d28204f2d7468,data/flame3/Fire/Thermal/Celsius TIFF/00395.TIFF,53717d3c0a98d1d9870812f77b766c4e988539ff75e34b152d3a55979ebe2cae,project_support/artifacts/flame3_manual_smoke_v2/machine_labels/labels/masks/train/fire/00395.png,b8a833eeb48989306cfcad88bb99045ca4f780516651f036e9d67628cc40ef6a,project_support/artifacts/flame3_manual_smoke_v2/machine_labels/labels/boundary_maps/train/fire/00395.png,f0e862b2790ba1d6fd47b61aaa95cbb37c2553ead99bfd433429611a4217dce7
train,fire/00398,Fire,00398,1,manual_dense,diagnostic_only_not_model_input,data/flame3/Fire/RGB/Corrected FOV/00398.JPG,0305a4b00de151851814dfdfbde5c6b3dfa93f37b342dc06263ebb7c476e0d50,data/flame3/Fire/Thermal/Raw JPG/00398.JPG,011788927378f8ead9713c8b7a3f59f13e463285d53962554d944e54bfb2801f,data/flame3/Fire/Thermal/Celsius TIFF/00398.TIFF,4169f751ecc63e4cbe3728db970d7f2b593f02ce887f4354f6ef34cf21df950f,project_support/data/flame3_manual_smoke_v2_annotation/completed_masks/A097.png,69d288e9c40345c7c522009b7f42048e9e93cf1aa3c6ad17fcc332a6c8711d78,project_support/artifacts/flame3_manual_smoke_v2/machine_labels/labels/boundary_maps/train/fire/00398.png,78dbd3e430b125fcadba94e94ce695dab3ce0c54483a676b761aa552211ae36c
train,fire/00399,Fire,00399,0,machine_partial,diagnostic_only_not_model_input,data/flame3/Fire/RGB/Corrected FOV/00399.JPG,2a7f8d89888766f67ec9eed3e6a36237478de727f1fffc17d0f04395eb97f33a,data/flame3/Fire/Thermal/Raw JPG/00399.JPG,0118caa7b680907efe17826921964d58b086fa815e0da045a0ab1a5945af53c7,data/flame3/Fire/Thermal/Celsius TIFF/00399.TIFF,e3e801269a6915d78927f28a748f7df6f236caef5689139af4ebfab575cb0232,project_support/artifacts/flame3_manual_smoke_v2/machine_labels/labels/masks/train/fire/00399.png,7c2a7df378e44d29fd53695311c0619e0cbcb85c7c691c8e6946f5e272f48e54,project_support/artifacts/flame3_manual_smoke_v2/machine_labels/labels/boundary_maps/train/fire/00399.png,e12bb5fcd01a360ddb40df4ff873e376ec2d3931112816b71b76e9e309814991
train,fire/00401,Fire,00401,0,machine_partial,diagnostic_only_not_model_input,data/flame3/Fire/RGB/Corrected FOV/00401.JPG,2984efdabf6e9981faf79df2c8730f49a810b9df45ee6ee2b11f4c3ef42df1ce,data/flame3/Fire/Thermal/Raw JPG/00401.JPG,36608ba6fb4cfe4ac43e78f909f577a24d881a18eb8056470de11925425c3057,data/flame3/Fire/Thermal/Celsius TIFF/00401.TIFF,4c8aa86857bbaecd311003ff14e33a7a95b2bcd29d190feda3f0a790fe9d2f3c,project_support/artifacts/flame3_manual_smoke_v2/machine_labels/labels/masks/train/fire/00401.png,65122d1515cfad5f30bb2e11ffa03576b2775d9d209194d0370175ce044a3072,project_support/artifacts/flame3_manual_smoke_v2/machine_labels/labels/boundary_maps/train/fire/00401.png,1b3d31fec8dd243c99030aa7ae2aba6c6c2f8951ba1089347d40d1fdbc7317e0
train,fire/00403,Fire,00403,0,machine_partial,diagnostic_only_not_model_input,data/flame3/Fire/RGB/Corrected FOV/00403.JPG,3d162d6ef98bdc90845a1a6c3c63ad2623fbc5df771739aff4c1619fd23f7975,data/flame3/Fire/Thermal/Raw JPG/00403.JPG,d0f86be49b2f810fdbbf9660bf1e6b114839651ec457f85ee85a05f24531c7ae,data/flame3/Fire/Thermal/Celsius TIFF/00403.TIFF,266b38f3cfc7e6dcea5a5f7ee9817f3adf2b49f89d68f5b60e5ccea10203a901,project_support/artifacts/flame3_manual_smoke_v2/machine_labels/labels/masks/train/fire/00403.png,f2d3180fc3642f26b7acbcf43a128e3aaf24d02483ec76d0990b21172ee3698a,project_support/artifacts/flame3_manual_smoke_v2/machine_labels/labels/boundary_maps/train/fire/00403.png,6a037290af2d31012ca47d3d9c24045d10f565af41ec12c0788c32cfe3ac2d95
train,fire/00404,Fire,00404,0,machine_partial,diagnostic_only_not_model_input,data/flame3/Fire/RGB/Corrected FOV/00404.JPG,9b339752806702c749e96ae4f0e1251a14d439875fdcd0fc7a869d74229c7b91,data/flame3/Fire/Thermal/Raw JPG/00404.JPG,bf0887e2c6e362df61c69fafd7fdd3c0bb9a8844af9af52c55d96382c347d122,data/flame3/Fire/Thermal/Celsius TIFF/00404.TIFF,b29d48f4efa9f6e8e6c215eac235c94f8c7de8113254a105d826958e67374f1a,project_support/artifacts/flame3_manual_smoke_v2/machine_labels/labels/masks/train/fire/00404.png,4cf430df7f5fe9b60970c01879d06ec5f695b8fc93f75f69a282832f9b1befbe,project_support/artifacts/flame3_manual_smoke_v2/machine_labels/labels/boundary_maps/train/fire/00404.png,f84affb66bf800066e8773f44204eb7e5791b510765844a2bbf6ed94bdcd306f
train,fire/00405,Fire,00405,1,manual_dense,diagnostic_only_not_model_input,data/flame3/Fire/RGB/Corrected FOV/00405.JPG,065c5f0b8eb06fb2aeb29169183f14781a07a9d2d9f24b0069095c83c755530f,data/flame3/Fire/Thermal/Raw JPG/00405.JPG,9d47259d06b6c5092db7ab3cec563cf0aaac9321bfbcc81113c2c6ee3c90e7e1,data/flame3/Fire/Thermal/Celsius TIFF/00405.TIFF,76c4bc6e03c5d3fe1bf5bbae02d8847c4a9875e72edfeeb7ca14e0c5eb4a5f76,project_support/data/flame3_manual_smoke_v2_annotation/completed_masks/A099.png,26f4b176d94447d250d4c94e52a8bab4265a32894ddb093a8778b314e8b18dda,project_support/artifacts/flame3_manual_smoke_v2/machine_labels/labels/boundary_maps/train/fire/00405.png,534c0d6d83e09155fb7b522cdce522a96bdf4f2c1d07b3b9fce259f1ffdde061
train,fire/00406,Fire,00406,0,machine_partial,diagnostic_only_not_model_input,data/flame3/Fire/RGB/Corrected FOV/00406.JPG,688af703f1cff337194d9fbad16e2d87022bcd5907501581cae447fdf7337c11,data/flame3/Fire/Thermal/Raw JPG/00406.JPG,99f0a03baa3a8cabf94b3c9c6bbf2ca2e709feccab2441e586c18e09febb8750,data/flame3/Fire/Thermal/Celsius TIFF/00406.TIFF,606ba2bdee124d334e170f48d0e7ec19b0046539d6f315b18f2a01174261e355,project_support/artifacts/flame3_manual_smoke_v2/machine_labels/labels/masks/train/fire/00406.png,e921d822e6d969622c320107f65b0b3426cd9936588f32d0d4df74c4a165eb85,project_support/artifacts/flame3_manual_smoke_v2/machine_labels/labels/boundary_maps/train/fire/00406.png,bab17841556123d9057399a58545d2fe5075bbf934ff13fc3f05c005387604a7
train,fire/00408,Fire,00408,0,machine_partial,diagnostic_only_not_model_input,data/flame3/Fire/RGB/Corrected FOV/00408.JPG,d5e76ce92c0c05649241b60e2e80a9475f2d3b8513a0b7189ebdb223a5ca3a60,data/flame3/Fire/Thermal/Raw JPG/00408.JPG,d906087c836f0aca79a87ed1eaf2976b30f1e47a90aa4ac5f25a64ccf69fbdcf,data/flame3/Fire/Thermal/Celsius TIFF/00408.TIFF,d8ca5ea7670f666493e16be48fcfdf1b05e6b2a143ef369d954482db7b47c860,project_support/artifacts/flame3_manual_smoke_v2/machine_labels/labels/masks/train/fire/00408.png,a698e4a779ef10ba84509adb3a4432c6a8f1de56a7d0b4028e7d200ae5df0819,project_support/artifacts/flame3_manual_smoke_v2/machine_labels/labels/boundary_maps/train/fire/00408.png,b756877fe8d27c28adc3d68563e8d8d6dae352a584676b967c89d2abcba9fe8c
train,fire/00410,Fire,00410,0,machine_partial,diagnostic_only_not_model_input,data/flame3/Fire/RGB/Corrected FOV/00410.JPG,2e997508256f00a4889dd7b95a87379c5b53e78ff2174839c15fd689727fea83,data/flame3/Fire/Thermal/Raw JPG/00410.JPG,df9d9cb3fc0ba9d84cc79f5d8aee5c984464fdbe002b03a934e405ca157273e2,data/flame3/Fire/Thermal/Celsius TIFF/00410.TIFF,17d4552789cd2988db9e067f66a165a3c341e476b5bb7101122e9b615ba789eb,project_support/artifacts/flame3_manual_smoke_v2/machine_labels/labels/masks/train/fire/00410.png,a079989fd1caa400b6cb94e64e2dd54a0206869ab51b08c86d7bbdc9d96e0485,project_support/artifacts/flame3_manual_smoke_v2/machine_labels/labels/boundary_maps/train/fire/00410.png,0e7cc16304d8925f4fe672005154c75a3fe1bd0764b3e141671ee74a72906b90
train,fire/00412,Fire,00412,0,machine_partial,diagnostic_only_not_model_input,data/flame3/Fire/RGB/Corrected FOV/00412.JPG,da3b68616447261521172bf5800fa00de3cf478e7d528da0cb5a2cae243e84e9,data/flame3/Fire/Thermal/Raw JPG/00412.JPG,adf0d864eaca2714157a38907b46c03b5375e11d926ea96be3f7bc67e4fdd1f0,data/flame3/Fire/Thermal/Celsius TIFF/00412.TIFF,5cf6c383e0e9559f3558d8bbd010b7e12cacccb15e78602faf289d607c389cad,project_support/artifacts/flame3_manual_smoke_v2/machine_labels/labels/masks/train/fire/00412.png,62de59a58c83639d13a98c99d7844a8249d2db8f78b31c86fee6bc4d7fdefcee,project_support/artifacts/flame3_manual_smoke_v2/machine_labels/labels/boundary_maps/train/fire/00412.png,a8491ecb0b4302342556791225fc22762988a9423c8acf345b21aa627127d0b7
train,fire/00414,Fire,00414,0,machine_partial,diagnostic_only_not_model_input,data/flame3/Fire/RGB/Corrected FOV/00414.JPG,90b72bcd3dad23198af2cc3a5165516ca47b9cd3f26418f79f270e2a186e9741,data/flame3/Fire/Thermal/Raw JPG/00414.JPG,4ee634ae944e9850b788a211b99275c1105f8022bfbcec4a2403028e38116088,data/flame3/Fire/Thermal/Celsius TIFF/00414.TIFF,de0ad157e16c498db7de5f50e9c37fa2e5477b2cd76757ef1e5d47bd6618c1af,project_support/artifacts/flame3_manual_smoke_v2/machine_labels/labels/masks/train/fire/00414.png,8f8c0b266539a33b3ccd777ef06e8b299d2e962dd826a117fc38e807d7f006c0,project_support/artifacts/flame3_manual_smoke_v2/machine_labels/labels/boundary_maps/train/fire/00414.png,6e5a1ded0af8aa159b1fa3d6115df1dc29f085b13f9304cc4400c572f23af4a9
train,fire/00415,Fire,00415,0,machine_partial,diagnostic_only_not_model_input,data/flame3/Fire/RGB/Corrected FOV/00415.JPG,2da7196ee1ebfaef1552433609b813f881782081e44a33d02bfa4066b73517c3,data/flame3/Fire/Thermal/Raw JPG/00415.JPG,39272c178b56f46de044f99311ffbdfc65fb6eb457b2ec64680fdd3d2dbdbaca,data/flame3/Fire/Thermal/Celsius TIFF/00415.TIFF,a796f8db7e7851826f959b0f4321b1d4d6ad746e030d0ed1e6105906ded63a3c,project_support/artifacts/flame3_manual_smoke_v2/machine_labels/labels/masks/train/fire/00415.png,c3d915ba45ab54233fb760bd63bc49c8d83314a8962951241c5f13d63eb992e9,project_support/artifacts/flame3_manual_smoke_v2/machine_labels/labels/boundary_maps/train/fire/00415.png,704596d8987c0eeb1a85a7d60cb4366340f1ea99b7dab25a264166ee912839b1
train,fire/00416,Fire,00416,1,manual_dense,diagnostic_only_not_model_input,data/flame3/Fire/RGB/Corrected FOV/00416.JPG,0788804af2d68fc495114861efdcf1d83c891c838c5ec52d2188a5391a0b9cb3,data/flame3/Fire/Thermal/Raw JPG/00416.JPG,33e730f8cbfc69871120a4a8f140fc32e282eb619b46a2ca3a651096f05edb47,data/flame3/Fire/Thermal/Celsius TIFF/00416.TIFF,735312c54f1ec0c119d2fa1125ef7ba5585dffd2758d33008b479c6381b85827,project_support/data/flame3_manual_smoke_v2_annotation/completed_masks/A102.png,9b20d2534effb7746ef7039bb5cd8ec839b884706da383e48e8623c69100384d,project_support/artifacts/flame3_manual_smoke_v2/machine_labels/labels/boundary_maps/train/fire/00416.png,b182b2d8565e6d085fc38fd81d0f281c00eac32417f57ca9382f85eded1989ff
train,fire/00417,Fire,00417,0,machine_partial,diagnostic_only_not_model_input,data/flame3/Fire/RGB/Corrected FOV/00417.JPG,e85f743b01f20f92806c8de4ec4e695868295fda0306df516bc2bbefe1851571,data/flame3/Fire/Thermal/Raw JPG/00417.JPG,9f4b8b2bec522f95c1238e4c71192e9e9b2603a470566bc8f412697cda6eac55,data/flame3/Fire/Thermal/Celsius TIFF/00417.TIFF,246cb8b164be49df1b7d6b6f80eb4e26a818e254b45a18fda442ddb489deec5b,project_support/artifacts/flame3_manual_smoke_v2/machine_labels/labels/masks/train/fire/00417.png,81f73c4ecd0a89d5457de448ac7e165febb941f4a9a960518f591e6c58548a87,project_support/artifacts/flame3_manual_smoke_v2/machine_labels/labels/boundary_maps/train/fire/00417.png,a9668dc86070010b8368f4bc1e0979e890aa7136997d12235f3c91c8f3e83129
train,fire/00418,Fire,00418,0,machine_partial,diagnostic_only_not_model_input,data/flame3/Fire/RGB/Corrected FOV/00418.JPG,b131a0ad81ebd69c538b4a4c2c94a8e671d7eb2db9f38cff99b01821a0eba928,data/flame3/Fire/Thermal/Raw JPG/00418.JPG,581eceebf3cb473185471f895e3046db10282a5fad82543a4b5af51502220b71,data/flame3/Fire/Thermal/Celsius TIFF/00418.TIFF,f47fc53104a28bddbd5001bf241a14b23789577ac9e3b170d8ae85470a23772e,project_support/artifacts/flame3_manual_smoke_v2/machine_labels/labels/masks/train/fire/00418.png,13aae1c60cab88164544ed1123ca46a3b21af758200ab135dfa835331e490c26,project_support/artifacts/flame3_manual_smoke_v2/machine_labels/labels/boundary_maps/train/fire/00418.png,cd4ff9952da94baa969a036cccfe5d6972ef0c59b56714f0899dc459e632394c
train,fire/00419,Fire,00419,1,manual_dense,diagnostic_only_not_model_input,data/flame3/Fire/RGB/Corrected FOV/00419.JPG,fd39e84639ad6f8b7f608f8b5f0e71f134f8314f0f1e5b501ef468d39187d727,data/flame3/Fire/Thermal/Raw JPG/00419.JPG,ade7f467819356b5874580363e3e00bff55d24488a9e080b7b4c57bcbb4a2d15,data/flame3/Fire/Thermal/Celsius TIFF/00419.TIFF,f2937c64b32256fde31e91ae1fc5323411e0f462297e01434ade16fa83ee908e,project_support/data/flame3_manual_smoke_v2_annotation/completed_masks/A090.png,5ff5fca3dfd1287de1c30f873ee315bdc3a339aaa45ddf03e008089ceea531a5,project_support/artifacts/flame3_manual_smoke_v2/machine_labels/labels/boundary_maps/train/fire/00419.png,d28c53ba8b951b7affe6a532bd4d7431d95b808ad0248afc06357e1f55e6142c
train,fire/00421,Fire,00421,1,manual_dense,diagnostic_only_not_model_input,data/flame3/Fire/RGB/Corrected FOV/00421.JPG,3d54089b2b8ad46bdc82a58f8b510bd8f9ca4552e601e480aeea0be76b39d315,data/flame3/Fire/Thermal/Raw JPG/00421.JPG,28704d4452da610646e69722ddb2bbdcbe7aab653e63f26896f2ad1a2a6806d0,data/flame3/Fire/Thermal/Celsius TIFF/00421.TIFF,c1976eea657cffc53aedb39238ee20fa02fb1e5fdbc069a2573e9dc2c56c139f,project_support/data/flame3_manual_smoke_v2_annotation/completed_masks/A058.png,a96441459704e8d054df183c7c1f342533e84121e9c98e2df6dd2a4cb58f2a0d,project_support/artifacts/flame3_manual_smoke_v2/machine_labels/labels/boundary_maps/train/fire/00421.png,7ed7b89ecb5cf1b6f3d49d34e4ec2c91eb622fe9a172680feba96139374a4a6a
train,fire/00423,Fire,00423,0,machine_partial,diagnostic_only_not_model_input,data/flame3/Fire/RGB/Corrected FOV/00423.JPG,8dfcb72b7ee4dbb260f21ca8388fa743b74c5b758c893d66e2b2a37e8f74b6d3,data/flame3/Fire/Thermal/Raw JPG/00423.JPG,15ae155c768d4f056dd24baafbd5a8319d828541d973fcc4c16e2a2cac728709,data/flame3/Fire/Thermal/Celsius TIFF/00423.TIFF,59eacb24fa2bc8daf3f9102c1f8c49e81e45dc56009188ab74d885646b93c14d,project_support/artifacts/flame3_manual_smoke_v2/machine_labels/labels/masks/train/fire/00423.png,6b3860fb66e7252c1f256ecdb46f0ee0281b8f4b41b57a9336bb086838f8bf24,project_support/artifacts/flame3_manual_smoke_v2/machine_labels/labels/boundary_maps/train/fire/00423.png,f77f858d2184b5c85299cc59f9d5751cc37fb4a70f1ed7b7cd54a9fb20562f7d
train,fire/00424,Fire,00424,0,machine_partial,diagnostic_only_not_model_input,data/flame3/Fire/RGB/Corrected FOV/00424.JPG,bd7fd3043a5b71dda4eb9d9a43bc13991c5d9f0564b98bebae6cacc85a30ff53,data/flame3/Fire/Thermal/Raw JPG/00424.JPG,862e03a9e38f92692c0056d3e92fee2c02e845a3abdfa3fa0e3e42338f49659d,data/flame3/Fire/Thermal/Celsius TIFF/00424.TIFF,84f24d08ec2020c3f71c886a30594de3a0830d646884d7c8a042e57d46deca9d,project_support/artifacts/flame3_manual_smoke_v2/machine_labels/labels/masks/train/fire/00424.png,225710b3994264ddf8ca1e296bfb4cee95df9a6b3b6324cd7afac7f7c7679082,project_support/artifacts/flame3_manual_smoke_v2/machine_labels/labels/boundary_maps/train/fire/00424.png,50c59c5af97f1bace50e836fcaf71d83892ffa27d49acafe9ea58f3025542739
train,fire/00425,Fire,00425,1,manual_dense,diagnostic_only_not_model_input,data/flame3/Fire/RGB/Corrected FOV/00425.JPG,5fc8a80c1b16ad617eaf77adb46ca39e09a16e0a69ed2c6cfe788022a100a83a,data/flame3/Fire/Thermal/Raw JPG/00425.JPG,d83771d4c2a639678b00a386dedd09bb97b924a359b86a0760ba400b47db026a,data/flame3/Fire/Thermal/Celsius TIFF/00425.TIFF,f4337ee02432c714e41fb98ddd35b24bdf950dadb831b1aab89b540f004172e8,project_support/data/flame3_manual_smoke_v2_annotation/completed_masks/A120.png,aadfc5aa74639fea1a8e6381c3ec565a5fe95c872559e4a035cc7fa9c31381e2,project_support/artifacts/flame3_manual_smoke_v2/machine_labels/labels/boundary_maps/train/fire/00425.png,18092210fd4ea0ed1cc17e0999efebc62df36c23a5fa21bc277f94854bc079d8
train,fire/00426,Fire,00426,1,manual_dense,diagnostic_only_not_model_input,data/flame3/Fire/RGB/Corrected FOV/00426.JPG,f1ee444b1fdae88ddab217bb7db84e569a22990e96b3c0231060aa07ae4749e7,data/flame3/Fire/Thermal/Raw JPG/00426.JPG,f7e7bd52483e4409e113a9fd8e126c136ed89bddab065b0f7b9102215ba48ab0,data/flame3/Fire/Thermal/Celsius TIFF/00426.TIFF,b9d584cd0f43f9831d6531a16bcc3b09d1a7cb0471e7ee6e42b9bff75a108382,project_support/data/flame3_manual_smoke_v2_annotation/completed_masks/A093.png,ff1f69838c3d2353a5be7f6c805898da5ee5f92cb57d5537e19001aa29dc8c82,project_support/artifacts/flame3_manual_smoke_v2/machine_labels/labels/boundary_maps/train/fire/00426.png,6f13890350378a139d15b76de7195309d00319e90e3d164add967f11b9c3952b
train,fire/00429,Fire,00429,0,machine_partial,diagnostic_only_not_model_input,data/flame3/Fire/RGB/Corrected FOV/00429.JPG,ca69d029d6a427819ced00b511497279497e8918e368b5f71a76daac1c2841b7,data/flame3/Fire/Thermal/Raw JPG/00429.JPG,b8ce2356a9e7cea9aa5ad0029d94dd71769ae652e80d8d10c29e5f141a50bdaf,data/flame3/Fire/Thermal/Celsius TIFF/00429.TIFF,ab57ae1f890c13f606afcca6b55d0fa491d31e8bf2a69acf2d8b7de570e6c88a,project_support/artifacts/flame3_manual_smoke_v2/machine_labels/labels/masks/train/fire/00429.png,2e3da5359e63700bfad2ba9bfabaf326ab907db51ceccc5f02a1a3ed65d1ecd9,project_support/artifacts/flame3_manual_smoke_v2/machine_labels/labels/boundary_maps/train/fire/00429.png,a16acb3e24af794e6b325d77bcd057739d9337646b712e0173ff3172517adeab
train,fire/00430,Fire,00430,0,machine_partial,diagnostic_only_not_model_input,data/flame3/Fire/RGB/Corrected FOV/00430.JPG,79b753b35893fed7315b2a397338d845f38084c0a432f771b8fe98798d6a5807,data/flame3/Fire/Thermal/Raw JPG/00430.JPG,16d60a392de448d47af07d51448000f08ffe7d8082c68cfaf3c1cf0b4e974d5b,data/flame3/Fire/Thermal/Celsius TIFF/00430.TIFF,a094f983ed21a1d4b74bfe827f3645d6b75a4cf26fe0fc6637b014d10fb15f56,project_support/artifacts/flame3_manual_smoke_v2/machine_labels/labels/masks/train/fire/00430.png,acf3a9841d6bec0f050f554efe686b65e62816f5be61eaa380d1ba42e7dd75ab,project_support/artifacts/flame3_manual_smoke_v2/machine_labels/labels/boundary_maps/train/fire/00430.png,20ac3d2d9cc6022a5ddd6933265f1e4ddfc7df0274b857d54491bc215afc1ebb
train,fire/00432,Fire,00432,0,machine_partial,diagnostic_only_not_model_input,data/flame3/Fire/RGB/Corrected FOV/00432.JPG,346cb7aac5cb12ca01d9b064ec0c7cf6508dba8d2beb45f9d7c817bc0f53c18b,data/flame3/Fire/Thermal/Raw JPG/00432.JPG,6ff812614d35e175585849b09ab26be18111ecc3df12b82db658ea23680c7f23,data/flame3/Fire/Thermal/Celsius TIFF/00432.TIFF,62986d346ce558a4565b9906fc1bf4510f33da9ab62584482b7151953460968f,project_support/artifacts/flame3_manual_smoke_v2/machine_labels/labels/masks/train/fire/00432.png,1d4b722a6776618506b690192e49f9efa89b6dbeea885981e43ff989c0068b14,project_support/artifacts/flame3_manual_smoke_v2/machine_labels/labels/boundary_maps/train/fire/00432.png,fac220b50dd34d5d3c042c60a8befcfd087cab08447046350a9f7e177f713989
train,fire/00433,Fire,00433,0,machine_partial,diagnostic_only_not_model_input,data/flame3/Fire/RGB/Corrected FOV/00433.JPG,c885138b3c6722c35ec207dee9a6e663eb7555118a272a8bae609910e7082738,data/flame3/Fire/Thermal/Raw JPG/00433.JPG,faa381cbb2fb8e0b4c2b9ca7432849903a6d7eb6c8fd3d3c72e04210ff94c911,data/flame3/Fire/Thermal/Celsius TIFF/00433.TIFF,62c62f1a5361bccad3fc4eabf595d2bf09d7abb45927093c56c857c51bb03af1,project_support/artifacts/flame3_manual_smoke_v2/machine_labels/labels/masks/train/fire/00433.png,bc017acdb46c34a1f9cea5e79bba0ef588752c6d461336057216e5c8e4610a7e,project_support/artifacts/flame3_manual_smoke_v2/machine_labels/labels/boundary_maps/train/fire/00433.png,112b402cef1a023d36463bc995b5780f3f40cf436e604fe4afc88250976a1397
train,fire/00436,Fire,00436,0,machine_partial,diagnostic_only_not_model_input,data/flame3/Fire/RGB/Corrected FOV/00436.JPG,2ab0668eb82887e65f2596faddd542e06985803f9738b1d7fb94d4e844a04c07,data/flame3/Fire/Thermal/Raw JPG/00436.JPG,959c1b34e390925ea66c6b4bbb3ffb9f774cd53c39264d6adf1c86523ef442da,data/flame3/Fire/Thermal/Celsius TIFF/00436.TIFF,e6fe5f1a56430a41cf98e24e2d3ebd33f14ace9473d2f31fa0e187ea562caf06,project_support/artifacts/flame3_manual_smoke_v2/machine_labels/labels/masks/train/fire/00436.png,c0dc44566e6a1f3f3ef07c97c4fcb1b927a3d2b8c6f448347a0194c6c861ed32,project_support/artifacts/flame3_manual_smoke_v2/machine_labels/labels/boundary_maps/train/fire/00436.png,5043f3fe156c0beeccb496f1f3367084224d8fbe81a0dd9bc31d4b5884a1ef58
train,fire/00438,Fire,00438,0,machine_partial,diagnostic_only_not_model_input,data/flame3/Fire/RGB/Corrected FOV/00438.JPG,0ce52ada12baa3162c877c7cf36513b14cbb3e62ae48757d7e8f9be0108a723d,data/flame3/Fire/Thermal/Raw JPG/00438.JPG,2d7a2da6d68097f191116c08f16df466d0b92931820804f9013b2464238a2feb,data/flame3/Fire/Thermal/Celsius TIFF/00438.TIFF,1bad66ad6cd5c20bceb391115f7b657050947a403e33feb0c644ed6f4c136f27,project_support/artifacts/flame3_manual_smoke_v2/machine_labels/labels/masks/train/fire/00438.png,9802b8191facd2595b981940139cbffc846a9941d232e4aecc347b8d5c1fb9e0,project_support/artifacts/flame3_manual_smoke_v2/machine_labels/labels/boundary_maps/train/fire/00438.png,1e4de5b9f3133cd552889ee6033ae0cbde947b40375cc168cf5ae20a3eb843d8
train,fire/00439,Fire,00439,0,machine_partial,diagnostic_only_not_model_input,data/flame3/Fire/RGB/Corrected FOV/00439.JPG,a2e9b5460095a76fe7e62797458525009db0dc2f20321fe8e489afdbfa8da6f6,data/flame3/Fire/Thermal/Raw JPG/00439.JPG,db5261013bad70dd1358cf5cbbd881fb50748f3708f140bcb1db961cce1f43ed,data/flame3/Fire/Thermal/Celsius TIFF/00439.TIFF,2c3d1d8efaae031143fb491a12938e75a4b728617c554034d3a8628487157b66,project_support/artifacts/flame3_manual_smoke_v2/machine_labels/labels/masks/train/fire/00439.png,b06bfab1369fcd2a0fb3e43d0c25da9f60f5726d18616865576ffa82562c3d5a,project_support/artifacts/flame3_manual_smoke_v2/machine_labels/labels/boundary_maps/train/fire/00439.png,f3dfe41d3aa29338fe5bf42123bb408eb1aedfa42175c695e148439b889a9a72
train,fire/00440,Fire,00440,0,machine_partial,diagnostic_only_not_model_input,data/flame3/Fire/RGB/Corrected FOV/00440.JPG,bc9c6f12915a763697f5b73147513d0cf877efbf7a9dd25522583669c268afea,data/flame3/Fire/Thermal/Raw JPG/00440.JPG,7346dda06343e3428c5e13d183b4603adc2a5a680180105da1d6616f60e0cb0b,data/flame3/Fire/Thermal/Celsius TIFF/00440.TIFF,d9d7771777a28cf14f1d58cae20df4e3d50d2b66f2a295ccdaafa44b82c9d8ea,project_support/artifacts/flame3_manual_smoke_v2/machine_labels/labels/masks/train/fire/00440.png,3e44130599b8341afea7c5614ddf0eb2014f0c5e62940cec467e8733ba229010,project_support/artifacts/flame3_manual_smoke_v2/machine_labels/labels/boundary_maps/train/fire/00440.png,120b69488a2e346762be5a791090e108c4d8b21024e9dd9f42b689e220200983
train,fire/00445,Fire,00445,0,machine_partial,diagnostic_only_not_model_input,data/flame3/Fire/RGB/Corrected FOV/00445.JPG,dff5ae335c61cff149f2f8090b08a45b7e2eae029968525562adc858de4f9adc,data/flame3/Fire/Thermal/Raw JPG/00445.JPG,e0ba7851ef0b8ec64855b94e0b286508be8f2ef05a7ff01c4a64ee563474cb46,data/flame3/Fire/Thermal/Celsius TIFF/00445.TIFF,08d909ab68664a98879cbc55b9970da46d73404b7051536819bb06858a911d27,project_support/artifacts/flame3_manual_smoke_v2/machine_labels/labels/masks/train/fire/00445.png,893c4171920dbaf8094ee1a59c1d85b2ba5f63e3e5d7bcd98f53593c42bc6713,project_support/artifacts/flame3_manual_smoke_v2/machine_labels/labels/boundary_maps/train/fire/00445.png,c2a3e924a529a77f9b37a594a0016f4d0a3d06e0ec72e541a1e078b3976526d2
train,fire/00446,Fire,00446,1,manual_dense,diagnostic_only_not_model_input,data/flame3/Fire/RGB/Corrected FOV/00446.JPG,08ed172447f6c64d255ae3c0b128a703074348d4dda4b72a5f507216933e2484,data/flame3/Fire/Thermal/Raw JPG/00446.JPG,9bbda85bc2eaf0315692d32cea98ee434cbe13350fb8288dfb8e45ccbcfbf3e3,data/flame3/Fire/Thermal/Celsius TIFF/00446.TIFF,5b65c49f434dd712af65fed200d6f6c15f5a3de9aeb3a6675fd7adb2b970978f,project_support/data/flame3_manual_smoke_v2_annotation/completed_masks/A063.png,cfe5b64400726db245af8decc387ed30d9c7e98f3864de0a865861178d242ae4,project_support/artifacts/flame3_manual_smoke_v2/machine_labels/labels/boundary_maps/train/fire/00446.png,31992aa81e26314fdea4fab1d3d52979e1b8333ca42eedb3ebbf66251b2d22b4
train,fire/00448,Fire,00448,0,machine_partial,diagnostic_only_not_model_input,data/flame3/Fire/RGB/Corrected FOV/00448.JPG,d8b58e3d20d5040031b87b5f536f8f91dbc3f932a83674781d54448fdf04e8c8,data/flame3/Fire/Thermal/Raw JPG/00448.JPG,e7c57103b2e8bf7a2af05c1459c1b4dce405e19d5020e8ba6e6c27bc68e8f48e,data/flame3/Fire/Thermal/Celsius TIFF/00448.TIFF,8a5b5cfd04f24bf9f773a238dad0fedbf934d2950bd5a0b8152db6162df2b11c,project_support/artifacts/flame3_manual_smoke_v2/machine_labels/labels/masks/train/fire/00448.png,0316326fa1f6a1e27dfd75994e54495aa188df9ab2ade92ad937494c291656eb,project_support/artifacts/flame3_manual_smoke_v2/machine_labels/labels/boundary_maps/train/fire/00448.png,9f64cc820bf13f4200e7d6f93d8a92db4761362fdc078df0d382c251d4d9312d
train,fire/00449,Fire,00449,1,manual_dense,diagnostic_only_not_model_input,data/flame3/Fire/RGB/Corrected FOV/00449.JPG,5e3267c820349d85c4c1671947decf4d3b437544a3bd1eb109fdf5f70768ba1d,data/flame3/Fire/Thermal/Raw JPG/00449.JPG,cb886941bbf33272aba1fbd7eafd649bcd1da7f812bed81833866adf3ae1a8f2,data/flame3/Fire/Thermal/Celsius TIFF/00449.TIFF,6de09d1d61a0f7711510b5254d3ad001f2f39dedf9d9c8f5f5980587009bcab3,project_support/data/flame3_manual_smoke_v2_annotation/completed_masks/A072.png,b143dfbf7dd9db15bd68d4650c6e062149377f06e96c6bc1c02235502233d3f8,project_support/artifacts/flame3_manual_smoke_v2/machine_labels/labels/boundary_maps/train/fire/00449.png,32558249ac2d21bd2a2c5381b3f6d33567912a763d55c0b1d535e710899426a1
train,fire/00450,Fire,00450,1,manual_dense,diagnostic_only_not_model_input,data/flame3/Fire/RGB/Corrected FOV/00450.JPG,e6da5b6fc374b566ad925e047e8659bfde5358fa4088e83f45fe15854521ee62,data/flame3/Fire/Thermal/Raw JPG/00450.JPG,c92b40c7dbd6f2fb131682f209af43b62c0fec5c05c7a99cc32a3eb5d1a4b9c4,data/flame3/Fire/Thermal/Celsius TIFF/00450.TIFF,095dbcaf896f60befc4e699a30678abd59c54158af2b7ee76168ef2ae4dc6b02,project_support/data/flame3_manual_smoke_v2_annotation/completed_masks/A071.png,499e793afbdf375f095d3d4db1f11b852679aaad1d7e91e4fd11318cb6cac91d,project_support/artifacts/flame3_manual_smoke_v2/machine_labels/labels/boundary_maps/train/fire/00450.png,eacbf63deda68d9b828ef9fd5544dd3a8d4bd4d6291ce8881f4629a76664199c
train,fire/00451,Fire,00451,0,machine_partial,diagnostic_only_not_model_input,data/flame3/Fire/RGB/Corrected FOV/00451.JPG,0aa5011a9240c362a37f8c04ef2f2995057ee9fce35536cc8c0ee0530f258b25,data/flame3/Fire/Thermal/Raw JPG/00451.JPG,64c45a6b84131c7959eccf63dbafa99493f87d155b2d3ecfe07e2c1132467027,data/flame3/Fire/Thermal/Celsius TIFF/00451.TIFF,ca87d3f4f98b363d0a5341470314728bc5d2969737bc2d7b58b01d4905247e9f,project_support/artifacts/flame3_manual_smoke_v2/machine_labels/labels/masks/train/fire/00451.png,65dd5237572c1ae571f613148d50a549c430fbd76f0a500576e8941d13660b9d,project_support/artifacts/flame3_manual_smoke_v2/machine_labels/labels/boundary_maps/train/fire/00451.png,8709a8f8ec72be2753246e1874ff7bc065d7173b2d7ad4ac423308951bee33c1
train,fire/00452,Fire,00452,0,machine_partial,diagnostic_only_not_model_input,data/flame3/Fire/RGB/Corrected FOV/00452.JPG,5d8512cebc76064f7948bd2d5f4b6f113869be5923a21f18fd961f996da5a802,data/flame3/Fire/Thermal/Raw JPG/00452.JPG,2a54b50510e8623aeb26fdf9d046f5af7b66156823b35969c6fe8964eae716b9,data/flame3/Fire/Thermal/Celsius TIFF/00452.TIFF,0f905093744b7b0082e19aa84626b367ff924b9e8caa248c80c1f8f20704be73,project_support/artifacts/flame3_manual_smoke_v2/machine_labels/labels/masks/train/fire/00452.png,45fc34503053531d168b1c4f5eb3ba4a7ad564f2c14282f85a688afb50c4eb1a,project_support/artifacts/flame3_manual_smoke_v2/machine_labels/labels/boundary_maps/train/fire/00452.png,32698a809a6fef22b5867825df7558f7c05de00dd69df44bdfa2d682bcddc1fc
train,fire/00454,Fire,00454,0,machine_partial,diagnostic_only_not_model_input,data/flame3/Fire/RGB/Corrected FOV/00454.JPG,89e869fabb0f141c4b30aa35daf73e3c1e0634405f4435744b783ff17eb5fbfe,data/flame3/Fire/Thermal/Raw JPG/00454.JPG,79ea271dd7c7d10fdc06438ff8480349068fd2cbf92bb2d58b73abeab8291666,data/flame3/Fire/Thermal/Celsius TIFF/00454.TIFF,c48ad57e5630076df3864d7e50baeafc20b1cd0cd827ad3f32001a4bab3217d1,project_support/artifacts/flame3_manual_smoke_v2/machine_labels/labels/masks/train/fire/00454.png,4331316a75816a0d6d8ad9f62b180458e77527fa3768bb73e4e9eade24f434af,project_support/artifacts/flame3_manual_smoke_v2/machine_labels/labels/boundary_maps/train/fire/00454.png,1283229761ea5c5acd46a1a1f9a0d5e01ca22d5ee87e11817cca4006160a4139
train,fire/00456,Fire,00456,0,machine_partial,diagnostic_only_not_model_input,data/flame3/Fire/RGB/Corrected FOV/00456.JPG,cc944a9d293c2f355bc1d8844685e9877213382ccded9107430096391256e8ed,data/flame3/Fire/Thermal/Raw JPG/00456.JPG,c803d69f84196d3bb3809db2866a23a8dc3fac40a1745fb7ebbc34461e5e28bd,data/flame3/Fire/Thermal/Celsius TIFF/00456.TIFF,9a1f69d6735bd32a61e14cfc1d0db877e19ad79e3092c3961283fac228d46197,project_support/artifacts/flame3_manual_smoke_v2/machine_labels/labels/masks/train/fire/00456.png,747fd5795d620b5b1657b91dc84e3cea2d6d59e36fa9577b604cb923d9e1b32a,project_support/artifacts/flame3_manual_smoke_v2/machine_labels/labels/boundary_maps/train/fire/00456.png,5f0ab39fa13d41e730ed44dc6314200700c5b75f9bf762167aa0ac8cb4172f06
train,fire/00457,Fire,00457,0,machine_partial,diagnostic_only_not_model_input,data/flame3/Fire/RGB/Corrected FOV/00457.JPG,d2e19a679bfc67e584521564350488a7d1fb6e98816ff8996d72136739da46e0,data/flame3/Fire/Thermal/Raw JPG/00457.JPG,c1dc9fd131564668e43cc942acd1e751a9e315842820b8e099c775de6f3e6e3a,data/flame3/Fire/Thermal/Celsius TIFF/00457.TIFF,e3920cd084710e7fcc1cac69a20a727f8a67787b78cfeb60370e9dbcbf3ef540,project_support/artifacts/flame3_manual_smoke_v2/machine_labels/labels/masks/train/fire/00457.png,dde33d2db3185015dcd33536f312712ac4b7cef0bd98405aab8bfb7350c5ca3e,project_support/artifacts/flame3_manual_smoke_v2/machine_labels/labels/boundary_maps/train/fire/00457.png,c79a4aa86d7e8861d85f3d22c361178fd0cfbbc170047e041660e40c047571e4
train,fire/00459,Fire,00459,1,manual_dense,diagnostic_only_not_model_input,data/flame3/Fire/RGB/Corrected FOV/00459.JPG,94a374faaa379f67abccca757dec376206486d8a6cf54fa2de02c66a8e135364,data/flame3/Fire/Thermal/Raw JPG/00459.JPG,a78ae5748bbced651787f1dcac1a0f8ca77c4c1f0048a3e98cd9bfa9ee5aa104,data/flame3/Fire/Thermal/Celsius TIFF/00459.TIFF,75bbe4cab6e18ddbda283a537b74c0abe8d0772bd788aa8ca4fd579884efe8b9,project_support/data/flame3_manual_smoke_v2_annotation/completed_masks/A067.png,397c5c1574163ff570463bf1306151de22ade15a0f2dea552341d82b3c689edc,project_support/artifacts/flame3_manual_smoke_v2/machine_labels/labels/boundary_maps/train/fire/00459.png,700dee90ec86a83133bac986fba383112f64d681f68584ef3daf74cc81fcb2d2
train,fire/00460,Fire,00460,1,manual_dense,diagnostic_only_not_model_input,data/flame3/Fire/RGB/Corrected FOV/00460.JPG,a18826d3cd72e745f4ba1a370b0a2789782a3c105479da3e8a0dd9314b9b2e13,data/flame3/Fire/Thermal/Raw JPG/00460.JPG,27969fb24eceb5ca8ba83f1993ea6cc07cadb345a815d869077c12b9ad6780cb,data/flame3/Fire/Thermal/Celsius TIFF/00460.TIFF,d208f4e1209f2f307014fcb9920597009559f5a2851e5a0617d04e6aa58a2063,project_support/data/flame3_manual_smoke_v2_annotation/completed_masks/A134.png,2a0d99923968ed1e838ae0824e4b0bd9fd6a112415877c44e8ff13bd5a4480e7,project_support/artifacts/flame3_manual_smoke_v2/machine_labels/labels/boundary_maps/train/fire/00460.png,61361515f31b00b94c8a73e68d57a80049a55bbedb5dd9033b1c8c06f03c826a
train,fire/00461,Fire,00461,0,machine_partial,diagnostic_only_not_model_input,data/flame3/Fire/RGB/Corrected FOV/00461.JPG,83709f2137472a10d1e1ca4b862f93e3bebffa5b710b8a85815fd83335102bae,data/flame3/Fire/Thermal/Raw JPG/00461.JPG,db6bc84a210a204bf9a81895a54389f2f5c7e488f3266da63676ab0b205c8a82,data/flame3/Fire/Thermal/Celsius TIFF/00461.TIFF,9323411b22060f7e4f5df3285f941f97d7b106deb05984c22d9eca3aee92774e,project_support/artifacts/flame3_manual_smoke_v2/machine_labels/labels/masks/train/fire/00461.png,49c7f6584021b79de1502754d31d093a130db0e3e95c601c3aae396c8867185e,project_support/artifacts/flame3_manual_smoke_v2/machine_labels/labels/boundary_maps/train/fire/00461.png,d101c2c170c953b37e0ad6d6b9cc577a41e3b01f28ba8fe39ae98b692ca19a7a
train,fire/00462,Fire,00462,0,machine_partial,diagnostic_only_not_model_input,data/flame3/Fire/RGB/Corrected FOV/00462.JPG,4e4efe3fd85619ed2d9b0bdb0b40be922fa5a8429aa14b54da89d35646194f05,data/flame3/Fire/Thermal/Raw JPG/00462.JPG,b07ceb84ab1a2b2b23e08c865fb522ffc477a5e052c6d36421072852081e16a8,data/flame3/Fire/Thermal/Celsius TIFF/00462.TIFF,efb764d543af580a4f1ec8305157ef11b6cb206ab34bbb058eea0f17168dcdbf,project_support/artifacts/flame3_manual_smoke_v2/machine_labels/labels/masks/train/fire/00462.png,56189a4c64847400938ba3bac7380089b0c86d0a72f267f822592c1bad09ac5f,project_support/artifacts/flame3_manual_smoke_v2/machine_labels/labels/boundary_maps/train/fire/00462.png,c4710d11ed0f88b6fbf88a5d3152ac7bcc424db3703b87987c280e63c1e51846
train,fire/00464,Fire,00464,0,machine_partial,diagnostic_only_not_model_input,data/flame3/Fire/RGB/Corrected FOV/00464.JPG,8d9ac5e4ea55e8f8547ca898775a424e750b102780b2b898a61a90207a20e96a,data/flame3/Fire/Thermal/Raw JPG/00464.JPG,2ddbc09d214d0c95141d390bbd15db264acb5e806ddc238fce3d06cb3063796e,data/flame3/Fire/Thermal/Celsius TIFF/00464.TIFF,e390d4f9ebba2cfa3c45f2309bcbe0d6ace404683acda126e9ada83cdb2c2d22,project_support/artifacts/flame3_manual_smoke_v2/machine_labels/labels/masks/train/fire/00464.png,62856477550da1bd271e647def37e079917d6b333506ffc88ff3d708cb48afdc,project_support/artifacts/flame3_manual_smoke_v2/machine_labels/labels/boundary_maps/train/fire/00464.png,b559c1af8d506d796fac770b521679f18fc46078a58d28396a341711a07ecc1b
train,fire/00465,Fire,00465,0,machine_partial,diagnostic_only_not_model_input,data/flame3/Fire/RGB/Corrected FOV/00465.JPG,9d167e518084fe8b847d2c3fff7278aa6e7bc69562e2bbd5b82e16427e03fab5,data/flame3/Fire/Thermal/Raw JPG/00465.JPG,50cd1d5f7f33a47dcdc9997c645d4822de44814e055e6b378c90dc1de2cbcb9f,data/flame3/Fire/Thermal/Celsius TIFF/00465.TIFF,7bbf3fe2a208d70024b329084aef28b88a680428ff500a18b5787e5d55c737ef,project_support/artifacts/flame3_manual_smoke_v2/machine_labels/labels/masks/train/fire/00465.png,2d8bc505d55d0d7263b8a473cf1340ee5932424f5a29a03faa3cfd7eb7ccdc45,project_support/artifacts/flame3_manual_smoke_v2/machine_labels/labels/boundary_maps/train/fire/00465.png,40429e39ac9864b876e20cea20ae3b28063e6c0fc7dd64fb0b3877ddc8e49185
train,fire/00466,Fire,00466,1,manual_dense,diagnostic_only_not_model_input,data/flame3/Fire/RGB/Corrected FOV/00466.JPG,2da780cd2b64780344a253c16636d3ed83767a835eafc0e09391046e173355e3,data/flame3/Fire/Thermal/Raw JPG/00466.JPG,1fc0b4b38f988c73c2c8e6cd08e1b8e4c9836b2192cb4f4b2edd37ed48a6253a,data/flame3/Fire/Thermal/Celsius TIFF/00466.TIFF,f444914207a1f4601968995137aa374b056095807318d9037532248621d6925c,project_support/data/flame3_manual_smoke_v2_annotation/completed_masks/A079.png,c3b6dfa213f3f551cda3b6bb50dc3f46879188e6f98889616f56ba1cffbe6a77,project_support/artifacts/flame3_manual_smoke_v2/machine_labels/labels/boundary_maps/train/fire/00466.png,1295a1c3ad3caecce6456829eec7d1f109a80c2a80203faaceb931c3e1e729a5
train,fire/00467,Fire,00467,1,manual_dense,diagnostic_only_not_model_input,data/flame3/Fire/RGB/Corrected FOV/00467.JPG,edac93715c936e5452a05ba77f36b24af9d0426c82459305a1a03005acf31b00,data/flame3/Fire/Thermal/Raw JPG/00467.JPG,e28a831dc665e1e87b1788dbc19558e34f06cb4cddd66544bc82d0a4c5d361c5,data/flame3/Fire/Thermal/Celsius TIFF/00467.TIFF,07c7693ee24412f5ebe2299c3518d0167117936ed131a02215d77c7e1c052863,project_support/data/flame3_manual_smoke_v2_annotation/completed_masks/A082.png,2b0074f9b134ca8c919e00090e973563f3262df759bde4851e17f7afbcb08495,project_support/artifacts/flame3_manual_smoke_v2/machine_labels/labels/boundary_maps/train/fire/00467.png,40ed91c9d7e97c8b8ca9d67eacafb3cfdd6d95c0a271ef61bfdfc8e104562ba5
train,fire/00468,Fire,00468,0,machine_partial,diagnostic_only_not_model_input,data/flame3/Fire/RGB/Corrected FOV/00468.JPG,d3492b251cfb71d3458f15737ad5440b5aeaf39a921eccc9d2f3e569a19ff02f,data/flame3/Fire/Thermal/Raw JPG/00468.JPG,e62503b636e42e91e5d9a7d9a8c20cf3949f6994bd1c272d8cff19ab564cb3c6,data/flame3/Fire/Thermal/Celsius TIFF/00468.TIFF,ba84832fd611deb833ebf95ef2f1e4eaf519e3f206f52f1e82834d6e07b56b26,project_support/artifacts/flame3_manual_smoke_v2/machine_labels/labels/masks/train/fire/00468.png,22a92dc583895e6c9ff172a909adbdc87655068cf0ec5bb93f5621707e3b7f35,project_support/artifacts/flame3_manual_smoke_v2/machine_labels/labels/boundary_maps/train/fire/00468.png,efdb269cf7f9f25482c5b0d6eb5101b5f4554cd4f64b7c8e4d6d2e7512927f6b
train,fire/00469,Fire,00469,0,machine_partial,diagnostic_only_not_model_input,data/flame3/Fire/RGB/Corrected FOV/00469.JPG,1daacf56d53d5496deef910053d6b35b1aa94995d9c805ed35919f6bfba44ca9,data/flame3/Fire/Thermal/Raw JPG/00469.JPG,b9c52ce1454a2af1bb7f139faf17259ad7b7660b3443cef5b19128766329550b,data/flame3/Fire/Thermal/Celsius TIFF/00469.TIFF,bceb61d334333a5cba725b2f5e2321aa00bbf666517f5776bf2b2bcacde990bc,project_support/artifacts/flame3_manual_smoke_v2/machine_labels/labels/masks/train/fire/00469.png,28e3ffbcd1df30fb5bd1519b0dda44f2db189c4f1457c25cfb3ff501ac4130aa,project_support/artifacts/flame3_manual_smoke_v2/machine_labels/labels/boundary_maps/train/fire/00469.png,464c491b3e7027767095910aa8f0477603a5d44166fa86bd67f626465f9eb2bd
train,fire/00470,Fire,00470,0,machine_partial,diagnostic_only_not_model_input,data/flame3/Fire/RGB/Corrected FOV/00470.JPG,234959527cfdff19f7222a60905687b0e9f5836e2a223e6e81dc66232f0e7786,data/flame3/Fire/Thermal/Raw JPG/00470.JPG,51226f7138cea31a5d2f368879620adc188658d0e2397b70b8dd9ce145d4a77d,data/flame3/Fire/Thermal/Celsius TIFF/00470.TIFF,1259ee63afa7105bb1adfcb34af24283ee8ab4ea9851dd519795abc15e1dc848,project_support/artifacts/flame3_manual_smoke_v2/machine_labels/labels/masks/train/fire/00470.png,e66103e30a6f11a246092d2d63cfd8223aeca5df16907eb7a9a4b850ed2866ab,project_support/artifacts/flame3_manual_smoke_v2/machine_labels/labels/boundary_maps/train/fire/00470.png,64260de0569c149bc328e6ce368fd26899c186236007becaa1e81acdb37a44e9
train,fire/00471,Fire,00471,0,machine_partial,diagnostic_only_not_model_input,data/flame3/Fire/RGB/Corrected FOV/00471.JPG,aded4ebbaf78998b233ae1a395cc1e15101759f1a98fa6b0d216a4d6f38ce810,data/flame3/Fire/Thermal/Raw JPG/00471.JPG,e6577b9ca101b0a2d7405e937a85745569a6a6e46f8ab0582ffde686f5c690e8,data/flame3/Fire/Thermal/Celsius TIFF/00471.TIFF,d4bf0a016cf0fb52962da16ec65e83fbcc931c95c5469f39ada7e16b62bcf4ff,project_support/artifacts/flame3_manual_smoke_v2/machine_labels/labels/masks/train/fire/00471.png,5736ed74c7e785862d92708522841a13f87afe93c743bcedebedf86757f8c8af,project_support/artifacts/flame3_manual_smoke_v2/machine_labels/labels/boundary_maps/train/fire/00471.png,7fa562271b3215902f0f11b8666e69aaa6fbfa22c1779a3b117eb8cdbfd4448b
train,fire/00472,Fire,00472,0,machine_partial,diagnostic_only_not_model_input,data/flame3/Fire/RGB/Corrected FOV/00472.JPG,bb5f7ba3bd428beb4a0ff3fdda820c4a2bc6ef64fbfe744ccbccd8bfc4a2d917,data/flame3/Fire/Thermal/Raw JPG/00472.JPG,bf10d31dbee03afe102f56358297c2cd232b95c3a46bd231881e3a01df640e9c,data/flame3/Fire/Thermal/Celsius TIFF/00472.TIFF,ba5355479a7f12dec5c6cf9fcf2bf647e64e5caa832e7d23a7100b62f23d7d13,project_support/artifacts/flame3_manual_smoke_v2/machine_labels/labels/masks/train/fire/00472.png,614fc0a87d6f0643d3bd9e5ae6a887d98f6a43f3a4f3433350e1d7e51049f8ec,project_support/artifacts/flame3_manual_smoke_v2/machine_labels/labels/boundary_maps/train/fire/00472.png,f43371dd8224f8b158f868b8e05f6df9c576f503d9a59d257c86499d94b7760a
train,fire/00474,Fire,00474,0,machine_partial,diagnostic_only_not_model_input,data/flame3/Fire/RGB/Corrected FOV/00474.JPG,50ab6f1bb54c6a50c6c214e4e598189082888a171564b3c2bc3e35f65acbeec9,data/flame3/Fire/Thermal/Raw JPG/00474.JPG,987309f95005ac7207aa36cd5a66f7b8f0856a4a8ef7db8c1a6c31478519d0f9,data/flame3/Fire/Thermal/Celsius TIFF/00474.TIFF,678270ecde8c7923ba3f37ba88f54f0150e9e98c067c3540fce52d8c4c66879a,project_support/artifacts/flame3_manual_smoke_v2/machine_labels/labels/masks/train/fire/00474.png,cef14312c4a254b65fe55b5e0cbd4ecdf369feb7386e49d6a232ada88fe36fb7,project_support/artifacts/flame3_manual_smoke_v2/machine_labels/labels/boundary_maps/train/fire/00474.png,700f92af9ed990e0846e2881cd38ae2b0e1bfe23dd816085eb94a5b3ae2fdac8
train,fire/00475,Fire,00475,0,machine_partial,diagnostic_only_not_model_input,data/flame3/Fire/RGB/Corrected FOV/00475.JPG,4740470d5723c61335b18632c7b672bdefb5c2cca5eda9779753d7e504e780c3,data/flame3/Fire/Thermal/Raw JPG/00475.JPG,81f1a405d5a2bfd4a9e7b4783dac7c4a0823dca3b39e03dc7a6ef99fc9d3106c,data/flame3/Fire/Thermal/Celsius TIFF/00475.TIFF,3bc1ae3e11cb59b67319c99087ee8f048a14a365036e0de6ceb42c83a35ec1b0,project_support/artifacts/flame3_manual_smoke_v2/machine_labels/labels/masks/train/fire/00475.png,2d60eeb623547a34602247f9e405af30813d08042304a54419f2476de33ec581,project_support/artifacts/flame3_manual_smoke_v2/machine_labels/labels/boundary_maps/train/fire/00475.png,c74d3ba9c6a9cda58245076de42ceebbdf64d30d4c84aa8ec5c3004b9ad5d232
train,fire/00477,Fire,00477,0,machine_partial,diagnostic_only_not_model_input,data/flame3/Fire/RGB/Corrected FOV/00477.JPG,64c831a2894ece2c90d435a1572f8be7363b60d2962064c29b2fea6fea3de499,data/flame3/Fire/Thermal/Raw JPG/00477.JPG,56a0723712df53325091687a6e4ab2de9bf4bc9c63c25745f90f03751535b752,data/flame3/Fire/Thermal/Celsius TIFF/00477.TIFF,4125741a6805165048c7dfe567dbba60ca651f8a3b2ffb30118d91606d668195,project_support/artifacts/flame3_manual_smoke_v2/machine_labels/labels/masks/train/fire/00477.png,f5fcaa9da0be11ff631a1e45c5e15f670cf344c455001b43c7b448e42f1dd01c,project_support/artifacts/flame3_manual_smoke_v2/machine_labels/labels/boundary_maps/train/fire/00477.png,c198494b48c2b960839bd187fb0083fc6f8b6ce680ab6a9e1157f5adcbc09c0a
train,fire/00478,Fire,00478,1,manual_dense,diagnostic_only_not_model_input,data/flame3/Fire/RGB/Corrected FOV/00478.JPG,3066c4418d0e4e3013f61ec1a795fa35fe61f9de7a6ff3b5c96c158c8a755ef7,data/flame3/Fire/Thermal/Raw JPG/00478.JPG,93efb73163e01bfc4550f821a72e53b2dd44f962546135cb94d7193902946d5e,data/flame3/Fire/Thermal/Celsius TIFF/00478.TIFF,14e250947a724399fc6c9d23c47094b4c0de62674425f46fa9b4c84e564d8d3f,project_support/data/flame3_manual_smoke_v2_annotation/completed_masks/A124.png,3d6a535e7a0df7263ed1c519c906ef943058864eaf94132444a9d87f77493a9e,project_support/artifacts/flame3_manual_smoke_v2/machine_labels/labels/boundary_maps/train/fire/00478.png,982a8956e9c8f4ba266ff65698159173f1feb43e52794f29ebebc1334611108c
train,fire/00479,Fire,00479,0,machine_partial,diagnostic_only_not_model_input,data/flame3/Fire/RGB/Corrected FOV/00479.JPG,c52930f68e95fa3375f99220018f4239e97bb8d592b36aae3e8fcba4a91a086e,data/flame3/Fire/Thermal/Raw JPG/00479.JPG,b725529e9b62a550e6a8996e56a36da5576eed1b1614e39767d8b1d71055d5a3,data/flame3/Fire/Thermal/Celsius TIFF/00479.TIFF,34b4d8af3abbb6663348b3085064e82efd3ea76a66da167477a62dc0fa307e28,project_support/artifacts/flame3_manual_smoke_v2/machine_labels/labels/masks/train/fire/00479.png,29d93be217e49344e7cd2459760f708f033ba3ca06a9f26e7ab2b722d74035a9,project_support/artifacts/flame3_manual_smoke_v2/machine_labels/labels/boundary_maps/train/fire/00479.png,cb61b814ac4b787e4ee817c5b3e2cf20e0a39ed8c7173fdc75e299eaa20e9fcf
train,fire/00480,Fire,00480,0,machine_partial,diagnostic_only_not_model_input,data/flame3/Fire/RGB/Corrected FOV/00480.JPG,89c618e53a654df561616d54b4b432cf28d577406ecf5fe17692bf5285433f2d,data/flame3/Fire/Thermal/Raw JPG/00480.JPG,e5a22906bfcc0899b0ac0cb162da4359b0d8b6b0e9c686259694f336c63b1374,data/flame3/Fire/Thermal/Celsius TIFF/00480.TIFF,6d3e090a11b285f765ef623326fb812d14c36c8c8a450c4f4ee1b5de7e8c92c0,project_support/artifacts/flame3_manual_smoke_v2/machine_labels/labels/masks/train/fire/00480.png,042ec04c8109a02b9245cffc106dc92b678ee3e8e6e769ae2d2f12daa82f414d,project_support/artifacts/flame3_manual_smoke_v2/machine_labels/labels/boundary_maps/train/fire/00480.png,1a981d0f5d079f95f67633a96b86eabfb4c134c6d23e779d30e3a3992a8f044d
train,fire/00482,Fire,00482,0,machine_partial,diagnostic_only_not_model_input,data/flame3/Fire/RGB/Corrected FOV/00482.JPG,f9bcf89dd1df0d98178e45680ed20ed16c150ff905d67e534e11fd43f1d8d227,data/flame3/Fire/Thermal/Raw JPG/00482.JPG,637c2005eb601e3dec646d65c91bc45be61a8c69ed56f2665504b3215e94e471,data/flame3/Fire/Thermal/Celsius TIFF/00482.TIFF,fe2941458651d934a5fd28da6b346b38da8f899e7591f898565ac1f579bf2586,project_support/artifacts/flame3_manual_smoke_v2/machine_labels/labels/masks/train/fire/00482.png,9eb2899714c8f0e5761512ec911b753df698e627475ba889ed4fb23086eb5994,project_support/artifacts/flame3_manual_smoke_v2/machine_labels/labels/boundary_maps/train/fire/00482.png,5fc137807a5b964dc2ea3ca8659c79ac30269720718968ad51fe1518c1a72ddc
train,fire/00484,Fire,00484,0,machine_partial,diagnostic_only_not_model_input,data/flame3/Fire/RGB/Corrected FOV/00484.JPG,184c68a0bc1275113154c63d90d6667fa657de094d8b66e567d69f4d620e9580,data/flame3/Fire/Thermal/Raw JPG/00484.JPG,31d026da85a783241cc928bad92f3d62a30cdd648c9c0d1d7770648fb401f029,data/flame3/Fire/Thermal/Celsius TIFF/00484.TIFF,44375903b23a96000a9230b1b69b24a78b67a1f181daa4f34d3f42ba1f33fd03,project_support/artifacts/flame3_manual_smoke_v2/machine_labels/labels/masks/train/fire/00484.png,6da86c8741aa02d3be3720ab5b49f83a564380b7adb3522bcc2b1034d6c5ae57,project_support/artifacts/flame3_manual_smoke_v2/machine_labels/labels/boundary_maps/train/fire/00484.png,a6b552e6cad6f9e6d453bdc23ac1f62a98f78c5235685d26c6b668ee03975aee
train,fire/00485,Fire,00485,0,machine_partial,diagnostic_only_not_model_input,data/flame3/Fire/RGB/Corrected FOV/00485.JPG,65b639fa99f045b4086e446ee7fb146e78a4a5b4a3a4dc3423f78694d0f0ffa6,data/flame3/Fire/Thermal/Raw JPG/00485.JPG,3b413e6e8009797fc1136405e7f17a89923abd1dd551ea37c0eede0715278f6d,data/flame3/Fire/Thermal/Celsius TIFF/00485.TIFF,8d14611d2a8fba46993bbe1569068462ddb6ee157bf24f90aed4fe99d8bbb9ac,project_support/artifacts/flame3_manual_smoke_v2/machine_labels/labels/masks/train/fire/00485.png,e1df0c8401612014b7dc6adccff9fd5f64fe1792c573ec8dba5950c089ae43a4,project_support/artifacts/flame3_manual_smoke_v2/machine_labels/labels/boundary_maps/train/fire/00485.png,346e40a59d18929ea7bf590f3f3206664fda19f3fc0df5b41abdb5a92d5c1c3b
train,fire/00486,Fire,00486,1,manual_dense,diagnostic_only_not_model_input,data/flame3/Fire/RGB/Corrected FOV/00486.JPG,5be4621504c9c1d602a6248c477db3777a9b1a0dd62a887d8aadd2e2a27b7b89,data/flame3/Fire/Thermal/Raw JPG/00486.JPG,63e4c7885c73223b5e39bc2fa568f423e6e721f818618c1e54f650b2add89e68,data/flame3/Fire/Thermal/Celsius TIFF/00486.TIFF,0f81cb7d8e02baffdf0eba3e1b2598ab8905b6d23cd120dd4ce4d8bb85ba2026,project_support/data/flame3_manual_smoke_v2_annotation/completed_masks/A073.png,5471992cdf2aefff3ba39955f6cfbfa6865b62c17cbc7c1f1368455b6f3a2b84,project_support/artifacts/flame3_manual_smoke_v2/machine_labels/labels/boundary_maps/train/fire/00486.png,57929722294d56d2e8284173b53f813a005ac302e3150de21634f64af29e4ab6
train,fire/00487,Fire,00487,0,machine_partial,diagnostic_only_not_model_input,data/flame3/Fire/RGB/Corrected FOV/00487.JPG,37a54178d0144012d798d678661f8e457d337c7f9c9b0ab25db43df91aa5e744,data/flame3/Fire/Thermal/Raw JPG/00487.JPG,adbbcdaeb7e8179f81851f62aa0c0d1c5a862b4e9ecbe1aaa43e893d05c74a28,data/flame3/Fire/Thermal/Celsius TIFF/00487.TIFF,7468bedd11801631b254b792a19261788eda029d128d0bfe493bdc1bd048f0d8,project_support/artifacts/flame3_manual_smoke_v2/machine_labels/labels/masks/train/fire/00487.png,2e331328b95b466f9bf2c6e4356ad757cfc7985f080f1cf806ba0c0531a637db,project_support/artifacts/flame3_manual_smoke_v2/machine_labels/labels/boundary_maps/train/fire/00487.png,0c52ed3aae01bc007458d0209da4417eaabbabdf201a17c29ca4ec9f21542fd8
train,fire/00488,Fire,00488,0,machine_partial,diagnostic_only_not_model_input,data/flame3/Fire/RGB/Corrected FOV/00488.JPG,f9b6c16ffe2a87e2567cd3c364fe0a8c85b242b30388eb4ea4f1626659203354,data/flame3/Fire/Thermal/Raw JPG/00488.JPG,d8384277f48830a4d698acfaeda4c7dbd7a81e5d0984fb4e58978c0204721d6f,data/flame3/Fire/Thermal/Celsius TIFF/00488.TIFF,c63b388d0e73eb41f28f2a076c8cadb7f3d7b6e07c8a3d87c39196720470f025,project_support/artifacts/flame3_manual_smoke_v2/machine_labels/labels/masks/train/fire/00488.png,3692c43a20a6dc3fc053465d17d92672e0bd26f8ee370e372d6f3e0f9bdc30cf,project_support/artifacts/flame3_manual_smoke_v2/machine_labels/labels/boundary_maps/train/fire/00488.png,2e2bd44a01a55a5a38274b6081d329083a860d0db804d44d9f17b20024a1aa61
train,fire/00489,Fire,00489,0,machine_partial,diagnostic_only_not_model_input,data/flame3/Fire/RGB/Corrected FOV/00489.JPG,1350a84c20b4bdff56a4b9ae29d54d201afaebf16148bed0e03e21519190dfce,data/flame3/Fire/Thermal/Raw JPG/00489.JPG,de9236c17af060c45ea350ececc560d0ede769283fc74e7796dd3fa9aead7927,data/flame3/Fire/Thermal/Celsius TIFF/00489.TIFF,83f0b69b97753e335225549453c3c240fbc9d35f7b9f29a80c900a551435507c,project_support/artifacts/flame3_manual_smoke_v2/machine_labels/labels/masks/train/fire/00489.png,d1217c0f2b41b0c3ec84ce0d22e30b7273ea3030620dcddfedeb0b259005aef7,project_support/artifacts/flame3_manual_smoke_v2/machine_labels/labels/boundary_maps/train/fire/00489.png,bce87af2d65acecbcbc50ec0199d372e8580e1653eb1cdfcd6f3ad0e1db3027c
train,fire/00490,Fire,00490,0,machine_partial,diagnostic_only_not_model_input,data/flame3/Fire/RGB/Corrected FOV/00490.JPG,c58eb0687308dfd64ce8595619a029660915093ece5ea15e3929fd69d84c3e13,data/flame3/Fire/Thermal/Raw JPG/00490.JPG,be8e14a94ba436d2c77b14f87f6027a6f3e951f33d8cbdeba760ca717b684d10,data/flame3/Fire/Thermal/Celsius TIFF/00490.TIFF,71913752cfc2c564e3fd9b328692202fcbd864486206e64e77549593a4b26727,project_support/artifacts/flame3_manual_smoke_v2/machine_labels/labels/masks/train/fire/00490.png,fbf07f7b3c4f28f12dc42346030d89ad214f75883b55d6b418e6cee1623d2f39,project_support/artifacts/flame3_manual_smoke_v2/machine_labels/labels/boundary_maps/train/fire/00490.png,964ccbc7b3b7316ffe8d3d5d04c7a00939b96d2022f1425ff09015b4469c615b
train,fire/00493,Fire,00493,1,manual_dense,diagnostic_only_not_model_input,data/flame3/Fire/RGB/Corrected FOV/00493.JPG,b05513411b9d57ef37a6ea675a2b52127c452df3538406172b2f0d481d087a4a,data/flame3/Fire/Thermal/Raw JPG/00493.JPG,fb11ac0c9a4d2dff6810fa6665b29850f977393d5ef0954e98800181b093ea8d,data/flame3/Fire/Thermal/Celsius TIFF/00493.TIFF,9c14ab468e8179f7e5590b9d4910605ee67117f0f8173de492002bc58c1bbb71,project_support/data/flame3_manual_smoke_v2_annotation/completed_masks/A106.png,530d9fa1baeaa331fae95356fa7da8c83a339715490cd8c3639fd50af40b31b2,project_support/artifacts/flame3_manual_smoke_v2/machine_labels/labels/boundary_maps/train/fire/00493.png,aa43da769e2577034b1fb8c6cc749d0aa996679a60399734f66aa5ee0fa1468c
train,fire/00494,Fire,00494,0,machine_partial,diagnostic_only_not_model_input,data/flame3/Fire/RGB/Corrected FOV/00494.JPG,f16fd598d5d89a5d5e1b18a67088d725c653e18e7849cccd7b88b45a6b1eaba5,data/flame3/Fire/Thermal/Raw JPG/00494.JPG,9721f61cc76ad81a238749b0b32c70ffc7b1140350c3f771bdef34c57a5de529,data/flame3/Fire/Thermal/Celsius TIFF/00494.TIFF,4ed6d4ed7939c7fcd08e39f3a311875a5d4c39530ae3ae105ef68a24b7aa231c,project_support/artifacts/flame3_manual_smoke_v2/machine_labels/labels/masks/train/fire/00494.png,34c566c19869d3608fd96c0cca59e6a705e782ea6dacfe7c8e09bfeeb743376a,project_support/artifacts/flame3_manual_smoke_v2/machine_labels/labels/boundary_maps/train/fire/00494.png,52ea8616a689e336d4fc161c5c0d3c89d2e1d4b90460d6af852416f2ca150c62
train,fire/00495,Fire,00495,0,machine_partial,diagnostic_only_not_model_input,data/flame3/Fire/RGB/Corrected FOV/00495.JPG,d60c12ce2c39c1cb9eda9b6e7efbacfefd8e4644df1929edca3732265885c884,data/flame3/Fire/Thermal/Raw JPG/00495.JPG,f9521730ecc00042f29d06c6262428f0ea3fb0621e24bc1bcfa853374e6f7f92,data/flame3/Fire/Thermal/Celsius TIFF/00495.TIFF,c401e1dffcf08297ea666a82d42a5cac3a40d7de705dbef3303dc323211caf57,project_support/artifacts/flame3_manual_smoke_v2/machine_labels/labels/masks/train/fire/00495.png,760b30d79274dbc4d29987d5777156307fe9a1f400ebe9c7d32b5df631752152,project_support/artifacts/flame3_manual_smoke_v2/machine_labels/labels/boundary_maps/train/fire/00495.png,53913e4426f6f1906c1f6bfde2c4e5d117d7947f7aae7fcd95ce8d89bfc29d76
train,fire/00497,Fire,00497,0,machine_partial,diagnostic_only_not_model_input,data/flame3/Fire/RGB/Corrected FOV/00497.JPG,e095eef66674e691663375d7aedaed5d216035910e62d947f905f7017c5a58c4,data/flame3/Fire/Thermal/Raw JPG/00497.JPG,cbedf8ed8254dc7b0b60e1dc5261283cfc18102ee64da34180b7f7aa03f892e7,data/flame3/Fire/Thermal/Celsius TIFF/00497.TIFF,69fa946aec738369a6b9dfbfbb093137db46172c76ace491f1bf54a103d1b8d8,project_support/artifacts/flame3_manual_smoke_v2/machine_labels/labels/masks/train/fire/00497.png,b6368c59be553e4dfd3f29854ebfc7230849d8fec50d6816c5fd81fa55a576f4,project_support/artifacts/flame3_manual_smoke_v2/machine_labels/labels/boundary_maps/train/fire/00497.png,2cc406a5b4652c981cba4ff927e1449c3a222c6b93e7af9e07df8fc68416a53e
train,fire/00498,Fire,00498,0,machine_partial,diagnostic_only_not_model_input,data/flame3/Fire/RGB/Corrected FOV/00498.JPG,976d8099cb5c73dbbedd1ea292743c50dc19f77d6edf3a3a87eb12ab3d799d70,data/flame3/Fire/Thermal/Raw JPG/00498.JPG,973cd4970cd96c5fb88a165bd412499ff2ae84e6386303f42757d0ac21875140,data/flame3/Fire/Thermal/Celsius TIFF/00498.TIFF,181ac2752e818f5ca3f7acff1142e25716915a46cac4fa7c1b89e1b8cf39c625,project_support/artifacts/flame3_manual_smoke_v2/machine_labels/labels/masks/train/fire/00498.png,9b1d30593558ecd96e592c59fbe3f067f54104c69ce69fa9c7096b7df85f95f6,project_support/artifacts/flame3_manual_smoke_v2/machine_labels/labels/boundary_maps/train/fire/00498.png,63e581ac330b7ad2a54347f5424dd39497bce41fcebfff67f5f9170998916802
train,fire/00500,Fire,00500,0,machine_partial,diagnostic_only_not_model_input,data/flame3/Fire/RGB/Corrected FOV/00500.JPG,0a5d3894585da66fea80a2c011aaa15e919107dce4f123a539425ca2956c269f,data/flame3/Fire/Thermal/Raw JPG/00500.JPG,0df7eee988bdfd723ccc7955104ec300491d8cf55b2b600e9421b1913f563afb,data/flame3/Fire/Thermal/Celsius TIFF/00500.TIFF,6f2d3408b35c05c50e5e213d58cecf903d3671bd8309e2656e24e6ddf137a4dd,project_support/artifacts/flame3_manual_smoke_v2/machine_labels/labels/masks/train/fire/00500.png,bf6e71084ecb306600e649877bc657846ea3070f7ee72e78605b21728ccb246b,project_support/artifacts/flame3_manual_smoke_v2/machine_labels/labels/boundary_maps/train/fire/00500.png,5d546d495d4c7472fd1c4a7be871794120a9899e7ec14d1469a57c0a754a3118
train,fire/00501,Fire,00501,0,machine_partial,diagnostic_only_not_model_input,data/flame3/Fire/RGB/Corrected FOV/00501.JPG,19da87691618544ea92c4cd9012486d0cbef56ceabadf5c4ec1f4407185f249e,data/flame3/Fire/Thermal/Raw JPG/00501.JPG,174858bd2422d92241e71e3e90c03beb39f229bc95aa1b1c72ccbb520e983998,data/flame3/Fire/Thermal/Celsius TIFF/00501.TIFF,1e29d4dc898eb73e3f8e0113e9d05242718838b6eb8bf48c192f08ebfe7c3770,project_support/artifacts/flame3_manual_smoke_v2/machine_labels/labels/masks/train/fire/00501.png,ed5298bfa0277bd5baece8070eeaea0e11c3af04c2ba7c0d5e5f3439562ba938,project_support/artifacts/flame3_manual_smoke_v2/machine_labels/labels/boundary_maps/train/fire/00501.png,0d421a013f3e361d70b3d75bada8d7c1d4361d657eac522bec1d835277324098
train,fire/00502,Fire,00502,0,machine_partial,diagnostic_only_not_model_input,data/flame3/Fire/RGB/Corrected FOV/00502.JPG,601664e458cfec9506329c9da9bb3ef1b1eb0be1a65611c1156bc310c18f4bdf,data/flame3/Fire/Thermal/Raw JPG/00502.JPG,b95fc357e4391f8bca904c33cce928bb8054ce2a6a3736b5cd7a85e35e21013a,data/flame3/Fire/Thermal/Celsius TIFF/00502.TIFF,210b7d464893c52116c335bf558a91d8e4854cb6af28f2c7d1c94fcc157d38b6,project_support/artifacts/flame3_manual_smoke_v2/machine_labels/labels/masks/train/fire/00502.png,489fce6314a5cd9ffebab60ca1dd000ba11b54f705e31c59276d5b5c70195dee,project_support/artifacts/flame3_manual_smoke_v2/machine_labels/labels/boundary_maps/train/fire/00502.png,0f787c22141939cca83ff1d4797736290edb7659f5450db8c2fda297f37db4f2
train,fire/00503,Fire,00503,0,machine_partial,diagnostic_only_not_model_input,data/flame3/Fire/RGB/Corrected FOV/00503.JPG,c217e8a3d9cff96229279e119daf3d9be46ef1a6e4b167b5a745d1350743aa09,data/flame3/Fire/Thermal/Raw JPG/00503.JPG,b122cb27b42ec327aa4939bee0db602166e9d0e154542bb955cf576107a9fcca,data/flame3/Fire/Thermal/Celsius TIFF/00503.TIFF,c97901e6a9a719425ea81228f99d31e7926fbd35187125d7584ba13574e48a66,project_support/artifacts/flame3_manual_smoke_v2/machine_labels/labels/masks/train/fire/00503.png,1012d63789af2c1ab9451185d050bb5bf6a24be59406b094ebdb1098a15def34,project_support/artifacts/flame3_manual_smoke_v2/machine_labels/labels/boundary_maps/train/fire/00503.png,75bca3ea4e5a4109e824a1c86882dba74cda530d258dbf54444eb42428a50de9
train,fire/00504,Fire,00504,0,machine_partial,diagnostic_only_not_model_input,data/flame3/Fire/RGB/Corrected FOV/00504.JPG,a846fa55e39be1b9485db2f64a98ceee70ca55d5d25c79293ff75850460e9ef5,data/flame3/Fire/Thermal/Raw JPG/00504.JPG,0675d080be24d983fd6c6bf494bbe6c022aaa3b328fe4ba2c4b4bce34fe9b54d,data/flame3/Fire/Thermal/Celsius TIFF/00504.TIFF,a1b207cb929a97f1237f7469ff69d637a7fefd9eb8faf3261a6dc43489bbe7dd,project_support/artifacts/flame3_manual_smoke_v2/machine_labels/labels/masks/train/fire/00504.png,d667236221bfa16196f26f794d3ac8c2d676a581bed48d3350f673bb50e51260,project_support/artifacts/flame3_manual_smoke_v2/machine_labels/labels/boundary_maps/train/fire/00504.png,556f9b4b2fa91ce8bb4e4f7bed673307c0a13a4f5aea8f023c23f94e1487ccd8
train,fire/00505,Fire,00505,0,machine_partial,diagnostic_only_not_model_input,data/flame3/Fire/RGB/Corrected FOV/00505.JPG,40011a888f48ec3f45f9da0d6d0aac914a432a758a8f02e2fc34a84fe5c09692,data/flame3/Fire/Thermal/Raw JPG/00505.JPG,1b0fb591ecd1506cbe4e90de6070179bdc8b4dbf065643186826c95de2dc823f,data/flame3/Fire/Thermal/Celsius TIFF/00505.TIFF,435a8850df63eb5527a8acc184fc7be9f42c63b60cbd9415e9892c33a3742213,project_support/artifacts/flame3_manual_smoke_v2/machine_labels/labels/masks/train/fire/00505.png,2b06101a6db612bd93c31a6eee919ed279fa848f9a58ddf552556b520f3ea86b,project_support/artifacts/flame3_manual_smoke_v2/machine_labels/labels/boundary_maps/train/fire/00505.png,da7d7845f04712228d6fdb7cd47a21e76d6f428292978f3f842bba05ba1ecf45
train,fire/00507,Fire,00507,0,machine_partial,diagnostic_only_not_model_input,data/flame3/Fire/RGB/Corrected FOV/00507.JPG,9b48bd29db746a05f61a71aa7a552d9a94a2039449a3140e7f59e2922599a2bc,data/flame3/Fire/Thermal/Raw JPG/00507.JPG,e08aae5b8ed65294bafcd5426ef38c60dc519da46f14a111aaf272a58817239c,data/flame3/Fire/Thermal/Celsius TIFF/00507.TIFF,03c1066d80fa153723299b6138b7eee58c02ca9b447520d2da34303ff4cd150a,project_support/artifacts/flame3_manual_smoke_v2/machine_labels/labels/masks/train/fire/00507.png,c4b70fe5f175be310ce09e6ab1a81341d9f415ce363958f19f284f82a3a9e9f4,project_support/artifacts/flame3_manual_smoke_v2/machine_labels/labels/boundary_maps/train/fire/00507.png,684a0b026735ab85b150763c069251668b9a1e8b8201b382a86895b9e618e38b
train,fire/00509,Fire,00509,1,manual_dense,diagnostic_only_not_model_input,data/flame3/Fire/RGB/Corrected FOV/00509.JPG,107a6c1e2d7543969501de879fef0d7fee0f12973a00bde99ddbc2a76c4d619c,data/flame3/Fire/Thermal/Raw JPG/00509.JPG,3bb084a4d961b56ab87e1feeb9b629a5d512e37a2c881d110dd4105f14785739,data/flame3/Fire/Thermal/Celsius TIFF/00509.TIFF,57f07148b4bd5bffdbbbda39c825fe1948d211d588163f548fa5f07aedaa93d7,project_support/data/flame3_manual_smoke_v2_annotation/completed_masks/A119.png,09d46c2b0c0989711a52a8d818176764c247a7026d5cf5a410b9e2895c950383,project_support/artifacts/flame3_manual_smoke_v2/machine_labels/labels/boundary_maps/train/fire/00509.png,3910997452a5e0d53d1c2ab74bbd350eac1b56281ca31b1ea3df1651ddd2f083
train,fire/00510,Fire,00510,0,machine_partial,diagnostic_only_not_model_input,data/flame3/Fire/RGB/Corrected FOV/00510.JPG,be681c77278f8624779ce726effbadede75030492686dd98cfb453ecbb8b07a4,data/flame3/Fire/Thermal/Raw JPG/00510.JPG,0516a9dbcf1edb68a64e6595b9b09c3ddb3b3f9cb802a86d7722313200153c96,data/flame3/Fire/Thermal/Celsius TIFF/00510.TIFF,d539ea8617ca8702abf038bf67579e2c5b54995d8260c12cfd259b29a943f9cd,project_support/artifacts/flame3_manual_smoke_v2/machine_labels/labels/masks/train/fire/00510.png,df9c940a2c719b7dd97bf6a8a04d802f7f53582053e8344435ac56f66fc9880a,project_support/artifacts/flame3_manual_smoke_v2/machine_labels/labels/boundary_maps/train/fire/00510.png,871641bfb88136b94f2fead3ec80245877d78d2829212270ca7d8e93671877f6
train,fire/00512,Fire,00512,1,manual_dense,diagnostic_only_not_model_input,data/flame3/Fire/RGB/Corrected FOV/00512.JPG,2264dbf58b9c8ffea48e77c2f6c7e89830a29140a2e6b06d3a7269e7e89fb65a,data/flame3/Fire/Thermal/Raw JPG/00512.JPG,5845cc927350d089947c91b2b613879458c1d9d8dd0aabb4c973aa1f68df6484,data/flame3/Fire/Thermal/Celsius TIFF/00512.TIFF,67751da4d9fa327a3174fc9f6b954c8a2c0e4cad6b96a3ba9191f1ca3f0b0094,project_support/data/flame3_manual_smoke_v2_annotation/completed_masks/A112.png,4417d3027bb3d7c2a1c1ee1bf77fc10da6a7223c207485b075ff607e1d4541f4,project_support/artifacts/flame3_manual_smoke_v2/machine_labels/labels/boundary_maps/train/fire/00512.png,3c6816a08f4dfd66a343cccd2457ced5628d6e10cc32e46d89fbd62b36057bb4
train,fire/00513,Fire,00513,0,machine_partial,diagnostic_only_not_model_input,data/flame3/Fire/RGB/Corrected FOV/00513.JPG,13fa90734cd2bc132a6f5f5ecc5c09b9920d65abaab05415cd218a48aefd87a2,data/flame3/Fire/Thermal/Raw JPG/00513.JPG,82ddff8b9f1a41f9fca30e25fbf864dff838c80347ba1cd4ecda23a63cee65b5,data/flame3/Fire/Thermal/Celsius TIFF/00513.TIFF,44f7415da21eedc356175232cc59d3961cd45c79ca32cc30d2ea5cf621e8c4f4,project_support/artifacts/flame3_manual_smoke_v2/machine_labels/labels/masks/train/fire/00513.png,7fbc19f5b656c16129a825e626305ba7d03e994cbe150f89b72f4f0a780bf3a4,project_support/artifacts/flame3_manual_smoke_v2/machine_labels/labels/boundary_maps/train/fire/00513.png,03d29b5dd52ad54fe23d2fd0106c804d38d93402f56488235e0216919ff61c5d
train,fire/00514,Fire,00514,0,machine_partial,diagnostic_only_not_model_input,data/flame3/Fire/RGB/Corrected FOV/00514.JPG,ec24387ceda0068df8a04cc8ed5ddf2ffb650917a40ecbcc7cd89b7b05a6845f,data/flame3/Fire/Thermal/Raw JPG/00514.JPG,3219955d099aa2a6ff9fd40c5d112840a19e737cef1f863e4e3ef6d68a15896d,data/flame3/Fire/Thermal/Celsius TIFF/00514.TIFF,a28b8b1a297b270d245aff82d97bd4d80b50ef37b347c1046b7064d3e2e7a96d,project_support/artifacts/flame3_manual_smoke_v2/machine_labels/labels/masks/train/fire/00514.png,f281aee09806caa7c62c135c47ae1b122afbcbf33647f22f6b207786fee0477c,project_support/artifacts/flame3_manual_smoke_v2/machine_labels/labels/boundary_maps/train/fire/00514.png,968b5cabb218e55709f4de2fc6502b94523ceb429de3e3bb5c46e7d70f052598
train,fire/00516,Fire,00516,0,machine_partial,diagnostic_only_not_model_input,data/flame3/Fire/RGB/Corrected FOV/00516.JPG,518764f5f2dddb933538f6d55afae44e0c38fa1a2e555ca193cc7e58dcfe6c6a,data/flame3/Fire/Thermal/Raw JPG/00516.JPG,6bc828bddcfd957d2c7018a524070d4d2c0094468236502cc85f3fa3b6debd03,data/flame3/Fire/Thermal/Celsius TIFF/00516.TIFF,f05d89dd6af85af5be20deaf6b76365154865030b0efbdc8cd33e5c7387532af,project_support/artifacts/flame3_manual_smoke_v2/machine_labels/labels/masks/train/fire/00516.png,e7e1ebcbd44f1fe592a444cb3b11ce177ccf649706b5c2ceb0e61b137f67f317,project_support/artifacts/flame3_manual_smoke_v2/machine_labels/labels/boundary_maps/train/fire/00516.png,d0e446d12fd52039d0b34ad2a8f471381f2276e180dcf40fae4445c8d60406d5
train,fire/00517,Fire,00517,1,manual_dense,diagnostic_only_not_model_input,data/flame3/Fire/RGB/Corrected FOV/00517.JPG,37106c153458024a048bb74f5eeb3264f28784e0f8c1a878e8a111b01dc00108,data/flame3/Fire/Thermal/Raw JPG/00517.JPG,63bc0ab057f3e6e2fc9322f3a5efb4812979e10c6409893bd06c53154eab00c5,data/flame3/Fire/Thermal/Celsius TIFF/00517.TIFF,e94aedaf623f819fc3c65b925438cebde2a260bbe06af039d9846e777e65db4f,project_support/data/flame3_manual_smoke_v2_annotation/completed_masks/A076.png,507f08eaab6a773951e6c0699afba353064ef4905a88c722e8ad9e545a7c6b57,project_support/artifacts/flame3_manual_smoke_v2/machine_labels/labels/boundary_maps/train/fire/00517.png,700dee90ec86a83133bac986fba383112f64d681f68584ef3daf74cc81fcb2d2
train,fire/00518,Fire,00518,0,machine_partial,diagnostic_only_not_model_input,data/flame3/Fire/RGB/Corrected FOV/00518.JPG,44e059d0e7d0d3f3f0daa19c5eb9fb1f54ceac7ed6a6a66f865f07f4c781c391,data/flame3/Fire/Thermal/Raw JPG/00518.JPG,24bde4ec9eb9ea1875057a821e9c88b38f019e672bfdc7e0ebac2f76b7df6e6c,data/flame3/Fire/Thermal/Celsius TIFF/00518.TIFF,90829114df588493fb70172e182a39f258906809dc295b98cd9106daff5f17b6,project_support/artifacts/flame3_manual_smoke_v2/machine_labels/labels/masks/train/fire/00518.png,7456dc4f0dba2b9fc1f3fb35914c232d445af6255e4281230432308627019d6b,project_support/artifacts/flame3_manual_smoke_v2/machine_labels/labels/boundary_maps/train/fire/00518.png,35d851adbc7db88b5bc7fe0571c2a93a9c546534fdf35d07e210217e1923ac09
train,fire/00519,Fire,00519,0,machine_partial,diagnostic_only_not_model_input,data/flame3/Fire/RGB/Corrected FOV/00519.JPG,2013ab739fceb00aeea29bbbbe4a834f29139b661bbf55189cc14eae49b365d8,data/flame3/Fire/Thermal/Raw JPG/00519.JPG,c1bee5fa48c3422f728a2f6c7183194feb3844fc95fc1fa5c1327ac555d5d1b1,data/flame3/Fire/Thermal/Celsius TIFF/00519.TIFF,c399b5bf0a6cb97bcc336b1a3eb6e42467149391b7541ee8e74631f1f67fdb78,project_support/artifacts/flame3_manual_smoke_v2/machine_labels/labels/masks/train/fire/00519.png,e4eb272e7f7394004b8c8e694260b16b26eb26206536ef4c6a79bd99a1c37a0c,project_support/artifacts/flame3_manual_smoke_v2/machine_labels/labels/boundary_maps/train/fire/00519.png,1e7c80650557779de4bcc03c215c02f350c2aaee0f3b700e828ecc7cfcc56969
train,fire/00520,Fire,00520,0,machine_partial,diagnostic_only_not_model_input,data/flame3/Fire/RGB/Corrected FOV/00520.JPG,1c775a4dd10ca3712a771caf7eb214839b5554dac209c44a7af27a0a0891c8a4,data/flame3/Fire/Thermal/Raw JPG/00520.JPG,aa956e80c5967c3362897b16b31e234e7587d7719ddabc144d35c04f713e4ac0,data/flame3/Fire/Thermal/Celsius TIFF/00520.TIFF,1bf5b018863829ee9d4cdd7b7c4e632a9fad446b96a8f1541f5b9c17a77c72db,project_support/artifacts/flame3_manual_smoke_v2/machine_labels/labels/masks/train/fire/00520.png,180fcc1173bb1ee62e7b6cc54711a1e488338adf280712b980e373b9c4cf1020,project_support/artifacts/flame3_manual_smoke_v2/machine_labels/labels/boundary_maps/train/fire/00520.png,ca0a6d44fb51831b242538d2ba872d12d5e3aaba6d20496c1ca76de801ce0561
train,fire/00521,Fire,00521,0,machine_partial,diagnostic_only_not_model_input,data/flame3/Fire/RGB/Corrected FOV/00521.JPG,5ca1cb855d29821e4a3884d7cc14ddd1c693292baf3bdee5dba92d61d8752a76,data/flame3/Fire/Thermal/Raw JPG/00521.JPG,306ce4bc9bdaf03c2496f7397fd43716d31985d94cf0898cb66b87a891ed3ff4,data/flame3/Fire/Thermal/Celsius TIFF/00521.TIFF,1645570ee19a50f884285eefb010198df6740c0e47b9bd7f254af90c1faa887c,project_support/artifacts/flame3_manual_smoke_v2/machine_labels/labels/masks/train/fire/00521.png,0a2a802ac60c16df81bdfb9b7ebd1dbe7a51f72ad9ad0f188fcf46ff518128e0,project_support/artifacts/flame3_manual_smoke_v2/machine_labels/labels/boundary_maps/train/fire/00521.png,b31acbbed5fea796cb53521efba13fd6e8a6aa39c7c09b994470155fc9e17432
train,fire/00522,Fire,00522,0,machine_partial,diagnostic_only_not_model_input,data/flame3/Fire/RGB/Corrected FOV/00522.JPG,a58ca6595d47dd4e7108b4db408c5ecc095782bb280a3fb4ee36b8f31e30e2f0,data/flame3/Fire/Thermal/Raw JPG/00522.JPG,948c88e4aec208ccc3ec6c64d55a0a6bd917f267efc55045bebe99cf50701c7d,data/flame3/Fire/Thermal/Celsius TIFF/00522.TIFF,5283ed7ffd7f0107c17ee7ae6ca0b0ffceb161e61aa1f967b7d57fc5583bbad4,project_support/artifacts/flame3_manual_smoke_v2/machine_labels/labels/masks/train/fire/00522.png,8bea2ad01968d9dad09173e898ab5fd60dc06590608d2a6f26799029b80ad5ce,project_support/artifacts/flame3_manual_smoke_v2/machine_labels/labels/boundary_maps/train/fire/00522.png,09b032afe2f4087438e11b145683f15715ef9334a82e2e6c252ef05de6ef5d42
train,fire/00523,Fire,00523,0,machine_partial,diagnostic_only_not_model_input,data/flame3/Fire/RGB/Corrected FOV/00523.JPG,026932bad78fc32e2b2880f418961ebbe6c4963d5532ea3cdbd4c1edc351eb75,data/flame3/Fire/Thermal/Raw JPG/00523.JPG,01f9ec369f8075808279d249811bcc61a791f6d65f42364434ef3641d67a7c6f,data/flame3/Fire/Thermal/Celsius TIFF/00523.TIFF,998df2c4f5a74adca4ffbbf011e9fe22c885b8ef4f799406f114a86b55e6c836,project_support/artifacts/flame3_manual_smoke_v2/machine_labels/labels/masks/train/fire/00523.png,8f2823c9746d8b8b99ba35797c9601209177cb9c3d4ae2af0f5a00c5773a7c11,project_support/artifacts/flame3_manual_smoke_v2/machine_labels/labels/boundary_maps/train/fire/00523.png,15b7277caf549f7468214d28e169c9e843f6f387068e7cf1154ab8828c33b274
train,fire/00527,Fire,00527,0,machine_partial,diagnostic_only_not_model_input,data/flame3/Fire/RGB/Corrected FOV/00527.JPG,41ede9ed522a2804233f393e2b126358a733877a503f1676e82601bc378ad88b,data/flame3/Fire/Thermal/Raw JPG/00527.JPG,d809d7b1bc32b0ce99b11b106079aae7771a646db002d7dfa091651eada789f8,data/flame3/Fire/Thermal/Celsius TIFF/00527.TIFF,05d95ce0ad127f0f2cab337bec664d5b93f3a24062f2dab3373b52c5cac8dde4,project_support/artifacts/flame3_manual_smoke_v2/machine_labels/labels/masks/train/fire/00527.png,3dca1f6046445d4f364ba1d4f8a1bd9e3deee2dcfc4c55afbb98b08dd37524d0,project_support/artifacts/flame3_manual_smoke_v2/machine_labels/labels/boundary_maps/train/fire/00527.png,f19be60c6e8630bc844186d89eb453e8f94dd6f29929631fcba5ea2c2b152853
train,fire/00529,Fire,00529,0,machine_partial,diagnostic_only_not_model_input,data/flame3/Fire/RGB/Corrected FOV/00529.JPG,f34cf8e619f91f4e8eee1080eb3876a31664dc7703513fd77fa9ab0e87e5e21c,data/flame3/Fire/Thermal/Raw JPG/00529.JPG,222f3805e46a8467095277c1f0bf7eb9daa236204e7ca48b3d850915745ed261,data/flame3/Fire/Thermal/Celsius TIFF/00529.TIFF,302bcebbe6cc3afa390d779988403b00752011189a500264fcfffe0ac2860b11,project_support/artifacts/flame3_manual_smoke_v2/machine_labels/labels/masks/train/fire/00529.png,c3a83fa9774f82ba2d792af02f4b911a34a7206d3cece56a3e6549a230ecc635,project_support/artifacts/flame3_manual_smoke_v2/machine_labels/labels/boundary_maps/train/fire/00529.png,acc963a6d3aa4db6f81a1dd4bfd68ffd9c8f5d34d6fc8bf7b25000e1c6778c79
train,fire/00530,Fire,00530,0,machine_partial,diagnostic_only_not_model_input,data/flame3/Fire/RGB/Corrected FOV/00530.JPG,a556c9a29b43cfaa948e91364126b428ce3f8ef3cab5957ca56b3c82a94d2dee,data/flame3/Fire/Thermal/Raw JPG/00530.JPG,acbeb3eb850dee961fa69042724b249de866b9ccf630103f440563220de5bf79,data/flame3/Fire/Thermal/Celsius TIFF/00530.TIFF,893d17fd5ae9099362ee1279e6d89bd8066af10d670d651ad305757c0c6c0448,project_support/artifacts/flame3_manual_smoke_v2/machine_labels/labels/masks/train/fire/00530.png,e15c91e9c2a1de64d24c54edf7c392f77c9a1538ea2ebe1e1ec20bef2c4c9a32,project_support/artifacts/flame3_manual_smoke_v2/machine_labels/labels/boundary_maps/train/fire/00530.png,9113e104a691fea41402f1bab467b9d2ead5f05ae37f799b387f9bd4c50b716c
train,fire/00531,Fire,00531,1,manual_dense,diagnostic_only_not_model_input,data/flame3/Fire/RGB/Corrected FOV/00531.JPG,9d0721e7d93c01fce7c8aeb13015afb9eb2cdd482359be3b089b66f2b3ebae21,data/flame3/Fire/Thermal/Raw JPG/00531.JPG,31268d04bb577bd22e9cce0fe53a34115afbfebc9da0271f05cc883d62982cb0,data/flame3/Fire/Thermal/Celsius TIFF/00531.TIFF,ff6dc4624e62a860fea9d8111815b6af85b836ab1e461d0f2309195f507b0ddf,project_support/data/flame3_manual_smoke_v2_annotation/completed_masks/A049.png,f3e1d61fab3f22e9cc64ad10392224f968fc6c8b21f04a8dcb3bd448cb7cea30,project_support/artifacts/flame3_manual_smoke_v2/machine_labels/labels/boundary_maps/train/fire/00531.png,700dee90ec86a83133bac986fba383112f64d681f68584ef3daf74cc81fcb2d2
train,fire/00532,Fire,00532,0,machine_partial,diagnostic_only_not_model_input,data/flame3/Fire/RGB/Corrected FOV/00532.JPG,22c693f3ae8b6335ba1cdf55b1722e2e477b5f11103fe6409dff9a030a6758e0,data/flame3/Fire/Thermal/Raw JPG/00532.JPG,86b118d48f99807e6d94865a943007fc71948d24836a74cfb67f0de43eb30417,data/flame3/Fire/Thermal/Celsius TIFF/00532.TIFF,95eb38b59562cc853eb27c09404535bb6b34bc0f8cc49a63f6531f392aa03ec6,project_support/artifacts/flame3_manual_smoke_v2/machine_labels/labels/masks/train/fire/00532.png,e3cc45650904dbafd1cc3c431f97ba10762a35a47c346d32aaab2089c2ff9849,project_support/artifacts/flame3_manual_smoke_v2/machine_labels/labels/boundary_maps/train/fire/00532.png,7cf5dd41d9496819eedb6f21d82b6306c6ed511c3286e8ad003b8cded5d9b9b5
train,fire/00534,Fire,00534,0,machine_partial,diagnostic_only_not_model_input,data/flame3/Fire/RGB/Corrected FOV/00534.JPG,302a330a1874d8969d298a9803b06237f1dc2f5d97ebedf31f633ec2862162ad,data/flame3/Fire/Thermal/Raw JPG/00534.JPG,7f7b36fe3e0b73c664e4c8872b9fea6fc0ba56dcb8b05aa80a1a468c90311bde,data/flame3/Fire/Thermal/Celsius TIFF/00534.TIFF,e093f90a9d97039a01c63aded70efc934d5dac17d611e31932e4e3a776523d25,project_support/artifacts/flame3_manual_smoke_v2/machine_labels/labels/masks/train/fire/00534.png,8e0ac2d31fa19edd0aeb8bef36ec1cffbe697875e36fdd8899add5b04c6d3681,project_support/artifacts/flame3_manual_smoke_v2/machine_labels/labels/boundary_maps/train/fire/00534.png,f053927eea386ef1ac50e80bf32615c01d20ecee4be6df6747e093e6f2100648
train,fire/00535,Fire,00535,0,machine_partial,diagnostic_only_not_model_input,data/flame3/Fire/RGB/Corrected FOV/00535.JPG,990d09b9449649d79635ca021a792db7cf3955f3efc1a66ec3145de29a55cb28,data/flame3/Fire/Thermal/Raw JPG/00535.JPG,5247f9b3f3efcfb7de42cd8709d2038c757140ea2d28f2c96cc34557a7076854,data/flame3/Fire/Thermal/Celsius TIFF/00535.TIFF,40748359659005a1972bed3f238e4af21ce426b9c77e03f34ed40e36a3217d85,project_support/artifacts/flame3_manual_smoke_v2/machine_labels/labels/masks/train/fire/00535.png,f8109c7a8e364041018f50aa05eeb7975d34f548e4dc4e746d287dae5488fa90,project_support/artifacts/flame3_manual_smoke_v2/machine_labels/labels/boundary_maps/train/fire/00535.png,9215ae87347cbdebd69751dc057fb7f3c81d579eda9581245fca8c4a2ec75a96
train,fire/00536,Fire,00536,0,machine_partial,diagnostic_only_not_model_input,data/flame3/Fire/RGB/Corrected FOV/00536.JPG,644391c63db73e2bfd8b42254605d2b0ae36a214d0cf2306da3df56693e6591a,data/flame3/Fire/Thermal/Raw JPG/00536.JPG,5c4d9b62ebdb267c0111364e525287741fb7bd5c67204d1066b74ccc87d9a14f,data/flame3/Fire/Thermal/Celsius TIFF/00536.TIFF,2889f75d0a602f21d1764c3837d4f130ddb48779200e7bdec0ced65668f40843,project_support/artifacts/flame3_manual_smoke_v2/machine_labels/labels/masks/train/fire/00536.png,fce57740e3d17bdca6d3a74a66d04f072b0fcafb73d80b8b8b8694651fe12a18,project_support/artifacts/flame3_manual_smoke_v2/machine_labels/labels/boundary_maps/train/fire/00536.png,e72930c43051d051b2ce8d9f5b6a322564b1e2933e0781c2b1cc4d2c7e1e6105
train,fire/00538,Fire,00538,1,manual_dense,diagnostic_only_not_model_input,data/flame3/Fire/RGB/Corrected FOV/00538.JPG,d9c240d4b26cdc5efb1a104537f34b1da7ce3db59dd278ee152636c92c17c77b,data/flame3/Fire/Thermal/Raw JPG/00538.JPG,cf56e442c5d435c4a91b7c009557b88a2d057ffb5c7601d174a7ab71c421aed7,data/flame3/Fire/Thermal/Celsius TIFF/00538.TIFF,ab16290d7f3c6358ad8081cf471be7922dda56817d7caf6e237844533f97928c,project_support/data/flame3_manual_smoke_v2_annotation/completed_masks/A077.png,8bc3033788e4925670746e7b7461b75368c98ee5861328fe9d81e647225f23f6,project_support/artifacts/flame3_manual_smoke_v2/machine_labels/labels/boundary_maps/train/fire/00538.png,cf05a6362a5fe6e8ed135d9d0aa9f237a054a050f68228d2b495fcef9daf2b76
train,fire/00539,Fire,00539,0,machine_partial,diagnostic_only_not_model_input,data/flame3/Fire/RGB/Corrected FOV/00539.JPG,10293ca6d03475120423cc3793da03779676c0c9779636dc104d5b8a1a029777,data/flame3/Fire/Thermal/Raw JPG/00539.JPG,e58045ee0a82fc550ea5c2944d3b3df9d7f2f1677791c464080f0688fd30db25,data/flame3/Fire/Thermal/Celsius TIFF/00539.TIFF,21c6f0fc2d39d930334c6a235da3a8fbddf95a3cf8bf6b12668ae0ec1e428a3d,project_support/artifacts/flame3_manual_smoke_v2/machine_labels/labels/masks/train/fire/00539.png,db87d940ca936a536cdf7ec2ca9f05cdd15b3c39ab7747f45db99643bf30ac6d,project_support/artifacts/flame3_manual_smoke_v2/machine_labels/labels/boundary_maps/train/fire/00539.png,52d409886b234901ba842572d1f1e1714b61d6253c9d1c6b3d4852305a97a5c4
train,fire/00540,Fire,00540,0,machine_partial,diagnostic_only_not_model_input,data/flame3/Fire/RGB/Corrected FOV/00540.JPG,50442b4b6062bc38ff02f034762bad5cf8b7f265b153e4ef42aacaebfc14b82b,data/flame3/Fire/Thermal/Raw JPG/00540.JPG,d5a9e0e436bc20b638ac609dba001136ef5fe24a2aef043ed89c3617cd30ad2f,data/flame3/Fire/Thermal/Celsius TIFF/00540.TIFF,e836c152a33070185d26285a0b06e92b8b69c3fd7f26d72e7f0e8f5725dc3756,project_support/artifacts/flame3_manual_smoke_v2/machine_labels/labels/masks/train/fire/00540.png,5caa11f71692178d284d2dffd47b4ec21c7523a16a6c637ed5517cec876126bb,project_support/artifacts/flame3_manual_smoke_v2/machine_labels/labels/boundary_maps/train/fire/00540.png,4253ce86c503fb32c1fa93425cac080a13e51e2c7f77d255eeff3728b5c234a0
train,fire/00542,Fire,00542,0,machine_partial,diagnostic_only_not_model_input,data/flame3/Fire/RGB/Corrected FOV/00542.JPG,db451d2630a3c9e508538f784f9132e02b61b1d96a8afd8e4dc29e2c98a640d1,data/flame3/Fire/Thermal/Raw JPG/00542.JPG,d974e549809bb85581a2cc27e78853e4dae7639c7928a87948d23b31bac21e5c,data/flame3/Fire/Thermal/Celsius TIFF/00542.TIFF,7c81986167f551218012210f076bb8ab53f68542470179493f3d53d0a59f8fab,project_support/artifacts/flame3_manual_smoke_v2/machine_labels/labels/masks/train/fire/00542.png,4b8fca18314a119aee474987c697d6404effec03b95321704603624a116afe72,project_support/artifacts/flame3_manual_smoke_v2/machine_labels/labels/boundary_maps/train/fire/00542.png,1eea218244a3a791d81d5d1a72cfaf81fc1e578488c2a0ce1b96dfab809158bf
train,fire/00543,Fire,00543,0,machine_partial,diagnostic_only_not_model_input,data/flame3/Fire/RGB/Corrected FOV/00543.JPG,b4c536bf0845a2c0933a74682f18871f778056fef64fa926bdc8e83b79457371,data/flame3/Fire/Thermal/Raw JPG/00543.JPG,c64ebe47326ff20427710d383b02a37d204285b8e24125f8f43a7376649f2268,data/flame3/Fire/Thermal/Celsius TIFF/00543.TIFF,d2007962716bc35d15a13b5ec210432af9ec90457795b9cd0b8b4b3d2d58211e,project_support/artifacts/flame3_manual_smoke_v2/machine_labels/labels/masks/train/fire/00543.png,6afd59724e402f334635a4c273060268a369af3fba6f52bfa4724c94ad90cefb,project_support/artifacts/flame3_manual_smoke_v2/machine_labels/labels/boundary_maps/train/fire/00543.png,874f9981900153513005eae0d9a2ac71b3fda22b71ca3c2b67e5b92e7fef2f1e
train,fire/00544,Fire,00544,1,manual_dense,diagnostic_only_not_model_input,data/flame3/Fire/RGB/Corrected FOV/00544.JPG,dfbc29b92d114defacc8e543fbb8ec3e2fccef2b7c00689fa0cc1dbe5b39234f,data/flame3/Fire/Thermal/Raw JPG/00544.JPG,b979c4026a0ed9e89a7ecaea14034880a17911e818ac99ba8d94f273650c567b,data/flame3/Fire/Thermal/Celsius TIFF/00544.TIFF,aa6a2b89a4ece71ece1d61a251edd5e63e9ca52ff36404098bef07d27321ab38,project_support/data/flame3_manual_smoke_v2_annotation/completed_masks/A070.png,53ee48f2105ee5092a38e1019f424cf82eda193d18f390b652f146b6ac3739cc,project_support/artifacts/flame3_manual_smoke_v2/machine_labels/labels/boundary_maps/train/fire/00544.png,c6753e31bbe0165ce6c4bd0f369990c134662dcdd0af77642d88ed9e789711be
train,fire/00545,Fire,00545,0,machine_partial,diagnostic_only_not_model_input,data/flame3/Fire/RGB/Corrected FOV/00545.JPG,682a061d076b2c1eaedfff2e676ae8e2042db17366c34c72236d6b74a6acac6e,data/flame3/Fire/Thermal/Raw JPG/00545.JPG,ce2b7951e615c6df223c739882aac54208bb09f3d86f36f97ed75bef4dfd8b70,data/flame3/Fire/Thermal/Celsius TIFF/00545.TIFF,d4e62e8757e09bd24d6e2b2140d62379619a06a07be2d5524d17efc84e2e344d,project_support/artifacts/flame3_manual_smoke_v2/machine_labels/labels/masks/train/fire/00545.png,39b1d48de6cc8a6c351d23b681420e4cc355af4f4c056c8fb530ab87380562a1,project_support/artifacts/flame3_manual_smoke_v2/machine_labels/labels/boundary_maps/train/fire/00545.png,0cb41f77a7acee594b5df6d83ddc10abc319be928eb861bd0e0e055af3dd1a4d
train,fire/00546,Fire,00546,0,machine_partial,diagnostic_only_not_model_input,data/flame3/Fire/RGB/Corrected FOV/00546.JPG,1214243ea5392f881c86a6b3168fb1282ac36c4431c5fcf138e82a57168ad5c2,data/flame3/Fire/Thermal/Raw JPG/00546.JPG,35f34ccc82e41ef3f52f314ae85e968030714f5a63c516c7f6ac723644957cdb,data/flame3/Fire/Thermal/Celsius TIFF/00546.TIFF,fdefb4e9b0abdcd33991717587d586429ecb9a9197393a8ea9922e9488dd5438,project_support/artifacts/flame3_manual_smoke_v2/machine_labels/labels/masks/train/fire/00546.png,1d0672626d1d599b49c9973cf7e5f6fcbc3f318e82c5e74e865846d9ff1f9e6d,project_support/artifacts/flame3_manual_smoke_v2/machine_labels/labels/boundary_maps/train/fire/00546.png,fe9c3842a37823b9c0505e41ae58a7999d7b6d66bac68abe0738bafd820118f5
train,fire/00549,Fire,00549,0,machine_partial,diagnostic_only_not_model_input,data/flame3/Fire/RGB/Corrected FOV/00549.JPG,969f9053c47b8c2e75d42a0ad0689fa94a3eabbbce64cc9c4c89e1cecbe4bfbd,data/flame3/Fire/Thermal/Raw JPG/00549.JPG,34532dfdc3d9e412d86a4ca915d0417d47f71c7cc667d305e9662ecf55a6507c,data/flame3/Fire/Thermal/Celsius TIFF/00549.TIFF,709061fe89584ac0bd285d53b849fe701914dc09380259cdd1a89ea13f19d342,project_support/artifacts/flame3_manual_smoke_v2/machine_labels/labels/masks/train/fire/00549.png,9f976c9d6e878afa0cf3c5ae66510eaf3e1fb698a66fb9543c65a3af042ebd49,project_support/artifacts/flame3_manual_smoke_v2/machine_labels/labels/boundary_maps/train/fire/00549.png,26d623676ee6441b55838e91f22fd1360382c219d0af5d12b65f6d02719b81ee
train,fire/00550,Fire,00550,0,machine_partial,diagnostic_only_not_model_input,data/flame3/Fire/RGB/Corrected FOV/00550.JPG,dfccb3991b44a3fa02a90f05b6831898fcb19c4cafabf0537b9ac08ecd6be6e4,data/flame3/Fire/Thermal/Raw JPG/00550.JPG,8c7e8293c1afac4bde5c1837b941451188a918320f0d5d3cdd92c3b38d1876cb,data/flame3/Fire/Thermal/Celsius TIFF/00550.TIFF,0540e557fbe062cb934cbe37e3e9270de5901f46ab59208e504866433b031883,project_support/artifacts/flame3_manual_smoke_v2/machine_labels/labels/masks/train/fire/00550.png,643c80c107325b5fd8181810cb7786af99d90fe3ce831d6014b29723521d9442,project_support/artifacts/flame3_manual_smoke_v2/machine_labels/labels/boundary_maps/train/fire/00550.png,46c25961690448b4a94abcb658692f07e243bae36ef2622b1135112ba9f2ef35
train,fire/00551,Fire,00551,0,machine_partial,diagnostic_only_not_model_input,data/flame3/Fire/RGB/Corrected FOV/00551.JPG,3e79a1d136d33ea444d326bcc8a2aac52e3abc8ba8219a8dfae3142df5bbb5a4,data/flame3/Fire/Thermal/Raw JPG/00551.JPG,042f14c38402b75d000a6460a9fa9fa49ce9f126842ecb2fcc0edfd6bc3de94c,data/flame3/Fire/Thermal/Celsius TIFF/00551.TIFF,e34a08cb279d40f2589301d7f5d628f9a7295dbdb2185800f3d96f512e79e657,project_support/artifacts/flame3_manual_smoke_v2/machine_labels/labels/masks/train/fire/00551.png,b1362099cf60d94829157ea6665c16c60fbe7d843341315ac3d5edd4fd572c1a,project_support/artifacts/flame3_manual_smoke_v2/machine_labels/labels/boundary_maps/train/fire/00551.png,7ebdb2db9c60356be887d6aeda023cbdfc3ecc887947f44736c22bd0af9bc766
train,fire/00552,Fire,00552,0,machine_partial,diagnostic_only_not_model_input,data/flame3/Fire/RGB/Corrected FOV/00552.JPG,ea63f4f705b6144f6de45840b5408e5fcdad18ad0d85bdbb40462f9cf0293e3a,data/flame3/Fire/Thermal/Raw JPG/00552.JPG,43698bad9d7d80bbd67eab46d69250b1b8276da0184370b12d72e6bff3518a52,data/flame3/Fire/Thermal/Celsius TIFF/00552.TIFF,bff042bf7b64c762e4e16da411d290ce6661e6f3a653b520c19cf88e2cf0d13b,project_support/artifacts/flame3_manual_smoke_v2/machine_labels/labels/masks/train/fire/00552.png,3264ed670156a98d5d81f05f8616a1e30f8d4efd29b9ac1cca462aaf046eace8,project_support/artifacts/flame3_manual_smoke_v2/machine_labels/labels/boundary_maps/train/fire/00552.png,b1a7d6b750d4ca074353a93f8a9cc8006b9163ad87bd8b47818e7124548d9745
train,fire/00554,Fire,00554,0,machine_partial,diagnostic_only_not_model_input,data/flame3/Fire/RGB/Corrected FOV/00554.JPG,be139224c4214bdc83c6f315299628a6c5942ae85d7b05d6ff34d3bb9d794bd1,data/flame3/Fire/Thermal/Raw JPG/00554.JPG,2d87c98df562d201367224d74a99164d8f7cb03ad8a77fd2339fb800b364af2b,data/flame3/Fire/Thermal/Celsius TIFF/00554.TIFF,0846b1d6ee06cfee7cd3edafe3f11d711f057b2db10de2cde02235efd2193ad9,project_support/artifacts/flame3_manual_smoke_v2/machine_labels/labels/masks/train/fire/00554.png,9172575be58395cceaf1d0aa51af885faeb0cb4a4950d161a15105909368dc7b,project_support/artifacts/flame3_manual_smoke_v2/machine_labels/labels/boundary_maps/train/fire/00554.png,061dd640595bf073243702d0f63affcf3441f360b23686860e614dda6ad530d4
train,fire/00555,Fire,00555,0,machine_partial,diagnostic_only_not_model_input,data/flame3/Fire/RGB/Corrected FOV/00555.JPG,076f8d5993e9a9c004dcee7905a6916f563fdc3468fa0c55a6646f0f27ecd888,data/flame3/Fire/Thermal/Raw JPG/00555.JPG,ad9d42f5916cafe6a77ee90f0106ec04f9f07c8faf60da39934cd5dc7dfb7fe8,data/flame3/Fire/Thermal/Celsius TIFF/00555.TIFF,87f9bdfa064a1ca80e5eab8ec15b2e1764fdd598b2cc7b498f6fa69935df72cf,project_support/artifacts/flame3_manual_smoke_v2/machine_labels/labels/masks/train/fire/00555.png,70f5ac7ef0f44249c38cd810a5c8f3834a2bfa81edc4073747a6689bb32dc2af,project_support/artifacts/flame3_manual_smoke_v2/machine_labels/labels/boundary_maps/train/fire/00555.png,2aa165d0423f68081caccae735417d56ce38c6643d472c127d8f29953f296d3a
train,fire/00556,Fire,00556,1,manual_dense,diagnostic_only_not_model_input,data/flame3/Fire/RGB/Corrected FOV/00556.JPG,b348eb3c1f3e59e0df2f50d5044dd522c477fdc3d4870db4aad713f2683f6510,data/flame3/Fire/Thermal/Raw JPG/00556.JPG,ef27d3854b32e057647e968d8542d254fee35f8e3ffcc60b2e840a7efcf22253,data/flame3/Fire/Thermal/Celsius TIFF/00556.TIFF,52fc82dc4a650ed8b393a6ead59f974e93f4321293e3cf093423ffa5c35cf25e,project_support/data/flame3_manual_smoke_v2_annotation/completed_masks/A059.png,656bfface9524a6b640464b097d7f80791c196ad5434619c994d4dac75bb4e7c,project_support/artifacts/flame3_manual_smoke_v2/machine_labels/labels/boundary_maps/train/fire/00556.png,44c3d333c2aea0eb74ebcfcd4566e30e44b5173eb2501bdf12945974881b6686
train,fire/00557,Fire,00557,1,manual_dense,diagnostic_only_not_model_input,data/flame3/Fire/RGB/Corrected FOV/00557.JPG,6ed2c05d30bfdef9d34714425d7a70e4dfc4bee50bcdff152e22775670e28eae,data/flame3/Fire/Thermal/Raw JPG/00557.JPG,9746e1354d6432f196bc7c7c50d8d358f1cc8547edbf3a7ffd87566480ac6db9,data/flame3/Fire/Thermal/Celsius TIFF/00557.TIFF,733f6faf5f43d14919be10f14a559d0fa08eb18db8b39cf18fc23d63489627f8,project_support/data/flame3_manual_smoke_v2_annotation/completed_masks/A095.png,791f8827abf7c0a82d6dd14533adbdc4b673838ad97e1a30c096f7190debc97d,project_support/artifacts/flame3_manual_smoke_v2/machine_labels/labels/boundary_maps/train/fire/00557.png,8aee4c96c7319ef29328c9a28423fefb24450a1933aad8d1b1a1420e02d16115
train,fire/00558,Fire,00558,0,machine_partial,diagnostic_only_not_model_input,data/flame3/Fire/RGB/Corrected FOV/00558.JPG,60be28c0dfa5d05a95dc5048ce1fb7a0c16db2292a269ab662b9369f7fbedb39,data/flame3/Fire/Thermal/Raw JPG/00558.JPG,1eaca2bb57443a6de09a39c58b564d046f7fb8512fef04305ef95aea69f8f154,data/flame3/Fire/Thermal/Celsius TIFF/00558.TIFF,9b66f46cf8a8ac5791e18f08459c927ff1e716a29915bb5f0da08453b25c6ac0,project_support/artifacts/flame3_manual_smoke_v2/machine_labels/labels/masks/train/fire/00558.png,fd3bc3899383977755e3e229e61ffba57e448b6854f69dbd1da7abf8fe37a1cc,project_support/artifacts/flame3_manual_smoke_v2/machine_labels/labels/boundary_maps/train/fire/00558.png,deb4fdd0868b993bb049aeb3cf17029f2c0a763a88cf82041765b3cb8b0f635f
train,fire/00559,Fire,00559,0,machine_partial,diagnostic_only_not_model_input,data/flame3/Fire/RGB/Corrected FOV/00559.JPG,f92419fc661b31c716c4d8374e04138ee21595b9d3e261aedbe96e28ca889ef2,data/flame3/Fire/Thermal/Raw JPG/00559.JPG,7839ddded5c2348a4a7db4014617a21e8d0b0e7d4b81a4afe85881c39a078812,data/flame3/Fire/Thermal/Celsius TIFF/00559.TIFF,01244c3bf1c9a61d34377615c2ab45ed3bf44d6de069478de3cd2a9e13736a40,project_support/artifacts/flame3_manual_smoke_v2/machine_labels/labels/masks/train/fire/00559.png,dcc9ee55945851766902c999b7364d2b88a715dcf8ae15d1ca983dade22a1f31,project_support/artifacts/flame3_manual_smoke_v2/machine_labels/labels/boundary_maps/train/fire/00559.png,3a556cd927d5d42f723e24d37dd044f27f8860ea4cd8f6de982999dcd8670fe5
train,fire/00560,Fire,00560,0,machine_partial,diagnostic_only_not_model_input,data/flame3/Fire/RGB/Corrected FOV/00560.JPG,92a3086c2b6a61a0780eebf682b2ac9463dd8fd7b2a301295f0bdc5146d8441c,data/flame3/Fire/Thermal/Raw JPG/00560.JPG,c3ad9b79e4fbb0afd37f75086093beea2a31b5e7dc4a303e95db3fbfc52aceff,data/flame3/Fire/Thermal/Celsius TIFF/00560.TIFF,a8f6a6a03975f9236a029d45cef16c93c4cdf1a7d4101136a206499c2009b97f,project_support/artifacts/flame3_manual_smoke_v2/machine_labels/labels/masks/train/fire/00560.png,f195be73262908f884dc1ac3112de80c3ec81160ecea611bab4aab930a5a2148,project_support/artifacts/flame3_manual_smoke_v2/machine_labels/labels/boundary_maps/train/fire/00560.png,f74ebd8f196bc8c751713584d18a319632cc4643dd9669a8477086cbcea4cda7
train,fire/00561,Fire,00561,0,machine_partial,diagnostic_only_not_model_input,data/flame3/Fire/RGB/Corrected FOV/00561.JPG,10d30953b6a3906ee1326d03f2014a79268225eb85a9c86af5ca3d7a757eef18,data/flame3/Fire/Thermal/Raw JPG/00561.JPG,d0107166d2727cf727a42c50b3efa9643fc5c0b464550ea441cbe91cb94c58cc,data/flame3/Fire/Thermal/Celsius TIFF/00561.TIFF,6bbdf89619deb867773c39c6eef9bf1b65a0739bea7f4b4190ca7c67093415de,project_support/artifacts/flame3_manual_smoke_v2/machine_labels/labels/masks/train/fire/00561.png,d097a02e629eebbd516413adcbf794f2e32e81de7bdd7a13e3b801182c84ae57,project_support/artifacts/flame3_manual_smoke_v2/machine_labels/labels/boundary_maps/train/fire/00561.png,0d250675ac906a6ade54cebfd6c54b464e09a206fffd04c3a99bacd50af1ea33
train,fire/00562,Fire,00562,0,machine_partial,diagnostic_only_not_model_input,data/flame3/Fire/RGB/Corrected FOV/00562.JPG,5453665331f2c77d7e949bdcd35ea66c26d457d5e9ea67c68490357a9f1d2bb9,data/flame3/Fire/Thermal/Raw JPG/00562.JPG,353132f9044dcaf912bdb2046d85478cbdb31ace381bc566081c2634530aa538,data/flame3/Fire/Thermal/Celsius TIFF/00562.TIFF,92eb47ff091ef1aba11aa6a255b15e24a5981e2e3eae84baa0f51b79782cd230,project_support/artifacts/flame3_manual_smoke_v2/machine_labels/labels/masks/train/fire/00562.png,b864c0dbe1e185ace4a8471682af2a53aada882b062cfda74b03b28f82c98e46,project_support/artifacts/flame3_manual_smoke_v2/machine_labels/labels/boundary_maps/train/fire/00562.png,6a11acdc69a856244366ddeab05ddf32ab1685d5c557b132081846f9cc81c025
train,fire/00563,Fire,00563,1,manual_dense,diagnostic_only_not_model_input,data/flame3/Fire/RGB/Corrected FOV/00563.JPG,6910c67e39028bff6ba6a4e0c948ff54fe0bde6b636418b634ea9bbba1593bcc,data/flame3/Fire/Thermal/Raw JPG/00563.JPG,4a5b68255a1d7b059d43cb92c7788876725cabd8a5fc80846b984d481d055c33,data/flame3/Fire/Thermal/Celsius TIFF/00563.TIFF,9075580c19b453797deabdd31e6f0d87cc4d880de10e33d41ecea7b3f170440e,project_support/data/flame3_manual_smoke_v2_annotation/completed_masks/A132.png,c94ed49ac4136d8bafc3c43373717b639be0ab06248fbe9ef3cfe9fa9a740851,project_support/artifacts/flame3_manual_smoke_v2/machine_labels/labels/boundary_maps/train/fire/00563.png,e1858573607a62f85067619c1c3e38087c8e3a89e8c9e5469d71d4d51971ff25
train,fire/00564,Fire,00564,0,machine_partial,diagnostic_only_not_model_input,data/flame3/Fire/RGB/Corrected FOV/00564.JPG,c98ba3d086c687943c20202f90e3a1355a08d30ab0572487655fda6d132baacf,data/flame3/Fire/Thermal/Raw JPG/00564.JPG,4b4141923a61ae512470785a9e6f94fa551c7a0c1f1651aa499ceec9a334242f,data/flame3/Fire/Thermal/Celsius TIFF/00564.TIFF,cc84ae26a98a3d2d29f6e6a3025d468be8cb68ef5c775e1465fb5ca82abad2a1,project_support/artifacts/flame3_manual_smoke_v2/machine_labels/labels/masks/train/fire/00564.png,ce684be6f55ad069de9b7590c9319ac7b6fdfb456a1565f987fd1aa01fe900dd,project_support/artifacts/flame3_manual_smoke_v2/machine_labels/labels/boundary_maps/train/fire/00564.png,716f720e5548aae0cb69cc33d21f36bf7b7fff225d45dc9af392e10a8efc4600
train,fire/00567,Fire,00567,0,machine_partial,diagnostic_only_not_model_input,data/flame3/Fire/RGB/Corrected FOV/00567.JPG,ad22afb30e32fd4127f347a083e586b5f89ebbfc3390ea08bfba6e692040f067,data/flame3/Fire/Thermal/Raw JPG/00567.JPG,a38e0b1adc641e3ea4fc72019c062fb4115933aa407b5845edccbff41a10d9d9,data/flame3/Fire/Thermal/Celsius TIFF/00567.TIFF,653f8c921de035bcad060a40e0cbcf0fe6231c5639b46510d3e16916114c9248,project_support/artifacts/flame3_manual_smoke_v2/machine_labels/labels/masks/train/fire/00567.png,4292d4881c590f41d77dc618fc923a57fbe403f0ab3f79ebf8a7793d6bf9f7dd,project_support/artifacts/flame3_manual_smoke_v2/machine_labels/labels/boundary_maps/train/fire/00567.png,dacf8a138eca74ff4aa13e11fa76198285741a34dbd11eaabcaf76501c8a05e0
train,fire/00569,Fire,00569,1,manual_dense,diagnostic_only_not_model_input,data/flame3/Fire/RGB/Corrected FOV/00569.JPG,2d5370a59fdab551c85868e4260657a610bd52fda2dfa49ab654f237bb115d13,data/flame3/Fire/Thermal/Raw JPG/00569.JPG,b0c02c172126a7f3be18e2b117abb8196c512b71bc91f76d24433ea8da864eb6,data/flame3/Fire/Thermal/Celsius TIFF/00569.TIFF,a1e9cb75554d5775034df889bb411f9bf77a57803d42eb4cb938dd00ab79b4c6,project_support/data/flame3_manual_smoke_v2_annotation/completed_masks/A061.png,8f65b4c40273b4acea3539c62a2a96e3f2fcc4612fa8bc8abcae1ab151c78a58,project_support/artifacts/flame3_manual_smoke_v2/machine_labels/labels/boundary_maps/train/fire/00569.png,bcb7c658376931f6683e6f5c5c54e7e664ca74da4f797acc69e62cfbe1bb761d
train,fire/00570,Fire,00570,0,machine_partial,diagnostic_only_not_model_input,data/flame3/Fire/RGB/Corrected FOV/00570.JPG,4653942367a300f4835f9a626795cb49626947274306a6f8c23cd1ecd632db7f,data/flame3/Fire/Thermal/Raw JPG/00570.JPG,baf9cb2f87ee5617fa945f82d7a268a4caaad51606b9457958c66bbfabb3a24a,data/flame3/Fire/Thermal/Celsius TIFF/00570.TIFF,aadcbe77ccc6baeca7ae6d7425127cf19b17db29980afff71a55b2910299bace,project_support/artifacts/flame3_manual_smoke_v2/machine_labels/labels/masks/train/fire/00570.png,09b834cbf1b7f4b71ddc62693f8b396f08b800a8a699e62ffaef01bcc67fc860,project_support/artifacts/flame3_manual_smoke_v2/machine_labels/labels/boundary_maps/train/fire/00570.png,b14f8b9e9fd40888eb4fb49cd28d7ec5524c7ba2df987f20921e1b22069113eb
train,fire/00571,Fire,00571,1,manual_dense,diagnostic_only_not_model_input,data/flame3/Fire/RGB/Corrected FOV/00571.JPG,4c2a8222289bbcd2864d3060c9f47c978af72330b065e9abad7721f6325e45ab,data/flame3/Fire/Thermal/Raw JPG/00571.JPG,cd54d245941aeec642a196938578223c263f37f1a49ae983a28c3d1733ca5b21,data/flame3/Fire/Thermal/Celsius TIFF/00571.TIFF,583d31905cda948ec4887b0c9cae6bd31a871e4d5e0a550eaa59be26ac14d1ae,project_support/data/flame3_manual_smoke_v2_annotation/completed_masks/A060.png,ccefe04e275459c70b96a89f1b7c5ba990296c84f060752a975d68cefedb4597,project_support/artifacts/flame3_manual_smoke_v2/machine_labels/labels/boundary_maps/train/fire/00571.png,853eecd13c675bd228b750f0b2f1396217fb267f1615d7526044670abd1afda7
train,fire/00574,Fire,00574,1,manual_dense,diagnostic_only_not_model_input,data/flame3/Fire/RGB/Corrected FOV/00574.JPG,acd72e57f36b586181ad53a084c8aa3ea05ee349daa9efd192f742c067fabe0d,data/flame3/Fire/Thermal/Raw JPG/00574.JPG,1d49a3250bcf6846ba98d7b0d8a3414ff42804399c7f7f601f3b2a6faa27ecee,data/flame3/Fire/Thermal/Celsius TIFF/00574.TIFF,b107218f72c299fca74163dd9cbd75bda49585258d6f7ff5b4252100d291ba25,project_support/data/flame3_manual_smoke_v2_annotation/completed_masks/A117.png,07a890b03381ea27882b228ea0509e15a76ac85fbe0491380812eaeca7cd684e,project_support/artifacts/flame3_manual_smoke_v2/machine_labels/labels/boundary_maps/train/fire/00574.png,768215b2cfe7350e714a6f0350f54b00fb0ddd32756a0ef77941140b752671dc
train,fire/00575,Fire,00575,0,machine_partial,diagnostic_only_not_model_input,data/flame3/Fire/RGB/Corrected FOV/00575.JPG,5121b711a01a55048c66ae91e90796ddba177633969582ee7046a4d62f5ae0c8,data/flame3/Fire/Thermal/Raw JPG/00575.JPG,fac63e19d18e21a751bb26191fe37a3efdf06ff8ef5f51054cec7088b13feba7,data/flame3/Fire/Thermal/Celsius TIFF/00575.TIFF,4ffd46e8c719a3eac36cba3b311250fdd01e8ab0485c5aa051d4e64d031f3b7c,project_support/artifacts/flame3_manual_smoke_v2/machine_labels/labels/masks/train/fire/00575.png,39c58842437d9e7fd9452cceb80ed062a1c5fa258e2e802b8593f2ab01435490,project_support/artifacts/flame3_manual_smoke_v2/machine_labels/labels/boundary_maps/train/fire/00575.png,700dee90ec86a83133bac986fba383112f64d681f68584ef3daf74cc81fcb2d2
train,fire/00576,Fire,00576,0,machine_partial,diagnostic_only_not_model_input,data/flame3/Fire/RGB/Corrected FOV/00576.JPG,e0442c496c17cf7c6378946525aac872aa6c46ab9cd800f2355d7c6b81ba43f0,data/flame3/Fire/Thermal/Raw JPG/00576.JPG,419d3244ff6184daf3bf8eb4d584779dd24786128d3954b565eeb331f704e218,data/flame3/Fire/Thermal/Celsius TIFF/00576.TIFF,50dda4f74971706be893087f93ef5fe9ca2bc63c2448fd1370a9b464f7c821bb,project_support/artifacts/flame3_manual_smoke_v2/machine_labels/labels/masks/train/fire/00576.png,5787ad5267a92b2f18d87b527d74ff310dd2c2874a6bce62cba7da11fb416673,project_support/artifacts/flame3_manual_smoke_v2/machine_labels/labels/boundary_maps/train/fire/00576.png,9e080a8760ea843be4a2d96c9812f5a01bdc412d0f209dff3b8f6e1199735d29
train,fire/00577,Fire,00577,1,manual_dense,diagnostic_only_not_model_input,data/flame3/Fire/RGB/Corrected FOV/00577.JPG,26e350c0aa2326075be5b4db0d014c620fafea37abd08539216b6cc64983956b,data/flame3/Fire/Thermal/Raw JPG/00577.JPG,4bb2aec5267805baf411e88d32030ecb109f35cd1a766dd52b0764ad80060c32,data/flame3/Fire/Thermal/Celsius TIFF/00577.TIFF,38c1c0b100628d813b84a1b5043fb8c2433c25c9ea0fcd7cdc7c5e2ced7f3858,project_support/data/flame3_manual_smoke_v2_annotation/completed_masks/A115.png,b3f655acebd0df249b6f803b5ea7b5e34c6c89fd1987d9583fb5da4a633d07d4,project_support/artifacts/flame3_manual_smoke_v2/machine_labels/labels/boundary_maps/train/fire/00577.png,2beaa34384e3decddf9b7c653091a5ae97af4e49ede9e738e0a48f966ac2d2ee
train,fire/00578,Fire,00578,0,machine_partial,diagnostic_only_not_model_input,data/flame3/Fire/RGB/Corrected FOV/00578.JPG,8254e0dabd02e6bfc158ba0c2112c3e0395ddef7572668608702c61f6e61030a,data/flame3/Fire/Thermal/Raw JPG/00578.JPG,f68d2dcb2f8eb34992a582916a388a989b4acda753a1f5b1ac41a71ccf72749b,data/flame3/Fire/Thermal/Celsius TIFF/00578.TIFF,6f1c3403ebfb1bbfaec502b7e6d5292e9e6ef6e2d0847d51173627a5ab06d499,project_support/artifacts/flame3_manual_smoke_v2/machine_labels/labels/masks/train/fire/00578.png,4c238813e9f3663258a649b4e78d1c0948e020a7e78b210c343123d1d998a1a4,project_support/artifacts/flame3_manual_smoke_v2/machine_labels/labels/boundary_maps/train/fire/00578.png,c30b3d5b5503552ba48689d3cd8e784b6895556ee2161daeaa68bb8fab196680
train,fire/00579,Fire,00579,1,manual_dense,diagnostic_only_not_model_input,data/flame3/Fire/RGB/Corrected FOV/00579.JPG,601cbf657a3d45dd3ca870097c4916e8980ad6c0791b66f519e2568098af0fa0,data/flame3/Fire/Thermal/Raw JPG/00579.JPG,84a742c71e9c729e28fda6a8f772965b78d1bf38d6e0e2715c69b828ef9f353d,data/flame3/Fire/Thermal/Celsius TIFF/00579.TIFF,c73ef31f43eed9673edade005dae72a2f920169a809081af33377492209c64a0,project_support/data/flame3_manual_smoke_v2_annotation/completed_masks/A128.png,49c485a416134ca5c2084818d7fc037d0d7765604d0a461e06898801c6494df0,project_support/artifacts/flame3_manual_smoke_v2/machine_labels/labels/boundary_maps/train/fire/00579.png,2912b9d5751277e16e91d480a461ccc6dfaa7b58bdc500b2ed91803fb78e2b24
train,fire/00580,Fire,00580,0,machine_partial,diagnostic_only_not_model_input,data/flame3/Fire/RGB/Corrected FOV/00580.JPG,ecc1177e79da3d264016b346955bfc7b0d7aa403d548f2ea31fa7104a80a4324,data/flame3/Fire/Thermal/Raw JPG/00580.JPG,d20fff088d0f4f7525418c4911d7a9839c7c6fab2fb0e2e98e05ce3b5601a87b,data/flame3/Fire/Thermal/Celsius TIFF/00580.TIFF,baf6f36954f1ba1ab9666d39d2b7704c5fddbf6dc00c294ef590d3bee8a74f0e,project_support/artifacts/flame3_manual_smoke_v2/machine_labels/labels/masks/train/fire/00580.png,7d6de48fa50dda41444fc48b3af338eee88b75dd73969eaf021f9d41cdc635ad,project_support/artifacts/flame3_manual_smoke_v2/machine_labels/labels/boundary_maps/train/fire/00580.png,967af5b934cb6e417334373aa7985fcc86cb0aecb0687c29d97f77ba5819d4ad
train,fire/00581,Fire,00581,0,machine_partial,diagnostic_only_not_model_input,data/flame3/Fire/RGB/Corrected FOV/00581.JPG,85309fc08fc78817575ed61bb698cf7d5a162c692ec061535ec8b1a46b9fda8a,data/flame3/Fire/Thermal/Raw JPG/00581.JPG,54d22966a519c398948e458fd6916bc33fedb1b4229f5914906aa7cac31b3920,data/flame3/Fire/Thermal/Celsius TIFF/00581.TIFF,9d2dcaa6a35beb22b89598bc3bf577153ad5e7767fd51eba198f014644321092,project_support/artifacts/flame3_manual_smoke_v2/machine_labels/labels/masks/train/fire/00581.png,f74fe2eb1c77a97d571db65f05de26b59028320a0d2ae7ffa254eacb8619b9f2,project_support/artifacts/flame3_manual_smoke_v2/machine_labels/labels/boundary_maps/train/fire/00581.png,3b53c88005382d5a4b1548d09e436f676c126945617b837fc369750753d9701a
train,fire/00582,Fire,00582,0,machine_partial,diagnostic_only_not_model_input,data/flame3/Fire/RGB/Corrected FOV/00582.JPG,02dfe5739ac0f49de3a0a659507228713777e908ebee98d3031dcc4e06fa5a73,data/flame3/Fire/Thermal/Raw JPG/00582.JPG,e8d23f5e174bf1fffa57ac9c95cbd9ec55ac1de38951dc523d3f7d9dfbde780f,data/flame3/Fire/Thermal/Celsius TIFF/00582.TIFF,6b108599c9e45fe3c60e0b87d786288f0b725c0613b374daad961e204314d987,project_support/artifacts/flame3_manual_smoke_v2/machine_labels/labels/masks/train/fire/00582.png,2c3e4e50c33df0c56cbf3dcecf72545f0cb2c34c08c9161bee465d351e4d4c16,project_support/artifacts/flame3_manual_smoke_v2/machine_labels/labels/boundary_maps/train/fire/00582.png,4cf8d985e788d92f03232673f3debb3c8471ecee51131de38a5b79280c596599
train,fire/00585,Fire,00585,0,machine_partial,diagnostic_only_not_model_input,data/flame3/Fire/RGB/Corrected FOV/00585.JPG,15d1bedd01638d85486ee425babceebe735fb7f9a6f840757599cbc574a761f2,data/flame3/Fire/Thermal/Raw JPG/00585.JPG,dafe6d2da461c5ff31d61a63079ec35bb0ab538bfbaa5aef2041ade94e35a4fa,data/flame3/Fire/Thermal/Celsius TIFF/00585.TIFF,f2ed26739c280f6a7f938d18022902e69f121ca4635b664c91bf0b1f6441989f,project_support/artifacts/flame3_manual_smoke_v2/machine_labels/labels/masks/train/fire/00585.png,4bc8489fcc95728862c0275bd434697d1cd6688d108bb078ae5340cb4e8b4326,project_support/artifacts/flame3_manual_smoke_v2/machine_labels/labels/boundary_maps/train/fire/00585.png,b72b958cc10ae0d4dcb7c2902a0063924d308734fa9335da63d58467e41913a1
train,fire/00586,Fire,00586,0,machine_partial,diagnostic_only_not_model_input,data/flame3/Fire/RGB/Corrected FOV/00586.JPG,b56194e5b50fe3d81b7a00686333d2a230d9b527d493cae93e1b17da4b735c50,data/flame3/Fire/Thermal/Raw JPG/00586.JPG,16b66f4d523bdf979d1b055e5f822f1d8a7f30eff5eae5f7846bce6c0b89b21f,data/flame3/Fire/Thermal/Celsius TIFF/00586.TIFF,af391e20b00715d476504e31adb791ae0d703883b8bb3cf0e687a3f41a0d01f4,project_support/artifacts/flame3_manual_smoke_v2/machine_labels/labels/masks/train/fire/00586.png,dc0f17bafd4f3188dde42038e412839a20b6180a8e38cb08a259f5ced00d788e,project_support/artifacts/flame3_manual_smoke_v2/machine_labels/labels/boundary_maps/train/fire/00586.png,c5c872083851d33732f1c6e4aa727636b990687db6be98cd6ac64ff146ab82be
train,fire/00587,Fire,00587,0,machine_partial,diagnostic_only_not_model_input,data/flame3/Fire/RGB/Corrected FOV/00587.JPG,0943798d0bd7ca1f0b8b468172400e62e6f8238f0da8fd8de53f22baeb3be27f,data/flame3/Fire/Thermal/Raw JPG/00587.JPG,f47a72af84cf6e8471a0928293c5024db2fa71cbfe72d8e25af72dfc6f3c3f88,data/flame3/Fire/Thermal/Celsius TIFF/00587.TIFF,30c9d8cdec56db5518fdc39ad4dd24fc38e279720924dd4f37fbc8fc2bda5ae4,project_support/artifacts/flame3_manual_smoke_v2/machine_labels/labels/masks/train/fire/00587.png,8155e6eee8dd4e1a269326056bcbc2342e740a5cb2080b64c8bf42de3fcd2db2,project_support/artifacts/flame3_manual_smoke_v2/machine_labels/labels/boundary_maps/train/fire/00587.png,c8e96c0fa4b970918323e9f477f8b8125ed44d484931b42009f8d4d8811616aa
train,fire/00588,Fire,00588,0,machine_partial,diagnostic_only_not_model_input,data/flame3/Fire/RGB/Corrected FOV/00588.JPG,17f42ed5ded0d21ef7ad5bab0017401c550a74cc6efdd8dee4efc50515713a49,data/flame3/Fire/Thermal/Raw JPG/00588.JPG,c8b0b60320a47b48e2bf3addba5f5bd3317a82200d4755fbf29596a5872dd4e6,data/flame3/Fire/Thermal/Celsius TIFF/00588.TIFF,82bc2c066c5e5ee5ab6c0e0c05dc998ea974dff184ab8697faf8e7cee6b1bdd8,project_support/artifacts/flame3_manual_smoke_v2/machine_labels/labels/masks/train/fire/00588.png,baf98841e078f1107113c6d7758e6811a9fc800025c9ba1b05fffb332ff7dcfc,project_support/artifacts/flame3_manual_smoke_v2/machine_labels/labels/boundary_maps/train/fire/00588.png,1eab6f9607544717a3454629cef5d0496baeb1cecc52e9ee93b21d0d060a44a9
train,fire/00589,Fire,00589,0,machine_partial,diagnostic_only_not_model_input,data/flame3/Fire/RGB/Corrected FOV/00589.JPG,1d9f08e4ac9ff11a456689026af7687be33905332073a388c7ee27b35524dd53,data/flame3/Fire/Thermal/Raw JPG/00589.JPG,fcec3979df6a023ca31b3f59678e9c4a41cf9b8604765c6532fa5ece82daeb8b,data/flame3/Fire/Thermal/Celsius TIFF/00589.TIFF,f381020f239a971e2a575c6af912d838cb2e2117a2945ac8a46f0de3672a530a,project_support/artifacts/flame3_manual_smoke_v2/machine_labels/labels/masks/train/fire/00589.png,a22f364d7c76f6b9c448c8c000178922608b25954ab441c227784cd40b56f8c0,project_support/artifacts/flame3_manual_smoke_v2/machine_labels/labels/boundary_maps/train/fire/00589.png,d0c70aaf2180540a4d0efcf81c97450ccb893c0728759a812c056b4096995d16
train,fire/00590,Fire,00590,0,machine_partial,diagnostic_only_not_model_input,data/flame3/Fire/RGB/Corrected FOV/00590.JPG,6e3f673f627f352b9042199030da4f1395be45578be056e1a32e7ed8fd7c0cc5,data/flame3/Fire/Thermal/Raw JPG/00590.JPG,d1eeada74382c4418f6651e503748801ff1a634d3e102427d2d771f306772f9a,data/flame3/Fire/Thermal/Celsius TIFF/00590.TIFF,70f2d564585d506d156d9d55296223384fcfc9312e4d839f4c14ead86a38c932,project_support/artifacts/flame3_manual_smoke_v2/machine_labels/labels/masks/train/fire/00590.png,38ec750ee2718b353ea93560a6f7d10efd7681bc69604e3abfcb8b0da31d1cd1,project_support/artifacts/flame3_manual_smoke_v2/machine_labels/labels/boundary_maps/train/fire/00590.png,2521e7e5a0845d0e777d6c28b05b72d6c2c85490ea95ef9876ca00d05515966b
train,fire/00592,Fire,00592,0,machine_partial,diagnostic_only_not_model_input,data/flame3/Fire/RGB/Corrected FOV/00592.JPG,df53c677defdfdb9f7e31e824ed86a70d567991ccb622ccc320033218681fb26,data/flame3/Fire/Thermal/Raw JPG/00592.JPG,00bf473bd1f7eaf76a31452e043b44f6705d294f364578abdb428edabf70ec8d,data/flame3/Fire/Thermal/Celsius TIFF/00592.TIFF,ee1af7c865363dc70f194736fa86d6b303f8472a838d7706e0fd8597f9138e3b,project_support/artifacts/flame3_manual_smoke_v2/machine_labels/labels/masks/train/fire/00592.png,1026242b8c10cdf32cce717a0d31ebc7478b721ab84e70e78fd8bdfec372b276,project_support/artifacts/flame3_manual_smoke_v2/machine_labels/labels/boundary_maps/train/fire/00592.png,351d5da8df98c59de19cb5ec1f522d4d4c26a680aec122ed6473823e77e83677
train,fire/00593,Fire,00593,0,machine_partial,diagnostic_only_not_model_input,data/flame3/Fire/RGB/Corrected FOV/00593.JPG,a9d331afd9ade1de27fb99cddf86aaadeacfdd9cfa56c36186375516493ed62a,data/flame3/Fire/Thermal/Raw JPG/00593.JPG,ab6e38e35c0fd79843b4801d93609523d25d1d4dd253aa283ec61daeba980802,data/flame3/Fire/Thermal/Celsius TIFF/00593.TIFF,ce6d72d78709e16f7110112af37c1218c2bc946effcf9b6ef28f6edfce7ce424,project_support/artifacts/flame3_manual_smoke_v2/machine_labels/labels/masks/train/fire/00593.png,fea7e990437621b9f8131c9b97e36351f924b7b3b4fba270d87b135223b1464b,project_support/artifacts/flame3_manual_smoke_v2/machine_labels/labels/boundary_maps/train/fire/00593.png,a6f0a880f7f681196856ff7f8949cb66d0e0a5bc6f1b49c31d217c59177a22c1
train,fire/00594,Fire,00594,0,machine_partial,diagnostic_only_not_model_input,data/flame3/Fire/RGB/Corrected FOV/00594.JPG,cabb34955fffdfecd2beaa55c389a1aace8fcbfc21eed07a47fba88500dbb56b,data/flame3/Fire/Thermal/Raw JPG/00594.JPG,b4b5abcfedd730b8b198844f607267430a70c6e9a75d270f6157f543f699f69e,data/flame3/Fire/Thermal/Celsius TIFF/00594.TIFF,d24239259af9a44a6cf485422379a865818dfa11e2c86895ebf074be6515d689,project_support/artifacts/flame3_manual_smoke_v2/machine_labels/labels/masks/train/fire/00594.png,d916849ae7655b624c603f6121bda1e6e85247ee7069894b022e1468a35bd3cb,project_support/artifacts/flame3_manual_smoke_v2/machine_labels/labels/boundary_maps/train/fire/00594.png,488b58bc97581a5c353f9279167ce5b9b296b5d01ad9418d2b925f053c204e53
train,fire/00595,Fire,00595,0,machine_partial,diagnostic_only_not_model_input,data/flame3/Fire/RGB/Corrected FOV/00595.JPG,2f4bafc2b254ebf9b54cc6b03c232805a5d5a1ac35cdec51db4070fcaa475d63,data/flame3/Fire/Thermal/Raw JPG/00595.JPG,1d9d45982d1b424312f6b899b334f07cdd0f3dd0d40366970f2b0be21b249023,data/flame3/Fire/Thermal/Celsius TIFF/00595.TIFF,c11c42241e4c841f0e006cd75a5d5132a72a213c440382a92adea4e79bdd5abb,project_support/artifacts/flame3_manual_smoke_v2/machine_labels/labels/masks/train/fire/00595.png,1d974de7f2639afa541d1706e822e8f9d8e78c0f5e54965791dc0dde6c905ea7,project_support/artifacts/flame3_manual_smoke_v2/machine_labels/labels/boundary_maps/train/fire/00595.png,ec7152d01b64868055d511be51e75059e2f1fbf3ba9c6dc041d0ed99f0b1b2bf
train,fire/00596,Fire,00596,0,machine_partial,diagnostic_only_not_model_input,data/flame3/Fire/RGB/Corrected FOV/00596.JPG,6922b55a521f000059610295fbe3a293ca2a91d86d9ba43a6e8646a932f0785a,data/flame3/Fire/Thermal/Raw JPG/00596.JPG,f41607be75ac5f60f98245f9f0ce95d000c1265a0496722fc29fcd5d7dcf6a37,data/flame3/Fire/Thermal/Celsius TIFF/00596.TIFF,7ce09e79ea295c3b6149f704999e7a1c5f09c992529f889ca6c74b792767f9a5,project_support/artifacts/flame3_manual_smoke_v2/machine_labels/labels/masks/train/fire/00596.png,32673813d1eec500c334204677a893f85614aaf3078ce590c2f7d9463cf505f1,project_support/artifacts/flame3_manual_smoke_v2/machine_labels/labels/boundary_maps/train/fire/00596.png,8b7cccfb96f7f0dba1635f46a23363dc6645a20ffd9c994750825fc53ab4a8a8
train,fire/00597,Fire,00597,0,machine_partial,diagnostic_only_not_model_input,data/flame3/Fire/RGB/Corrected FOV/00597.JPG,7e419b0c55f0d4528633841bde8d078ccad0cdd07400f5e34d238d2d190666b1,data/flame3/Fire/Thermal/Raw JPG/00597.JPG,a6ee5822e72b948191f8b710f4484eaa1c0f51a2b4ad82e4882778d1cfc2f6be,data/flame3/Fire/Thermal/Celsius TIFF/00597.TIFF,706eb47cee85947cda3089bf327dab5fc8ded4a74e53c14f15c861484f8986ce,project_support/artifacts/flame3_manual_smoke_v2/machine_labels/labels/masks/train/fire/00597.png,45e79169a77dbdba65b63b0f85b85a71681313c32b33c60411483ee59b964d25,project_support/artifacts/flame3_manual_smoke_v2/machine_labels/labels/boundary_maps/train/fire/00597.png,1914e4500721f41a2c7956c7b854ee61420b2f64bb81c410dbf7fcaeddef9abb
train,fire/00598,Fire,00598,0,machine_partial,diagnostic_only_not_model_input,data/flame3/Fire/RGB/Corrected FOV/00598.JPG,32fceef7e6e40c4e433096501ca9067296185d8f6ab20a4647f53e952c2d8dee,data/flame3/Fire/Thermal/Raw JPG/00598.JPG,14064d82066d6490d60bc07d407ef5c842ef07ec3aa2591a740efa38620a75a0,data/flame3/Fire/Thermal/Celsius TIFF/00598.TIFF,69c7b1b361e65cc7148a8de7e79b92c7bf889b581edc3b2dfec0a4f206d8e772,project_support/artifacts/flame3_manual_smoke_v2/machine_labels/labels/masks/train/fire/00598.png,ea81e5b6cd58c03624a7fe42f38746771efa52d5727c14b66684b0dc31244754,project_support/artifacts/flame3_manual_smoke_v2/machine_labels/labels/boundary_maps/train/fire/00598.png,1758501a8b07dce0493426c487d5dc52bc69e4ff389455509b92d23fa138bd1f
train,fire/00599,Fire,00599,0,machine_partial,diagnostic_only_not_model_input,data/flame3/Fire/RGB/Corrected FOV/00599.JPG,886bbb15ee4d59840fcd1e7d194fbda335ced737043eef124284ec4629474b1f,data/flame3/Fire/Thermal/Raw JPG/00599.JPG,0d793bcfe1647742e5e621e74065a9df78f73188af948f615241db21608c0cfb,data/flame3/Fire/Thermal/Celsius TIFF/00599.TIFF,4c0280ed97c7cca3f06ea34510704e02fca2edf49df1bac00ab5ff1718ec7576,project_support/artifacts/flame3_manual_smoke_v2/machine_labels/labels/masks/train/fire/00599.png,f3a5beb9a1a83372ff44f9baeefca9738fa726a422b6ef7cd18bf9be6cb38200,project_support/artifacts/flame3_manual_smoke_v2/machine_labels/labels/boundary_maps/train/fire/00599.png,54e9c2d51159b77ac1c4a1a9633052b2d263015675f2ed49c59f9ffdf6df782e
train,fire/00601,Fire,00601,0,machine_partial,diagnostic_only_not_model_input,data/flame3/Fire/RGB/Corrected FOV/00601.JPG,38e28720815ade3cb9dd5fa9fccf7b383a27587eea29e30cde4df8c36f1c4849,data/flame3/Fire/Thermal/Raw JPG/00601.JPG,0b04a146585b73969bd2080fa45b0122d34b7cce985f26a8fd17bfb783ddafef,data/flame3/Fire/Thermal/Celsius TIFF/00601.TIFF,8a7c3fe66a6bb0b6c2cb3384fed7dd2a833125414ea4db8dd640c5c83fcb66aa,project_support/artifacts/flame3_manual_smoke_v2/machine_labels/labels/masks/train/fire/00601.png,5f13035db0f35a88f7bfbcad6d88d11f36bd6f2c74ad6e2680603237987cc349,project_support/artifacts/flame3_manual_smoke_v2/machine_labels/labels/boundary_maps/train/fire/00601.png,c05c08d8694268b609bfd7550e7ca478413674120e02e29c7f49c34bc4a64385
train,fire/00602,Fire,00602,0,machine_partial,diagnostic_only_not_model_input,data/flame3/Fire/RGB/Corrected FOV/00602.JPG,486712c026669b50e37d825d6ff7ef966da07a4b00913a874f97fa572080bf7a,data/flame3/Fire/Thermal/Raw JPG/00602.JPG,6eaecd6ba06672037e324b985a05b9eacfb32148647786aee07160d9195ab1fa,data/flame3/Fire/Thermal/Celsius TIFF/00602.TIFF,f2ec8bcee625911ddbb2c93df8cfbb0d2b520a73c24e4dc8ed229149e4c40832,project_support/artifacts/flame3_manual_smoke_v2/machine_labels/labels/masks/train/fire/00602.png,1ac80b8b65e586e4033c572a84e3df69f4b6ca9b5c30fa50898cbe96cd602683,project_support/artifacts/flame3_manual_smoke_v2/machine_labels/labels/boundary_maps/train/fire/00602.png,19285b1373541c4d398cce30ec8bc19b767b4c1e9e031ecd3ff40e5e9b2f73a2
train,fire/00604,Fire,00604,0,machine_partial,diagnostic_only_not_model_input,data/flame3/Fire/RGB/Corrected FOV/00604.JPG,b28f4466072bf920f1ff4087a47f4ec459ba23b4b5007bf22c83faa96de2bad7,data/flame3/Fire/Thermal/Raw JPG/00604.JPG,48e3bab2c4c9cff30644032c60000806fd9bfa7a17da91a149d8dd3da3744079,data/flame3/Fire/Thermal/Celsius TIFF/00604.TIFF,31baf2abe2dae88576223b23619822db90fe51756f295354bbee2e94703d1aef,project_support/artifacts/flame3_manual_smoke_v2/machine_labels/labels/masks/train/fire/00604.png,6d3ac65cf387255fcd46cfbc91eae09a4af1e5423f5444e54d167df323629e0a,project_support/artifacts/flame3_manual_smoke_v2/machine_labels/labels/boundary_maps/train/fire/00604.png,80735fc3aaead9e7a325948ba78453f6e4b176d9f6c69e698a66f2fa6826475e
train,fire/00609,Fire,00609,0,machine_partial,diagnostic_only_not_model_input,data/flame3/Fire/RGB/Corrected FOV/00609.JPG,c8dcdcf4906276cdf442449b34593f3eb4c6ce783143fdb332afd1c1b2be0998,data/flame3/Fire/Thermal/Raw JPG/00609.JPG,96e787c2b53ac3010b2cff9a9d37643deef3459937f6f4326cea1032e41e2a1d,data/flame3/Fire/Thermal/Celsius TIFF/00609.TIFF,be10a7c17f1b3c9c1abcd9d1c038e581e6c2b54ee79d1ceffccd3334e7198461,project_support/artifacts/flame3_manual_smoke_v2/machine_labels/labels/masks/train/fire/00609.png,e03b6d923757950b5d765e28d0d1b6d72e5b58dd08c3ff012742f41792177a1a,project_support/artifacts/flame3_manual_smoke_v2/machine_labels/labels/boundary_maps/train/fire/00609.png,2c2b716577098ba42cbd360d224df32705b9ebeefe91eaa590a50c93d5bbb636
train,fire/00610,Fire,00610,0,machine_partial,diagnostic_only_not_model_input,data/flame3/Fire/RGB/Corrected FOV/00610.JPG,fd48a3b786870f7d59dd36363eb6baecc39a09c7c79de16c7af32b365ab2ee7c,data/flame3/Fire/Thermal/Raw JPG/00610.JPG,5cbdf59d368e28a6e38d731138ee1d8d55a02515d2aece21602490b16b48f78c,data/flame3/Fire/Thermal/Celsius TIFF/00610.TIFF,db1b5bb21b7cdcfa57f9be803a88a7145146e999b1b3749e4c24a504816505b1,project_support/artifacts/flame3_manual_smoke_v2/machine_labels/labels/masks/train/fire/00610.png,ed22f8f78d9ca6311ee0bde35d5cbc1a353ee79797166ff65bed9851f3bcddbf,project_support/artifacts/flame3_manual_smoke_v2/machine_labels/labels/boundary_maps/train/fire/00610.png,cec8e4f718514579e886dc2a185d47363038311b839107dbc21979dd023daf14
train,fire/00611,Fire,00611,0,machine_partial,diagnostic_only_not_model_input,data/flame3/Fire/RGB/Corrected FOV/00611.JPG,b371d50780825073f61bdb960103b7ba66568d5228be1af47b485b0b57b2995d,data/flame3/Fire/Thermal/Raw JPG/00611.JPG,0bdf19f495c62a6307f33375c53211134912cb9a52a9448b582e2a492771969f,data/flame3/Fire/Thermal/Celsius TIFF/00611.TIFF,ad4ad30bac44d8cd7c2a1758e734b322847f433de4cb46e70e929eb2960884d0,project_support/artifacts/flame3_manual_smoke_v2/machine_labels/labels/masks/train/fire/00611.png,55c358de72111979886fe1561c01bb5940ba3025adb2a25176045893842c1d12,project_support/artifacts/flame3_manual_smoke_v2/machine_labels/labels/boundary_maps/train/fire/00611.png,e076b65ec61bd0301a2e0b49787d844c70dee9ef2f8e3418577d888fbbb4e934
train,fire/00613,Fire,00613,0,machine_partial,diagnostic_only_not_model_input,data/flame3/Fire/RGB/Corrected FOV/00613.JPG,33bc8a30ddd0a5ad4bd5cad945dff39838df0fb6d9854b90006d1659b06f9d53,data/flame3/Fire/Thermal/Raw JPG/00613.JPG,48502a7deef6e1cd4604213e74af4e0ad31790f87f1f01591c3050b6bd077b0a,data/flame3/Fire/Thermal/Celsius TIFF/00613.TIFF,b8954b598c8940810deab7e301e61238f2929b7815533d93892c72eabd13b5bb,project_support/artifacts/flame3_manual_smoke_v2/machine_labels/labels/masks/train/fire/00613.png,ac817a8e9c920fd349d69c5afa215279b0f65875ef61094633a83e0683c61e25,project_support/artifacts/flame3_manual_smoke_v2/machine_labels/labels/boundary_maps/train/fire/00613.png,f558c9d5708a23e008bae22ebca289d97eae58a32e5af9da7dfa51e7ad8e0f48
train,fire/00614,Fire,00614,1,manual_dense,diagnostic_only_not_model_input,data/flame3/Fire/RGB/Corrected FOV/00614.JPG,c7b1a40751f01907fb72b58a9d393280a6ad15b135ef6910aff513bb7e9215b1,data/flame3/Fire/Thermal/Raw JPG/00614.JPG,0fe03696756915910356a0e3d2a3cf8100312967772a21392bf17ca8f9d3ceaa,data/flame3/Fire/Thermal/Celsius TIFF/00614.TIFF,35cb0f525648782f6846974c9b96cc585ebc887546b64cbe117ad22116c6716d,project_support/data/flame3_manual_smoke_v2_annotation/completed_masks/A057.png,a72a5f3d0c6eadeed5b4edeb66245c3ae5c6fb60ce12ad0645187c9e735856e1,project_support/artifacts/flame3_manual_smoke_v2/machine_labels/labels/boundary_maps/train/fire/00614.png,ea1592ffcf54ae4cc1118338280e93bfc83086286abfe3f5e04e8a083fdb0c23
train,fire/00615,Fire,00615,0,machine_partial,diagnostic_only_not_model_input,data/flame3/Fire/RGB/Corrected FOV/00615.JPG,08e2f0b4acf13106533a427571d7ba89dd3126ceee7bf2dfd478d19b3b94cc0f,data/flame3/Fire/Thermal/Raw JPG/00615.JPG,0336dc5576508381506f074f4b894f0483d2bd1fba9f821df18c1ae3ca440822,data/flame3/Fire/Thermal/Celsius TIFF/00615.TIFF,b17bea6c71dfc19b7a464ee39734b122074b47a57eaa6b9bb92e830751ea7d41,project_support/artifacts/flame3_manual_smoke_v2/machine_labels/labels/masks/train/fire/00615.png,f4034e57bfe1915a4f68db1a64d87b7f7c3f81f6c11d1762451a972adc99113e,project_support/artifacts/flame3_manual_smoke_v2/machine_labels/labels/boundary_maps/train/fire/00615.png,46a9ce820ec97097f550028b4b52cd1bb2132a310f1f544ee60234bf31570f7e
train,fire/00616,Fire,00616,0,machine_partial,diagnostic_only_not_model_input,data/flame3/Fire/RGB/Corrected FOV/00616.JPG,51425cc9b5045c6799c3febcbdbc490524c88d729b02736454b9b0c05ce2f9a7,data/flame3/Fire/Thermal/Raw JPG/00616.JPG,a60739716f362f01b4f791f4492e2057d381094f049ae8d959b2b66e4ff0bafa,data/flame3/Fire/Thermal/Celsius TIFF/00616.TIFF,dc00c3b16afa41eefd1d4a7e23c7fc535f151322bcc7ab2965661a0c33f7eace,project_support/artifacts/flame3_manual_smoke_v2/machine_labels/labels/masks/train/fire/00616.png,d3e8cf0e38b22b477bf3164d50deedcfc326bebf63a5c3e76af645c0423f6c65,project_support/artifacts/flame3_manual_smoke_v2/machine_labels/labels/boundary_maps/train/fire/00616.png,dd5b01dfbb10e5c9ab4c4d88693424b70c8bcce62396611098ad369b7c9244fd
train,fire/00618,Fire,00618,1,manual_dense,diagnostic_only_not_model_input,data/flame3/Fire/RGB/Corrected FOV/00618.JPG,a9a33edf1b7e5cef9047a4477294fcabd2141a61e80e4bd433b26bed7054d260,data/flame3/Fire/Thermal/Raw JPG/00618.JPG,e9ce02bfc269be7b882ff0df7d1fec536dca4dbc20d3fc023a1c5ed0014ad263,data/flame3/Fire/Thermal/Celsius TIFF/00618.TIFF,b04d65243617142a40958ba601720661edab6a9e591ddb6623ee6d251741a768,project_support/data/flame3_manual_smoke_v2_annotation/completed_masks/A116.png,cb12887ffafe40958cb4d534757f604622235abc701ad18ed6bb3d663f72948a,project_support/artifacts/flame3_manual_smoke_v2/machine_labels/labels/boundary_maps/train/fire/00618.png,b86e9cca982871b26f2b3ad11310c40cd41a3b6ca85f4b324d7ce88aeab36da7
train,fire/00620,Fire,00620,0,machine_partial,diagnostic_only_not_model_input,data/flame3/Fire/RGB/Corrected FOV/00620.JPG,462836f8a266200aabc07d6c1fdbece311ee025da13af30eef2433fa1068a158,data/flame3/Fire/Thermal/Raw JPG/00620.JPG,bc16a9884643a82f77102ed53b989721befd39e2298910418f984c0337b11289,data/flame3/Fire/Thermal/Celsius TIFF/00620.TIFF,7e0b2ab367f82d9677385e5fc7ee5fd21cc8d305fb88b667c357b7dc95924306,project_support/artifacts/flame3_manual_smoke_v2/machine_labels/labels/masks/train/fire/00620.png,bf59ee732b0b10d6a80c7e39e43e66468030237c7169092b5be01ed1e1b81457,project_support/artifacts/flame3_manual_smoke_v2/machine_labels/labels/boundary_maps/train/fire/00620.png,04d2413fd5037b4e080c9ca8846d38acd2a67477653674655461af25826c3553
train,fire/00622,Fire,00622,0,machine_partial,diagnostic_only_not_model_input,data/flame3/Fire/RGB/Corrected FOV/00622.JPG,03836603d9ec98dce4efb7cf036414d679dc9c43a0c8e31a339f23621c5f9f01,data/flame3/Fire/Thermal/Raw JPG/00622.JPG,3f1a89e00828efab3a118885430e7c46bd57f70ee1c261937911a386abbeb92e,data/flame3/Fire/Thermal/Celsius TIFF/00622.TIFF,f6d19d5aaa8238932c8591d9788f52669f40f3567559cce1a9fc04ad64e7eb7a,project_support/artifacts/flame3_manual_smoke_v2/machine_labels/labels/masks/train/fire/00622.png,e6b96c924f4025aea27d44730c87d5ee5bae7268ddfd5324bd24b14e4407fa71,project_support/artifacts/flame3_manual_smoke_v2/machine_labels/labels/boundary_maps/train/fire/00622.png,e9f068dcbb603dee461e095e6e5c2696c01b304a6dcd687dc04b45c7c1ac1b84
train,no_fire/00001,No Fire,00001,0,machine_partial,diagnostic_only_not_model_input,data/flame3/No Fire/RGB/Corrected FOV/00001.JPG,3bf52fcf7e67673a7b625808f1b74b85d46c3dd4170281dffe872ba189b4b41b,data/flame3/No Fire/Thermal/Raw JPG/00001.JPG,394126d0a858e6f05876ae33020e77d674a09ce47effbf70ce38d671b3f125ac,data/flame3/No Fire/Thermal/Celsius TIFF/00001.TIFF,481fa9701053b793f653e0ca25a36dcffe2729f187866d749de2361f44b60efb,project_support/artifacts/flame3_manual_smoke_v2/machine_labels/labels/masks/train/no_fire/00001.png,700dee90ec86a83133bac986fba383112f64d681f68584ef3daf74cc81fcb2d2,project_support/artifacts/flame3_manual_smoke_v2/machine_labels/labels/boundary_maps/train/no_fire/00001.png,700dee90ec86a83133bac986fba383112f64d681f68584ef3daf74cc81fcb2d2
train,no_fire/00002,No Fire,00002,0,machine_partial,diagnostic_only_not_model_input,data/flame3/No Fire/RGB/Corrected FOV/00002.JPG,9fd5627d1da36271a397a15e18284b6a7b1c545fe995a55ff0c48f52cbce28ec,data/flame3/No Fire/Thermal/Raw JPG/00002.JPG,a15b121f1ba163637f4d8494e56d8d187609ded66be4210a28f3187b9249fedb,data/flame3/No Fire/Thermal/Celsius TIFF/00002.TIFF,3eeccc85b718e4c6c945f103222386337ff8bcf5351f11c126027c769be0902b,project_support/artifacts/flame3_manual_smoke_v2/machine_labels/labels/masks/train/no_fire/00002.png,700dee90ec86a83133bac986fba383112f64d681f68584ef3daf74cc81fcb2d2,project_support/artifacts/flame3_manual_smoke_v2/machine_labels/labels/boundary_maps/train/no_fire/00002.png,700dee90ec86a83133bac986fba383112f64d681f68584ef3daf74cc81fcb2d2
train,no_fire/00003,No Fire,00003,1,manual_dense,diagnostic_only_not_model_input,data/flame3/No Fire/RGB/Corrected FOV/00003.JPG,1deec1f6cf8988c01dc092e7ac48e38368e6a60fd633256f7cad191f63dd56ab,data/flame3/No Fire/Thermal/Raw JPG/00003.JPG,75b09b1c9cffcae39fe2eab41af161f7d1f0d38c67bd69a5e68c72000d91e07c,data/flame3/No Fire/Thermal/Celsius TIFF/00003.TIFF,74c332499e8c92901f8dfdc18374879e000411f6ab76287b8e85b8ae10a3711e,project_support/data/flame3_manual_smoke_v2_annotation/completed_masks/A139.png,700dee90ec86a83133bac986fba383112f64d681f68584ef3daf74cc81fcb2d2,project_support/artifacts/flame3_manual_smoke_v2/machine_labels/labels/boundary_maps/train/no_fire/00003.png,700dee90ec86a83133bac986fba383112f64d681f68584ef3daf74cc81fcb2d2
train,no_fire/00004,No Fire,00004,0,machine_partial,diagnostic_only_not_model_input,data/flame3/No Fire/RGB/Corrected FOV/00004.JPG,5c6298b3674c43090138311f783e4b2df601e9bcc5b8a9e03df2f52a093179af,data/flame3/No Fire/Thermal/Raw JPG/00004.JPG,70d46dbe81862eb44ad206b66865898bbfb3dbf5ce177388422ad1e074c247f6,data/flame3/No Fire/Thermal/Celsius TIFF/00004.TIFF,22ed39b385169d2f70c458d4f1cb4ec2cf6f3e4df2e05bbadcb7ba088e25b91b,project_support/artifacts/flame3_manual_smoke_v2/machine_labels/labels/masks/train/no_fire/00004.png,700dee90ec86a83133bac986fba383112f64d681f68584ef3daf74cc81fcb2d2,project_support/artifacts/flame3_manual_smoke_v2/machine_labels/labels/boundary_maps/train/no_fire/00004.png,700dee90ec86a83133bac986fba383112f64d681f68584ef3daf74cc81fcb2d2
train,no_fire/00006,No Fire,00006,0,machine_partial,diagnostic_only_not_model_input,data/flame3/No Fire/RGB/Corrected FOV/00006.JPG,14c53501e5e635a9342752fcbceb187a83a6af5cc2b09ec2456a294b563975fb,data/flame3/No Fire/Thermal/Raw JPG/00006.JPG,ee8778ce1888526ec3f5c48eaa3ebe13dae3cee29fd4e5889677de368010fda3,data/flame3/No Fire/Thermal/Celsius TIFF/00006.TIFF,4868f67972d87705bbcf93fe5dcf3fc1171500a13e28f504b567c3a90c196c56,project_support/artifacts/flame3_manual_smoke_v2/machine_labels/labels/masks/train/no_fire/00006.png,700dee90ec86a83133bac986fba383112f64d681f68584ef3daf74cc81fcb2d2,project_support/artifacts/flame3_manual_smoke_v2/machine_labels/labels/boundary_maps/train/no_fire/00006.png,700dee90ec86a83133bac986fba383112f64d681f68584ef3daf74cc81fcb2d2
train,no_fire/00007,No Fire,00007,0,machine_partial,diagnostic_only_not_model_input,data/flame3/No Fire/RGB/Corrected FOV/00007.JPG,568043cc18f572a7f4ecb3f5cf254258322a608dafc0d5f2671a2497645d2727,data/flame3/No Fire/Thermal/Raw JPG/00007.JPG,8e570476e8fef64af7d9910c18fe1edf7cf210f79c22e9c1ad964d30dc53b106,data/flame3/No Fire/Thermal/Celsius TIFF/00007.TIFF,89c180014bf048f5631e6f6dcf3959fd64493c7465eaec36a69d51f3a24bcc1f,project_support/artifacts/flame3_manual_smoke_v2/machine_labels/labels/masks/train/no_fire/00007.png,700dee90ec86a83133bac986fba383112f64d681f68584ef3daf74cc81fcb2d2,project_support/artifacts/flame3_manual_smoke_v2/machine_labels/labels/boundary_maps/train/no_fire/00007.png,700dee90ec86a83133bac986fba383112f64d681f68584ef3daf74cc81fcb2d2
train,no_fire/00009,No Fire,00009,0,machine_partial,diagnostic_only_not_model_input,data/flame3/No Fire/RGB/Corrected FOV/00009.JPG,ce3952db1c3aca7086dcf795140aad2e90afa209f808ab2a0d964934834f98ed,data/flame3/No Fire/Thermal/Raw JPG/00009.JPG,3ce1cabdc18e8e7c3aed46a5aa98226dc87c0ce4ed5f42874bd800ec4506e806,data/flame3/No Fire/Thermal/Celsius TIFF/00009.TIFF,c408e8da7198568ab5de6dfbcd67dd24eeacdbc97638ea9534bf4354e3013445,project_support/artifacts/flame3_manual_smoke_v2/machine_labels/labels/masks/train/no_fire/00009.png,700dee90ec86a83133bac986fba383112f64d681f68584ef3daf74cc81fcb2d2,project_support/artifacts/flame3_manual_smoke_v2/machine_labels/labels/boundary_maps/train/no_fire/00009.png,700dee90ec86a83133bac986fba383112f64d681f68584ef3daf74cc81fcb2d2
train,no_fire/00010,No Fire,00010,0,machine_partial,diagnostic_only_not_model_input,data/flame3/No Fire/RGB/Corrected FOV/00010.JPG,5e0eb63063a2104f8cf5b92d642ac914e853e43cd22583d7b9f23466736a6d21,data/flame3/No Fire/Thermal/Raw JPG/00010.JPG,6929e9de9bb9675bc8a916e6322a153a8921f435f23216809e75916ceeea5d69,data/flame3/No Fire/Thermal/Celsius TIFF/00010.TIFF,4141ae3152e8b5159e4225fb93310a82a370c679cca931957e016f7cc7f0f92a,project_support/artifacts/flame3_manual_smoke_v2/machine_labels/labels/masks/train/no_fire/00010.png,700dee90ec86a83133bac986fba383112f64d681f68584ef3daf74cc81fcb2d2,project_support/artifacts/flame3_manual_smoke_v2/machine_labels/labels/boundary_maps/train/no_fire/00010.png,700dee90ec86a83133bac986fba383112f64d681f68584ef3daf74cc81fcb2d2
train,no_fire/00011,No Fire,00011,1,manual_dense,diagnostic_only_not_model_input,data/flame3/No Fire/RGB/Corrected FOV/00011.JPG,78132261dc06750162a87e94730f14355d554c0226b8e4f873cff17c39c5aa54,data/flame3/No Fire/Thermal/Raw JPG/00011.JPG,463daa50cfe8b32e77ed5801c0c25bd24b09b53051710502eaebbeccaf2fbce4,data/flame3/No Fire/Thermal/Celsius TIFF/00011.TIFF,931b89a7b066d5bb40283eddd3dfff3b19c2325a9c0812968b15e25b143fc5d3,project_support/data/flame3_manual_smoke_v2_annotation/completed_masks/A142.png,700dee90ec86a83133bac986fba383112f64d681f68584ef3daf74cc81fcb2d2,project_support/artifacts/flame3_manual_smoke_v2/machine_labels/labels/boundary_maps/train/no_fire/00011.png,700dee90ec86a83133bac986fba383112f64d681f68584ef3daf74cc81fcb2d2
train,no_fire/00013,No Fire,00013,0,machine_partial,diagnostic_only_not_model_input,data/flame3/No Fire/RGB/Corrected FOV/00013.JPG,0d7d64451c8fd8cb5a37fa5433a45f7426d1e4f2197d9d191dc5c92df2fdea68,data/flame3/No Fire/Thermal/Raw JPG/00013.JPG,d6138f64023e79cc9a8ed0dadb7500861a65a75a8e8d827e456e0fa3b2d522e2,data/flame3/No Fire/Thermal/Celsius TIFF/00013.TIFF,2cb14b63541d90cf0ff4ca1c9d3df48d3b258e0885641207bd9bac0d9ebeed0c,project_support/artifacts/flame3_manual_smoke_v2/machine_labels/labels/masks/train/no_fire/00013.png,700dee90ec86a83133bac986fba383112f64d681f68584ef3daf74cc81fcb2d2,project_support/artifacts/flame3_manual_smoke_v2/machine_labels/labels/boundary_maps/train/no_fire/00013.png,700dee90ec86a83133bac986fba383112f64d681f68584ef3daf74cc81fcb2d2
train,no_fire/00016,No Fire,00016,0,machine_partial,diagnostic_only_not_model_input,data/flame3/No Fire/RGB/Corrected FOV/00016.JPG,1db96051cb3670727c70e1ad80a0558234ba4332c17436aea735e2da1afd9021,data/flame3/No Fire/Thermal/Raw JPG/00016.JPG,90ac716ba16c830b88d37ba6e362c5ae4d213792da0c6945379232d0dedf9e1b,data/flame3/No Fire/Thermal/Celsius TIFF/00016.TIFF,af2cf1fdf915b848335d73349a03433f26a9c36b4f50f92bfda19bf7a1344a9b,project_support/artifacts/flame3_manual_smoke_v2/machine_labels/labels/masks/train/no_fire/00016.png,700dee90ec86a83133bac986fba383112f64d681f68584ef3daf74cc81fcb2d2,project_support/artifacts/flame3_manual_smoke_v2/machine_labels/labels/boundary_maps/train/no_fire/00016.png,700dee90ec86a83133bac986fba383112f64d681f68584ef3daf74cc81fcb2d2
train,no_fire/00018,No Fire,00018,0,machine_partial,diagnostic_only_not_model_input,data/flame3/No Fire/RGB/Corrected FOV/00018.JPG,2ecdbb31f54caef5f3bb93eabbbf71dd8d94bcd53a218e3ea42c832991b03e84,data/flame3/No Fire/Thermal/Raw JPG/00018.JPG,3ad5aeb46c58daede32b211979fc69d707d202cde59876474495688eda7d79d2,data/flame3/No Fire/Thermal/Celsius TIFF/00018.TIFF,073cafe033f29ac1bf89943257e08b6b3e3829d8188cefc325666fb332d6bd33,project_support/artifacts/flame3_manual_smoke_v2/machine_labels/labels/masks/train/no_fire/00018.png,700dee90ec86a83133bac986fba383112f64d681f68584ef3daf74cc81fcb2d2,project_support/artifacts/flame3_manual_smoke_v2/machine_labels/labels/boundary_maps/train/no_fire/00018.png,700dee90ec86a83133bac986fba383112f64d681f68584ef3daf74cc81fcb2d2
train,no_fire/00019,No Fire,00019,1,manual_dense,diagnostic_only_not_model_input,data/flame3/No Fire/RGB/Corrected FOV/00019.JPG,cb076afa2430f3ad13034761c250c99baf0e49946433d7c3d6bd61c09a7e05a9,data/flame3/No Fire/Thermal/Raw JPG/00019.JPG,5776dd75ffe2ddd03c22f7780be7def0803f08998bcb638201b8d67474dfa667,data/flame3/No Fire/Thermal/Celsius TIFF/00019.TIFF,c56605dd09daa33cceebb6d83bbd32b60093b88b8c0323248a49a3541fe41013,project_support/data/flame3_manual_smoke_v2_annotation/completed_masks/A146.png,700dee90ec86a83133bac986fba383112f64d681f68584ef3daf74cc81fcb2d2,project_support/artifacts/flame3_manual_smoke_v2/machine_labels/labels/boundary_maps/train/no_fire/00019.png,700dee90ec86a83133bac986fba383112f64d681f68584ef3daf74cc81fcb2d2
train,no_fire/00021,No Fire,00021,0,machine_partial,diagnostic_only_not_model_input,data/flame3/No Fire/RGB/Corrected FOV/00021.JPG,ec3bcd287102f81124a3996f2d90a73891e865a56e8548f3ed2b7ace9d3b5ea8,data/flame3/No Fire/Thermal/Raw JPG/00021.JPG,2a1e620eb65fa285b1a9dfdb20e1f4b7d24ab99471f4dc2bc75ca676609c568e,data/flame3/No Fire/Thermal/Celsius TIFF/00021.TIFF,dddf62f16be15e8b04579bbb4fc26346a55949bf14c075078b281c1ba612a391,project_support/artifacts/flame3_manual_smoke_v2/machine_labels/labels/masks/train/no_fire/00021.png,700dee90ec86a83133bac986fba383112f64d681f68584ef3daf74cc81fcb2d2,project_support/artifacts/flame3_manual_smoke_v2/machine_labels/labels/boundary_maps/train/no_fire/00021.png,700dee90ec86a83133bac986fba383112f64d681f68584ef3daf74cc81fcb2d2
train,no_fire/00023,No Fire,00023,1,manual_dense,diagnostic_only_not_model_input,data/flame3/No Fire/RGB/Corrected FOV/00023.JPG,14be8ae8cef40a53e1fed98480be3206c7c7057c07ae16830d53b940240da133,data/flame3/No Fire/Thermal/Raw JPG/00023.JPG,d14aa1e012afac6806502c76ca94edf0e4da890211347f8a280ac4a29e0feef6,data/flame3/No Fire/Thermal/Celsius TIFF/00023.TIFF,fa85e681495e259aac9bbb8a0cd89920114a146b8a043bb82b53f3642587a2e1,project_support/data/flame3_manual_smoke_v2_annotation/completed_masks/A147.png,700dee90ec86a83133bac986fba383112f64d681f68584ef3daf74cc81fcb2d2,project_support/artifacts/flame3_manual_smoke_v2/machine_labels/labels/boundary_maps/train/no_fire/00023.png,700dee90ec86a83133bac986fba383112f64d681f68584ef3daf74cc81fcb2d2
train,no_fire/00025,No Fire,00025,0,machine_partial,diagnostic_only_not_model_input,data/flame3/No Fire/RGB/Corrected FOV/00025.JPG,05d1e1365740be36978adc9cf6cb5e9af04cf5c676bede498978e33f43c67f62,data/flame3/No Fire/Thermal/Raw JPG/00025.JPG,2b16a127dcd5cb8898eb59105bdcf36bdf55013e7ce40ab6fc77b6daec147343,data/flame3/No Fire/Thermal/Celsius TIFF/00025.TIFF,b4211ed0395e2a81c35de11f96276fe6022b3f1cf4fecca3a39bafed1f589004,project_support/artifacts/flame3_manual_smoke_v2/machine_labels/labels/masks/train/no_fire/00025.png,700dee90ec86a83133bac986fba383112f64d681f68584ef3daf74cc81fcb2d2,project_support/artifacts/flame3_manual_smoke_v2/machine_labels/labels/boundary_maps/train/no_fire/00025.png,700dee90ec86a83133bac986fba383112f64d681f68584ef3daf74cc81fcb2d2
train,no_fire/00029,No Fire,00029,1,manual_dense,diagnostic_only_not_model_input,data/flame3/No Fire/RGB/Corrected FOV/00029.JPG,d9ff914d634cf904a6659e39d484d77b0992f70106f0bbed6c6f506a05f8c9b0,data/flame3/No Fire/Thermal/Raw JPG/00029.JPG,5e7bbc9143268788dc232ed83912f06b3e7274c854c378f0d0bfbd3984cbcea3,data/flame3/No Fire/Thermal/Celsius TIFF/00029.TIFF,9d1d0a4f1c3667ee2606c0df4874592ca26bda498e17522f0055a12d9f12cf6e,project_support/data/flame3_manual_smoke_v2_annotation/completed_masks/A148.png,700dee90ec86a83133bac986fba383112f64d681f68584ef3daf74cc81fcb2d2,project_support/artifacts/flame3_manual_smoke_v2/machine_labels/labels/boundary_maps/train/no_fire/00029.png,700dee90ec86a83133bac986fba383112f64d681f68584ef3daf74cc81fcb2d2
train,no_fire/00031,No Fire,00031,0,machine_partial,diagnostic_only_not_model_input,data/flame3/No Fire/RGB/Corrected FOV/00031.JPG,500d2ab73645d74ff99c9f4217ec102ef1563fd3f0e04b969562e5355d4af85c,data/flame3/No Fire/Thermal/Raw JPG/00031.JPG,43205d5d2a514422ee6a297972aab75c5220453bfb62613a77789c0cca0a1b63,data/flame3/No Fire/Thermal/Celsius TIFF/00031.TIFF,5ceb7569419d2fcd2780cb6a32d7be99946f8e122914e136118f656a9ce699d0,project_support/artifacts/flame3_manual_smoke_v2/machine_labels/labels/masks/train/no_fire/00031.png,700dee90ec86a83133bac986fba383112f64d681f68584ef3daf74cc81fcb2d2,project_support/artifacts/flame3_manual_smoke_v2/machine_labels/labels/boundary_maps/train/no_fire/00031.png,700dee90ec86a83133bac986fba383112f64d681f68584ef3daf74cc81fcb2d2
train,no_fire/00033,No Fire,00033,1,manual_dense,diagnostic_only_not_model_input,data/flame3/No Fire/RGB/Corrected FOV/00033.JPG,b9841bb7fdabde558419be512b85fd0365ce3c0af90d2d26887335eefc74e2bc,data/flame3/No Fire/Thermal/Raw JPG/00033.JPG,2f245cad52a3257501b2730d09056c3247fb11c9d4920187fc8d3dde2cdddafc,data/flame3/No Fire/Thermal/Celsius TIFF/00033.TIFF,c8b0f22ed64eff9e57386f979b91a1785739b935df136f1259e3d0b61537dd18,project_support/data/flame3_manual_smoke_v2_annotation/completed_masks/A150.png,700dee90ec86a83133bac986fba383112f64d681f68584ef3daf74cc81fcb2d2,project_support/artifacts/flame3_manual_smoke_v2/machine_labels/labels/boundary_maps/train/no_fire/00033.png,700dee90ec86a83133bac986fba383112f64d681f68584ef3daf74cc81fcb2d2
train,no_fire/00035,No Fire,00035,0,machine_partial,diagnostic_only_not_model_input,data/flame3/No Fire/RGB/Corrected FOV/00035.JPG,64173301a230708600edf7fa84e769f2252ecbb4feb4eb50f12000112f72f54d,data/flame3/No Fire/Thermal/Raw JPG/00035.JPG,223c124b5b484a1331cee661e32f9749b09042e4f0a9c6726372e814ddc484e9,data/flame3/No Fire/Thermal/Celsius TIFF/00035.TIFF,543c86a2eb55739ba436496424c669554c79b072aa5eba422f20f88cf2d91fa1,project_support/artifacts/flame3_manual_smoke_v2/machine_labels/labels/masks/train/no_fire/00035.png,700dee90ec86a83133bac986fba383112f64d681f68584ef3daf74cc81fcb2d2,project_support/artifacts/flame3_manual_smoke_v2/machine_labels/labels/boundary_maps/train/no_fire/00035.png,700dee90ec86a83133bac986fba383112f64d681f68584ef3daf74cc81fcb2d2
train,no_fire/00037,No Fire,00037,0,machine_partial,diagnostic_only_not_model_input,data/flame3/No Fire/RGB/Corrected FOV/00037.JPG,591949613d21e69da6cc775f5a6a4c69138996d703cf3ddebe78a819b1b4168f,data/flame3/No Fire/Thermal/Raw JPG/00037.JPG,85ea63c655637945f61d0dbb09f060313aebcf35256a20b9d00ecb3ae6551c82,data/flame3/No Fire/Thermal/Celsius TIFF/00037.TIFF,13007cfb96add11c04edbb1542292157de04631079ee452bbada62c24d9e0802,project_support/artifacts/flame3_manual_smoke_v2/machine_labels/labels/masks/train/no_fire/00037.png,700dee90ec86a83133bac986fba383112f64d681f68584ef3daf74cc81fcb2d2,project_support/artifacts/flame3_manual_smoke_v2/machine_labels/labels/boundary_maps/train/no_fire/00037.png,700dee90ec86a83133bac986fba383112f64d681f68584ef3daf74cc81fcb2d2
train,no_fire/00038,No Fire,00038,0,machine_partial,diagnostic_only_not_model_input,data/flame3/No Fire/RGB/Corrected FOV/00038.JPG,5145c2f9bed7a35732a80f2398592d2a37f0c8c3b32980cc5b9bcd105eb2cdd8,data/flame3/No Fire/Thermal/Raw JPG/00038.JPG,b0b9fc0b702f1f87b5aa87b1deb248087833699acb961f1861411bceff5e78c6,data/flame3/No Fire/Thermal/Celsius TIFF/00038.TIFF,dde7534c9e223955111f9ad02fc26057a6eaa9c7700d0534ee1ec8c9a6aebfa7,project_support/artifacts/flame3_manual_smoke_v2/machine_labels/labels/masks/train/no_fire/00038.png,700dee90ec86a83133bac986fba383112f64d681f68584ef3daf74cc81fcb2d2,project_support/artifacts/flame3_manual_smoke_v2/machine_labels/labels/boundary_maps/train/no_fire/00038.png,700dee90ec86a83133bac986fba383112f64d681f68584ef3daf74cc81fcb2d2
train,no_fire/00039,No Fire,00039,0,machine_partial,diagnostic_only_not_model_input,data/flame3/No Fire/RGB/Corrected FOV/00039.JPG,b4824afdcdfdef2bae7fda50d86921c5319dd52ec35fbb70be672b5dbbaa7c8a,data/flame3/No Fire/Thermal/Raw JPG/00039.JPG,a2498b3191ae19f3c37bacbf415653ae6f80d3891daa59360954bc5637deb50c,data/flame3/No Fire/Thermal/Celsius TIFF/00039.TIFF,1d8c6169ad96c33ee9693f9fb99465a5452c6699b3384314614292a5c528811b,project_support/artifacts/flame3_manual_smoke_v2/machine_labels/labels/masks/train/no_fire/00039.png,700dee90ec86a83133bac986fba383112f64d681f68584ef3daf74cc81fcb2d2,project_support/artifacts/flame3_manual_smoke_v2/machine_labels/labels/boundary_maps/train/no_fire/00039.png,700dee90ec86a83133bac986fba383112f64d681f68584ef3daf74cc81fcb2d2
train,no_fire/00044,No Fire,00044,0,machine_partial,diagnostic_only_not_model_input,data/flame3/No Fire/RGB/Corrected FOV/00044.JPG,c044d327312e163a0bf9976c035e29c3741bb1cb3327403dfe0e9103d5ed63df,data/flame3/No Fire/Thermal/Raw JPG/00044.JPG,22729f3ae6d9388caf9d71137fe6e5940f8500cde8eae6b44a0f19ea899e117a,data/flame3/No Fire/Thermal/Celsius TIFF/00044.TIFF,a2567fc9674b745b6de10ae05647dce371f5dd38e48899eabc57fd739ba8a7e1,project_support/artifacts/flame3_manual_smoke_v2/machine_labels/labels/masks/train/no_fire/00044.png,700dee90ec86a83133bac986fba383112f64d681f68584ef3daf74cc81fcb2d2,project_support/artifacts/flame3_manual_smoke_v2/machine_labels/labels/boundary_maps/train/no_fire/00044.png,700dee90ec86a83133bac986fba383112f64d681f68584ef3daf74cc81fcb2d2
train,no_fire/00047,No Fire,00047,0,machine_partial,diagnostic_only_not_model_input,data/flame3/No Fire/RGB/Corrected FOV/00047.JPG,6fad3f38529a99e1ac29954a554af8b9ccc00aedb7ee3ba6eabbe6b0b3242212,data/flame3/No Fire/Thermal/Raw JPG/00047.JPG,d73c8c34400f517a3586702cae118c64f5076ef7d63c3772ebfd33168a01a3e7,data/flame3/No Fire/Thermal/Celsius TIFF/00047.TIFF,150b0a40d39122c6807317b0a0867ec3a8f12e79d81789be4ffc1ea6f90c7851,project_support/artifacts/flame3_manual_smoke_v2/machine_labels/labels/masks/train/no_fire/00047.png,700dee90ec86a83133bac986fba383112f64d681f68584ef3daf74cc81fcb2d2,project_support/artifacts/flame3_manual_smoke_v2/machine_labels/labels/boundary_maps/train/no_fire/00047.png,700dee90ec86a83133bac986fba383112f64d681f68584ef3daf74cc81fcb2d2
train,no_fire/00051,No Fire,00051,0,machine_partial,diagnostic_only_not_model_input,data/flame3/No Fire/RGB/Corrected FOV/00051.JPG,aae8876c342d9ea2ffeae74b83fc920455040044cc5df67d4a91393393c63850,data/flame3/No Fire/Thermal/Raw JPG/00051.JPG,8da24b1a4cdb322be434dfb413436d5eec35c3c60998b89936da456f56562672,data/flame3/No Fire/Thermal/Celsius TIFF/00051.TIFF,f0c6b95a145777f97c1e21fdd09c880821302f0843adb6358b0eb40bdb496cd1,project_support/artifacts/flame3_manual_smoke_v2/machine_labels/labels/masks/train/no_fire/00051.png,700dee90ec86a83133bac986fba383112f64d681f68584ef3daf74cc81fcb2d2,project_support/artifacts/flame3_manual_smoke_v2/machine_labels/labels/boundary_maps/train/no_fire/00051.png,700dee90ec86a83133bac986fba383112f64d681f68584ef3daf74cc81fcb2d2
train,no_fire/00052,No Fire,00052,0,machine_partial,diagnostic_only_not_model_input,data/flame3/No Fire/RGB/Corrected FOV/00052.JPG,864bd3343bb46e6fb0e4dce94bdaad017da5d8fcf4ac543c626e1f67c2e5b2de,data/flame3/No Fire/Thermal/Raw JPG/00052.JPG,3a2214f912e5b213cd4b925a37e25fcbe3239dda53eddf51b8f6e18bd8483726,data/flame3/No Fire/Thermal/Celsius TIFF/00052.TIFF,baa39f13456beae315a3ae11fc68a9b27edea46bd16925f9e3fe5ae6e0e2efd7,project_support/artifacts/flame3_manual_smoke_v2/machine_labels/labels/masks/train/no_fire/00052.png,700dee90ec86a83133bac986fba383112f64d681f68584ef3daf74cc81fcb2d2,project_support/artifacts/flame3_manual_smoke_v2/machine_labels/labels/boundary_maps/train/no_fire/00052.png,700dee90ec86a83133bac986fba383112f64d681f68584ef3daf74cc81fcb2d2
train,no_fire/00054,No Fire,00054,0,machine_partial,diagnostic_only_not_model_input,data/flame3/No Fire/RGB/Corrected FOV/00054.JPG,1b215b92925efbceb344e15b9bbf1b6024eb0b4097ffbdb0b02230bc69855c80,data/flame3/No Fire/Thermal/Raw JPG/00054.JPG,f522d9213bc225a01cac40099b16ceb10fc5397d7cf0648da766b1bb75732f9c,data/flame3/No Fire/Thermal/Celsius TIFF/00054.TIFF,487bc65f3ae303b0329fe525494cbd62ef448fc4d6693d42b532d9bfd2bab257,project_support/artifacts/flame3_manual_smoke_v2/machine_labels/labels/masks/train/no_fire/00054.png,700dee90ec86a83133bac986fba383112f64d681f68584ef3daf74cc81fcb2d2,project_support/artifacts/flame3_manual_smoke_v2/machine_labels/labels/boundary_maps/train/no_fire/00054.png,700dee90ec86a83133bac986fba383112f64d681f68584ef3daf74cc81fcb2d2
train,no_fire/00055,No Fire,00055,0,machine_partial,diagnostic_only_not_model_input,data/flame3/No Fire/RGB/Corrected FOV/00055.JPG,3ad1d2446bc7c1676f84292538b98bf2c30f8c0b319f45532a7249cb4abeeac2,data/flame3/No Fire/Thermal/Raw JPG/00055.JPG,7032f97484faafa4d10ec76edc7aa88cc4cb34d069d4e95246190eea042f8ba9,data/flame3/No Fire/Thermal/Celsius TIFF/00055.TIFF,c0dfd97b58bdeb08df13f9f7f558c155511841cccf426eaa55d542fd5dd7c090,project_support/artifacts/flame3_manual_smoke_v2/machine_labels/labels/masks/train/no_fire/00055.png,700dee90ec86a83133bac986fba383112f64d681f68584ef3daf74cc81fcb2d2,project_support/artifacts/flame3_manual_smoke_v2/machine_labels/labels/boundary_maps/train/no_fire/00055.png,700dee90ec86a83133bac986fba383112f64d681f68584ef3daf74cc81fcb2d2
train,no_fire/00056,No Fire,00056,1,manual_dense,diagnostic_only_not_model_input,data/flame3/No Fire/RGB/Corrected FOV/00056.JPG,053399a83f2218b1144021717f606b196a2c607c8b94d9c19a9146c6d9e00a52,data/flame3/No Fire/Thermal/Raw JPG/00056.JPG,abd36300428179c9be467ebc4f899dc733afce9da20dc89b831ab83f48e02d4d,data/flame3/No Fire/Thermal/Celsius TIFF/00056.TIFF,2ee6a501928c4b308afb4241bb06fe13808a70f022213e085237b609415bf810,project_support/data/flame3_manual_smoke_v2_annotation/completed_masks/A149.png,700dee90ec86a83133bac986fba383112f64d681f68584ef3daf74cc81fcb2d2,project_support/artifacts/flame3_manual_smoke_v2/machine_labels/labels/boundary_maps/train/no_fire/00056.png,700dee90ec86a83133bac986fba383112f64d681f68584ef3daf74cc81fcb2d2
train,no_fire/00058,No Fire,00058,1,manual_dense,diagnostic_only_not_model_input,data/flame3/No Fire/RGB/Corrected FOV/00058.JPG,0ae08357ffe165a986e6f844eff2cb2ed52412c4122e93758b5d26a87211040f,data/flame3/No Fire/Thermal/Raw JPG/00058.JPG,d39e68c142823372320dc46e4aa7dba50bce78b489783a0ba8f70fa635642b9f,data/flame3/No Fire/Thermal/Celsius TIFF/00058.TIFF,b9725f33e268581fe400339c3cb076ef390dbc77733722f520188de7a4aa8bb7,project_support/data/flame3_manual_smoke_v2_annotation/completed_masks/A144.png,700dee90ec86a83133bac986fba383112f64d681f68584ef3daf74cc81fcb2d2,project_support/artifacts/flame3_manual_smoke_v2/machine_labels/labels/boundary_maps/train/no_fire/00058.png,700dee90ec86a83133bac986fba383112f64d681f68584ef3daf74cc81fcb2d2
train,no_fire/00061,No Fire,00061,0,machine_partial,diagnostic_only_not_model_input,data/flame3/No Fire/RGB/Corrected FOV/00061.JPG,8d0c0da0172afebcf8abb7f56e5856f2b716891cffbefa8ffef8664cad80e370,data/flame3/No Fire/Thermal/Raw JPG/00061.JPG,e40d4ca759e9636704f4209464f47e25e743b1c9164ace6cd33a873ee4f19526,data/flame3/No Fire/Thermal/Celsius TIFF/00061.TIFF,33f12f9c065604ee7521d8263f8a3902e3b71674d50cf52257067b7150be14b0,project_support/artifacts/flame3_manual_smoke_v2/machine_labels/labels/masks/train/no_fire/00061.png,700dee90ec86a83133bac986fba383112f64d681f68584ef3daf74cc81fcb2d2,project_support/artifacts/flame3_manual_smoke_v2/machine_labels/labels/boundary_maps/train/no_fire/00061.png,700dee90ec86a83133bac986fba383112f64d681f68584ef3daf74cc81fcb2d2
train,no_fire/00063,No Fire,00063,0,machine_partial,diagnostic_only_not_model_input,data/flame3/No Fire/RGB/Corrected FOV/00063.JPG,d0e3612c32598b7f5236268afd5aa5039d8f76071941732a786b982630dc4107,data/flame3/No Fire/Thermal/Raw JPG/00063.JPG,9e334891491105c7cba7168d8481d05a3ec73166d4f578cf1f342cf617164dce,data/flame3/No Fire/Thermal/Celsius TIFF/00063.TIFF,8963fe4d943c2e7b3b0a25d3bbc14a7179101cb459c338e325c79f7c2db5a411,project_support/artifacts/flame3_manual_smoke_v2/machine_labels/labels/masks/train/no_fire/00063.png,700dee90ec86a83133bac986fba383112f64d681f68584ef3daf74cc81fcb2d2,project_support/artifacts/flame3_manual_smoke_v2/machine_labels/labels/boundary_maps/train/no_fire/00063.png,700dee90ec86a83133bac986fba383112f64d681f68584ef3daf74cc81fcb2d2
train,no_fire/00064,No Fire,00064,0,machine_partial,diagnostic_only_not_model_input,data/flame3/No Fire/RGB/Corrected FOV/00064.JPG,4584d181921d1697fd025a04aa22b7efa4c63349bfb4215af85b8ed9986d78e6,data/flame3/No Fire/Thermal/Raw JPG/00064.JPG,98e492c24b5bc8f60c4279e1cfe84b1b23b81211fc7b0113ebc7d9dd172575cb,data/flame3/No Fire/Thermal/Celsius TIFF/00064.TIFF,af7b8612d6e7dd6b8cfb1409a048f0df72efc53a7cfc3db62ee0e1ccaba16ef7,project_support/artifacts/flame3_manual_smoke_v2/machine_labels/labels/masks/train/no_fire/00064.png,700dee90ec86a83133bac986fba383112f64d681f68584ef3daf74cc81fcb2d2,project_support/artifacts/flame3_manual_smoke_v2/machine_labels/labels/boundary_maps/train/no_fire/00064.png,700dee90ec86a83133bac986fba383112f64d681f68584ef3daf74cc81fcb2d2
train,no_fire/00065,No Fire,00065,0,machine_partial,diagnostic_only_not_model_input,data/flame3/No Fire/RGB/Corrected FOV/00065.JPG,83e8d5437af314d2e5b9ae6c50ada8bf7bc85e94267860b8b2050f20155154bf,data/flame3/No Fire/Thermal/Raw JPG/00065.JPG,efbb1945c64de741341975ca910dbed7171457d99ec9f6dd5f81e3513480fead,data/flame3/No Fire/Thermal/Celsius TIFF/00065.TIFF,b2b44413c2b01fa5756086be59f0ffc35cf8c45c1855664addd2884b3f959c43,project_support/artifacts/flame3_manual_smoke_v2/machine_labels/labels/masks/train/no_fire/00065.png,700dee90ec86a83133bac986fba383112f64d681f68584ef3daf74cc81fcb2d2,project_support/artifacts/flame3_manual_smoke_v2/machine_labels/labels/boundary_maps/train/no_fire/00065.png,700dee90ec86a83133bac986fba383112f64d681f68584ef3daf74cc81fcb2d2
train,no_fire/00066,No Fire,00066,0,machine_partial,diagnostic_only_not_model_input,data/flame3/No Fire/RGB/Corrected FOV/00066.JPG,cfd1b83c1f5c19a09686d6d2b6b220a3497a0abebb178046be49bbe146428663,data/flame3/No Fire/Thermal/Raw JPG/00066.JPG,6990460ccb00c80aade3b0c580cb7132efd39603c67d50f2a8d7334da2639d1f,data/flame3/No Fire/Thermal/Celsius TIFF/00066.TIFF,497afadf46599f843862db745d3e01f65b055bd6dc8193f530b0bad16445be00,project_support/artifacts/flame3_manual_smoke_v2/machine_labels/labels/masks/train/no_fire/00066.png,700dee90ec86a83133bac986fba383112f64d681f68584ef3daf74cc81fcb2d2,project_support/artifacts/flame3_manual_smoke_v2/machine_labels/labels/boundary_maps/train/no_fire/00066.png,700dee90ec86a83133bac986fba383112f64d681f68584ef3daf74cc81fcb2d2
train,no_fire/00067,No Fire,00067,0,machine_partial,diagnostic_only_not_model_input,data/flame3/No Fire/RGB/Corrected FOV/00067.JPG,b42dc49c5cd93ac5ab9e6bac9b7447beed80d07025d04cf822e8e1eec4c6482e,data/flame3/No Fire/Thermal/Raw JPG/00067.JPG,63a2f59831c113c289261fd2c0b068c190d12a3f7feed0ef5d099f95c2bd4634,data/flame3/No Fire/Thermal/Celsius TIFF/00067.TIFF,3e97998c8535bf5dba6d0e267d7286fb36ff5305e606ec69a36931ba8635a683,project_support/artifacts/flame3_manual_smoke_v2/machine_labels/labels/masks/train/no_fire/00067.png,700dee90ec86a83133bac986fba383112f64d681f68584ef3daf74cc81fcb2d2,project_support/artifacts/flame3_manual_smoke_v2/machine_labels/labels/boundary_maps/train/no_fire/00067.png,700dee90ec86a83133bac986fba383112f64d681f68584ef3daf74cc81fcb2d2
train,no_fire/00070,No Fire,00070,0,machine_partial,diagnostic_only_not_model_input,data/flame3/No Fire/RGB/Corrected FOV/00070.JPG,9a1b1fcff14da1a0245d0d5c4926726142ad47cc9c45c2ce26400b2af8fb1fb1,data/flame3/No Fire/Thermal/Raw JPG/00070.JPG,3b9d52329403311dfb19cd652061d447f98f914a6627d593d3dfa5c2a58bcb32,data/flame3/No Fire/Thermal/Celsius TIFF/00070.TIFF,13c8c6aca40b716eb79541da3de5494903766ad499b13e8faee2bf59240e3ccd,project_support/artifacts/flame3_manual_smoke_v2/machine_labels/labels/masks/train/no_fire/00070.png,700dee90ec86a83133bac986fba383112f64d681f68584ef3daf74cc81fcb2d2,project_support/artifacts/flame3_manual_smoke_v2/machine_labels/labels/boundary_maps/train/no_fire/00070.png,700dee90ec86a83133bac986fba383112f64d681f68584ef3daf74cc81fcb2d2
train,no_fire/00071,No Fire,00071,0,machine_partial,diagnostic_only_not_model_input,data/flame3/No Fire/RGB/Corrected FOV/00071.JPG,fcec7035f6503336bd7349168093057266b23d11d7c1c8d1105a6259c430c7d3,data/flame3/No Fire/Thermal/Raw JPG/00071.JPG,5017958378882a7a611b86236f18f6b48da933ede38db8582679f195254dd5a4,data/flame3/No Fire/Thermal/Celsius TIFF/00071.TIFF,e625d3be81a61ae2f5593aadfe3acee75e20227e86257493d540e8a67c575a77,project_support/artifacts/flame3_manual_smoke_v2/machine_labels/labels/masks/train/no_fire/00071.png,700dee90ec86a83133bac986fba383112f64d681f68584ef3daf74cc81fcb2d2,project_support/artifacts/flame3_manual_smoke_v2/machine_labels/labels/boundary_maps/train/no_fire/00071.png,700dee90ec86a83133bac986fba383112f64d681f68584ef3daf74cc81fcb2d2
train,no_fire/00073,No Fire,00073,0,machine_partial,diagnostic_only_not_model_input,data/flame3/No Fire/RGB/Corrected FOV/00073.JPG,fd65d1f3c19100210c5dc7d3f05c8c0148bf34832e74de96ccf41e2609761622,data/flame3/No Fire/Thermal/Raw JPG/00073.JPG,7d3f4ef2b3dfee031e78b84df0705a5c549a670714f39154c853eaf8a3ba5f0d,data/flame3/No Fire/Thermal/Celsius TIFF/00073.TIFF,5e75295c9a414f4d5314ebce2ecd84f95aa448140dcbcdbed8a41cf45edc92c3,project_support/artifacts/flame3_manual_smoke_v2/machine_labels/labels/masks/train/no_fire/00073.png,700dee90ec86a83133bac986fba383112f64d681f68584ef3daf74cc81fcb2d2,project_support/artifacts/flame3_manual_smoke_v2/machine_labels/labels/boundary_maps/train/no_fire/00073.png,700dee90ec86a83133bac986fba383112f64d681f68584ef3daf74cc81fcb2d2
train,no_fire/00074,No Fire,00074,0,machine_partial,diagnostic_only_not_model_input,data/flame3/No Fire/RGB/Corrected FOV/00074.JPG,aac61cfb2129dbb7fc479822ed5a47374c1fe97935110d1c1b6676062507064d,data/flame3/No Fire/Thermal/Raw JPG/00074.JPG,46cfb192c26dfd9c4606e221149eadeb1e21104ede35caada41a7e1130c43f65,data/flame3/No Fire/Thermal/Celsius TIFF/00074.TIFF,c2b5e61b0db8e6be5777c58decaffa25e16582e38e9cfa0c508285cb0776adf6,project_support/artifacts/flame3_manual_smoke_v2/machine_labels/labels/masks/train/no_fire/00074.png,700dee90ec86a83133bac986fba383112f64d681f68584ef3daf74cc81fcb2d2,project_support/artifacts/flame3_manual_smoke_v2/machine_labels/labels/boundary_maps/train/no_fire/00074.png,700dee90ec86a83133bac986fba383112f64d681f68584ef3daf74cc81fcb2d2
train,no_fire/00077,No Fire,00077,0,machine_partial,diagnostic_only_not_model_input,data/flame3/No Fire/RGB/Corrected FOV/00077.JPG,ad9efd7a0bd3d3aee6fe929290db42fea7cd3723793671caf106580849b42ea6,data/flame3/No Fire/Thermal/Raw JPG/00077.JPG,484383bf036ffecbe3bb162b18bc4b4f2960af370bc95319e73a810933a1902c,data/flame3/No Fire/Thermal/Celsius TIFF/00077.TIFF,b5da9b4f080a234b038e5c5320458d3ab45246caf7b922221b3c3188c5861fd8,project_support/artifacts/flame3_manual_smoke_v2/machine_labels/labels/masks/train/no_fire/00077.png,700dee90ec86a83133bac986fba383112f64d681f68584ef3daf74cc81fcb2d2,project_support/artifacts/flame3_manual_smoke_v2/machine_labels/labels/boundary_maps/train/no_fire/00077.png,700dee90ec86a83133bac986fba383112f64d681f68584ef3daf74cc81fcb2d2
train,no_fire/00078,No Fire,00078,0,machine_partial,diagnostic_only_not_model_input,data/flame3/No Fire/RGB/Corrected FOV/00078.JPG,df7e75b38ad5047e969e8b723ad32bdc926e32358f96bd2e06bf6fb5d4b28513,data/flame3/No Fire/Thermal/Raw JPG/00078.JPG,355bb7320601b71aec3c81e89f565c0aadc199fbe79e0465b2f35bd899611cf1,data/flame3/No Fire/Thermal/Celsius TIFF/00078.TIFF,dc6f80615359f0d7de795a86f8c1c93a0a0e81a9f3d9bb4fb88b081507b65cb0,project_support/artifacts/flame3_manual_smoke_v2/machine_labels/labels/masks/train/no_fire/00078.png,700dee90ec86a83133bac986fba383112f64d681f68584ef3daf74cc81fcb2d2,project_support/artifacts/flame3_manual_smoke_v2/machine_labels/labels/boundary_maps/train/no_fire/00078.png,700dee90ec86a83133bac986fba383112f64d681f68584ef3daf74cc81fcb2d2
train,no_fire/00079,No Fire,00079,1,manual_dense,diagnostic_only_not_model_input,data/flame3/No Fire/RGB/Corrected FOV/00079.JPG,4f4f73e2ee1634fec4e749ccc77d010641bb0e3125f3b36382fd1325214be733,data/flame3/No Fire/Thermal/Raw JPG/00079.JPG,e31f929b18ea67b67fbb001a8d39d8315014e549b422f028066c47f8967f9ad0,data/flame3/No Fire/Thermal/Celsius TIFF/00079.TIFF,33980611ce0d57e1dad7eab3fed04b700e73d787a5516eec8922788d61b0d4d1,project_support/data/flame3_manual_smoke_v2_annotation/completed_masks/A141.png,700dee90ec86a83133bac986fba383112f64d681f68584ef3daf74cc81fcb2d2,project_support/artifacts/flame3_manual_smoke_v2/machine_labels/labels/boundary_maps/train/no_fire/00079.png,700dee90ec86a83133bac986fba383112f64d681f68584ef3daf74cc81fcb2d2
train,no_fire/00080,No Fire,00080,1,manual_dense,diagnostic_only_not_model_input,data/flame3/No Fire/RGB/Corrected FOV/00080.JPG,49bc5cbb5ba29a45bfd276ede868b0cf415836b5264361589baf19a05d64738f,data/flame3/No Fire/Thermal/Raw JPG/00080.JPG,ae8cf29c8efed09258b38e69a757b05a4954e1e800aea542eb95ee664662283d,data/flame3/No Fire/Thermal/Celsius TIFF/00080.TIFF,f239f74e507f0351d43c8ab463231abcf96bf610e31daa4a6c3f1797841d7c6d,project_support/data/flame3_manual_smoke_v2_annotation/completed_masks/A143.png,700dee90ec86a83133bac986fba383112f64d681f68584ef3daf74cc81fcb2d2,project_support/artifacts/flame3_manual_smoke_v2/machine_labels/labels/boundary_maps/train/no_fire/00080.png,700dee90ec86a83133bac986fba383112f64d681f68584ef3daf74cc81fcb2d2
train,no_fire/00082,No Fire,00082,0,machine_partial,diagnostic_only_not_model_input,data/flame3/No Fire/RGB/Corrected FOV/00082.JPG,ab0ad9f469ca3da1aee6bb84b73905628109f230c17c7351446f5533a6f04348,data/flame3/No Fire/Thermal/Raw JPG/00082.JPG,b897abf67a330a7a58fa8d452eed8c69162572b7e18711216ab53cd15c622e2c,data/flame3/No Fire/Thermal/Celsius TIFF/00082.TIFF,c19ace6f043c3ff83dd339a26d0eddae80015e742edc7283481ba8164756d8f8,project_support/artifacts/flame3_manual_smoke_v2/machine_labels/labels/masks/train/no_fire/00082.png,700dee90ec86a83133bac986fba383112f64d681f68584ef3daf74cc81fcb2d2,project_support/artifacts/flame3_manual_smoke_v2/machine_labels/labels/boundary_maps/train/no_fire/00082.png,700dee90ec86a83133bac986fba383112f64d681f68584ef3daf74cc81fcb2d2
train,no_fire/00083,No Fire,00083,0,machine_partial,diagnostic_only_not_model_input,data/flame3/No Fire/RGB/Corrected FOV/00083.JPG,eccfc39536ed5584de838b1bfeb74db5ea691937da5f8c50570466bfabd9e4a3,data/flame3/No Fire/Thermal/Raw JPG/00083.JPG,5e22158a1a6a2218fb7faffaf315dafc487089b58bf2078fe5e7fbeb59040e66,data/flame3/No Fire/Thermal/Celsius TIFF/00083.TIFF,301bd244353c85c87ecdc59dd5781fa751b6d1d40c4b5574dd403b968454c2a4,project_support/artifacts/flame3_manual_smoke_v2/machine_labels/labels/masks/train/no_fire/00083.png,700dee90ec86a83133bac986fba383112f64d681f68584ef3daf74cc81fcb2d2,project_support/artifacts/flame3_manual_smoke_v2/machine_labels/labels/boundary_maps/train/no_fire/00083.png,700dee90ec86a83133bac986fba383112f64d681f68584ef3daf74cc81fcb2d2
train,no_fire/00091,No Fire,00091,0,machine_partial,diagnostic_only_not_model_input,data/flame3/No Fire/RGB/Corrected FOV/00091.JPG,6a8fc03adca8b80f75cd3dff2216ee2dc3d1a57dd01a8f604cb69d38cb588348,data/flame3/No Fire/Thermal/Raw JPG/00091.JPG,741cf14891b9b97dd3e54dd4db38e2447dd12d003f60b8b1bd92a980d039048f,data/flame3/No Fire/Thermal/Celsius TIFF/00091.TIFF,4b5acb140c6e462fa95c67422142ffb21c82eaa0d8868b433ea498271188a473,project_support/artifacts/flame3_manual_smoke_v2/machine_labels/labels/masks/train/no_fire/00091.png,700dee90ec86a83133bac986fba383112f64d681f68584ef3daf74cc81fcb2d2,project_support/artifacts/flame3_manual_smoke_v2/machine_labels/labels/boundary_maps/train/no_fire/00091.png,700dee90ec86a83133bac986fba383112f64d681f68584ef3daf74cc81fcb2d2
train,no_fire/00092,No Fire,00092,1,manual_dense,diagnostic_only_not_model_input,data/flame3/No Fire/RGB/Corrected FOV/00092.JPG,8f5db026f97e310eec1be03b887b16fb732a2c0e9b9d69dcbe19892603e6c808,data/flame3/No Fire/Thermal/Raw JPG/00092.JPG,4aab9c89c94ea0f379e2d34ac1db7cc9096aceb4d3b26151399e2613770633ba,data/flame3/No Fire/Thermal/Celsius TIFF/00092.TIFF,34bd8017fc6b44545bc8c1ae368dcbb4973e39b63439fcd6e831909130f61b74,project_support/data/flame3_manual_smoke_v2_annotation/completed_masks/A145.png,700dee90ec86a83133bac986fba383112f64d681f68584ef3daf74cc81fcb2d2,project_support/artifacts/flame3_manual_smoke_v2/machine_labels/labels/boundary_maps/train/no_fire/00092.png,700dee90ec86a83133bac986fba383112f64d681f68584ef3daf74cc81fcb2d2
train,no_fire/00093,No Fire,00093,0,machine_partial,diagnostic_only_not_model_input,data/flame3/No Fire/RGB/Corrected FOV/00093.JPG,f9523bc6e7bae946f9c5cb2fdd5e41235788e78819849d28ff7c153324558a9b,data/flame3/No Fire/Thermal/Raw JPG/00093.JPG,62b3dc2d881798b1ec74d6b0ca3e19b12a2206e0a7049d4994fb871cf07223f5,data/flame3/No Fire/Thermal/Celsius TIFF/00093.TIFF,00b462d8b8d2c2dae429725bcaddcf4e80f0ecd5c2a20d2332c04161b39d2bdc,project_support/artifacts/flame3_manual_smoke_v2/machine_labels/labels/masks/train/no_fire/00093.png,700dee90ec86a83133bac986fba383112f64d681f68584ef3daf74cc81fcb2d2,project_support/artifacts/flame3_manual_smoke_v2/machine_labels/labels/boundary_maps/train/no_fire/00093.png,700dee90ec86a83133bac986fba383112f64d681f68584ef3daf74cc81fcb2d2
train,no_fire/00094,No Fire,00094,0,machine_partial,diagnostic_only_not_model_input,data/flame3/No Fire/RGB/Corrected FOV/00094.JPG,02ef91ae8b9aab2e940a1f3128c690983b2f4ed210a1ea2bf0f1c850d96f26e1,data/flame3/No Fire/Thermal/Raw JPG/00094.JPG,c69cf6c4b4b9d6f648c1171a35f3c9a711495d081fcbdabbcb288808c5064d83,data/flame3/No Fire/Thermal/Celsius TIFF/00094.TIFF,ea842518e002269cd8ccd59854edc7282b3a997af4f0ddea14f74fc4792854a9,project_support/artifacts/flame3_manual_smoke_v2/machine_labels/labels/masks/train/no_fire/00094.png,700dee90ec86a83133bac986fba383112f64d681f68584ef3daf74cc81fcb2d2,project_support/artifacts/flame3_manual_smoke_v2/machine_labels/labels/boundary_maps/train/no_fire/00094.png,700dee90ec86a83133bac986fba383112f64d681f68584ef3daf74cc81fcb2d2
train,no_fire/00095,No Fire,00095,0,machine_partial,diagnostic_only_not_model_input,data/flame3/No Fire/RGB/Corrected FOV/00095.JPG,05ef4c37851933b92836847d64df90efae0c9288bf1d73ee3cd3aac4f623564f,data/flame3/No Fire/Thermal/Raw JPG/00095.JPG,b8317745fec1948ec844abd891f92ae7aea4514c51021b4e6855a8e873238d69,data/flame3/No Fire/Thermal/Celsius TIFF/00095.TIFF,96307a6e27163e582dd6181594e64d2d9cf8aad7617e4d5ec23652f58db42cfb,project_support/artifacts/flame3_manual_smoke_v2/machine_labels/labels/masks/train/no_fire/00095.png,700dee90ec86a83133bac986fba383112f64d681f68584ef3daf74cc81fcb2d2,project_support/artifacts/flame3_manual_smoke_v2/machine_labels/labels/boundary_maps/train/no_fire/00095.png,700dee90ec86a83133bac986fba383112f64d681f68584ef3daf74cc81fcb2d2
train,no_fire/00096,No Fire,00096,0,machine_partial,diagnostic_only_not_model_input,data/flame3/No Fire/RGB/Corrected FOV/00096.JPG,d77852319c3950d8a87cc6aa8ad3e51676d9579867f1a36744e5cf3935b651fb,data/flame3/No Fire/Thermal/Raw JPG/00096.JPG,500cae39b87e2d75b4e0a3418e8a7984ecbc9c8e6a27b4eafc02755147d90bc0,data/flame3/No Fire/Thermal/Celsius TIFF/00096.TIFF,482e99bf48ae3947c0ad0548215464d57bde1f19f90aabb35727787fb42d6d62,project_support/artifacts/flame3_manual_smoke_v2/machine_labels/labels/masks/train/no_fire/00096.png,700dee90ec86a83133bac986fba383112f64d681f68584ef3daf74cc81fcb2d2,project_support/artifacts/flame3_manual_smoke_v2/machine_labels/labels/boundary_maps/train/no_fire/00096.png,700dee90ec86a83133bac986fba383112f64d681f68584ef3daf74cc81fcb2d2
train,no_fire/00098,No Fire,00098,0,machine_partial,diagnostic_only_not_model_input,data/flame3/No Fire/RGB/Corrected FOV/00098.JPG,372fe53e5a84aa1551eef41e372ccc75318b35ce94f8fffb7d3e003115237804,data/flame3/No Fire/Thermal/Raw JPG/00098.JPG,3e38002ac5aab2d2443cf9fa8f11db6f593b2a3941a61c1addc59d136bfa1599,data/flame3/No Fire/Thermal/Celsius TIFF/00098.TIFF,3497b09f8e08bb9b703ed78a015e5fc1d0f9114f52cbb142da60df21463f92bd,project_support/artifacts/flame3_manual_smoke_v2/machine_labels/labels/masks/train/no_fire/00098.png,700dee90ec86a83133bac986fba383112f64d681f68584ef3daf74cc81fcb2d2,project_support/artifacts/flame3_manual_smoke_v2/machine_labels/labels/boundary_maps/train/no_fire/00098.png,700dee90ec86a83133bac986fba383112f64d681f68584ef3daf74cc81fcb2d2
train,no_fire/00102,No Fire,00102,1,manual_dense,diagnostic_only_not_model_input,data/flame3/No Fire/RGB/Corrected FOV/00102.JPG,fd86a72025427e68fe533a85a3580583e126eccbcea0bc7754bad6114493af0d,data/flame3/No Fire/Thermal/Raw JPG/00102.JPG,422680ea6f0c75f5ead6b334f129210e003dc9965d2c5cdd50311491cf42e189,data/flame3/No Fire/Thermal/Celsius TIFF/00102.TIFF,018da9eca4948338656579f553024a0347c6bb1ff13dbdf14f0d33213612e18f,project_support/data/flame3_manual_smoke_v2_annotation/completed_masks/A138.png,700dee90ec86a83133bac986fba383112f64d681f68584ef3daf74cc81fcb2d2,project_support/artifacts/flame3_manual_smoke_v2/machine_labels/labels/boundary_maps/train/no_fire/00102.png,700dee90ec86a83133bac986fba383112f64d681f68584ef3daf74cc81fcb2d2
train,no_fire/00104,No Fire,00104,0,machine_partial,diagnostic_only_not_model_input,data/flame3/No Fire/RGB/Corrected FOV/00104.JPG,2033170f238b5b01bbd7a2ba2e276f9aac8ba4dd8ce74b55013a8ea554f0572f,data/flame3/No Fire/Thermal/Raw JPG/00104.JPG,8273fddb8c359142f62af513afbedaf2f6e21a486249c6f22f61e6ed6d6c1e33,data/flame3/No Fire/Thermal/Celsius TIFF/00104.TIFF,7e2642c3ecba504bcc73b15e2e6685a57d6f0f8e1f9011b684bd1bd54519d1dc,project_support/artifacts/flame3_manual_smoke_v2/machine_labels/labels/masks/train/no_fire/00104.png,700dee90ec86a83133bac986fba383112f64d681f68584ef3daf74cc81fcb2d2,project_support/artifacts/flame3_manual_smoke_v2/machine_labels/labels/boundary_maps/train/no_fire/00104.png,700dee90ec86a83133bac986fba383112f64d681f68584ef3daf74cc81fcb2d2
train,no_fire/00106,No Fire,00106,1,manual_dense,diagnostic_only_not_model_input,data/flame3/No Fire/RGB/Corrected FOV/00106.JPG,6da01fbd9b5cd0a0b1edd769ee2666719c77e222ace9b6d86d8076f168c077c9,data/flame3/No Fire/Thermal/Raw JPG/00106.JPG,ff4040dcb7986a4c6a92173311ec742e611df3cb6a555677ef9f7a43290c5c81,data/flame3/No Fire/Thermal/Celsius TIFF/00106.TIFF,043b91084ced9807fa3b6ea3270ad897161d81c2f03022a9865b65c516f5f913,project_support/data/flame3_manual_smoke_v2_annotation/completed_masks/A140.png,700dee90ec86a83133bac986fba383112f64d681f68584ef3daf74cc81fcb2d2,project_support/artifacts/flame3_manual_smoke_v2/machine_labels/labels/boundary_maps/train/no_fire/00106.png,700dee90ec86a83133bac986fba383112f64d681f68584ef3daf74cc81fcb2d2
train,no_fire/00107,No Fire,00107,0,machine_partial,diagnostic_only_not_model_input,data/flame3/No Fire/RGB/Corrected FOV/00107.JPG,00deeada0098c921f3283bbafdbae1cc851721faaf4687e4d87029931bcf3169,data/flame3/No Fire/Thermal/Raw JPG/00107.JPG,ed3241feb995b842d8f45c13900192b775e854e5322ab790e5ab804dc5f93380,data/flame3/No Fire/Thermal/Celsius TIFF/00107.TIFF,5cc279c1536f515a605cba4f79ffdae6d6e377e21a446a16b0b5a8df67e70ba6,project_support/artifacts/flame3_manual_smoke_v2/machine_labels/labels/masks/train/no_fire/00107.png,700dee90ec86a83133bac986fba383112f64d681f68584ef3daf74cc81fcb2d2,project_support/artifacts/flame3_manual_smoke_v2/machine_labels/labels/boundary_maps/train/no_fire/00107.png,700dee90ec86a83133bac986fba383112f64d681f68584ef3daf74cc81fcb2d2
train,no_fire/00110,No Fire,00110,0,machine_partial,diagnostic_only_not_model_input,data/flame3/No Fire/RGB/Corrected FOV/00110.JPG,931839cb19fc0b16ff7f4e45fcf60de86d6af9f55a066244b46d2afc22873079,data/flame3/No Fire/Thermal/Raw JPG/00110.JPG,044ca9d4ae256254e63f0b42c461ca1c739fdd98a88dfd2305a79118937e79c0,data/flame3/No Fire/Thermal/Celsius TIFF/00110.TIFF,09e955ae643b64ebdc06a346a0228c267fbb899ba50533d3bf8053c4e6ef572c,project_support/artifacts/flame3_manual_smoke_v2/machine_labels/labels/masks/train/no_fire/00110.png,700dee90ec86a83133bac986fba383112f64d681f68584ef3daf74cc81fcb2d2,project_support/artifacts/flame3_manual_smoke_v2/machine_labels/labels/boundary_maps/train/no_fire/00110.png,700dee90ec86a83133bac986fba383112f64d681f68584ef3daf74cc81fcb2d2
train,no_fire/00111,No Fire,00111,0,machine_partial,diagnostic_only_not_model_input,data/flame3/No Fire/RGB/Corrected FOV/00111.JPG,402dce82877ca72658282a26cdf2e7cd23d5c4d8b133a4a4a072e347d9103e3a,data/flame3/No Fire/Thermal/Raw JPG/00111.JPG,1abc5b91a960fbe7255c90505e90c2f210da4a8b508e5dd864dfc6f6f92fd785,data/flame3/No Fire/Thermal/Celsius TIFF/00111.TIFF,e16f54bf8602ef9d4eb65294bbe6571f916d1f6e36e191e9024d9bbcf0bd6929,project_support/artifacts/flame3_manual_smoke_v2/machine_labels/labels/masks/train/no_fire/00111.png,700dee90ec86a83133bac986fba383112f64d681f68584ef3daf74cc81fcb2d2,project_support/artifacts/flame3_manual_smoke_v2/machine_labels/labels/boundary_maps/train/no_fire/00111.png,700dee90ec86a83133bac986fba383112f64d681f68584ef3daf74cc81fcb2d2
train,no_fire/00113,No Fire,00113,0,machine_partial,diagnostic_only_not_model_input,data/flame3/No Fire/RGB/Corrected FOV/00113.JPG,780be9c83bcbd90fc7b353f8ef52bc44d2ac2c18180dc69fb21f63365b2578da,data/flame3/No Fire/Thermal/Raw JPG/00113.JPG,0b07c9f32e90682fbda2267c527f87ceb2d73a2fcb93dbd71ac3910c72ca3961,data/flame3/No Fire/Thermal/Celsius TIFF/00113.TIFF,a10c80800d7de896dbffa2718045745336cbb33ad2aaa087ba04143abca56071,project_support/artifacts/flame3_manual_smoke_v2/machine_labels/labels/masks/train/no_fire/00113.png,700dee90ec86a83133bac986fba383112f64d681f68584ef3daf74cc81fcb2d2,project_support/artifacts/flame3_manual_smoke_v2/machine_labels/labels/boundary_maps/train/no_fire/00113.png,700dee90ec86a83133bac986fba383112f64d681f68584ef3daf74cc81fcb2d2
train,no_fire/00114,No Fire,00114,0,machine_partial,diagnostic_only_not_model_input,data/flame3/No Fire/RGB/Corrected FOV/00114.JPG,af55e48fef42509f5affe032c63a8a75c786582af4e5aa5101a1140a9ca101a2,data/flame3/No Fire/Thermal/Raw JPG/00114.JPG,72e674815d29a14e5412e370f1b794f98d4d050b2f83fa01579ac4f381e4958e,data/flame3/No Fire/Thermal/Celsius TIFF/00114.TIFF,c1ae5b031abcde6c66815db283d67951a7f74125ff562f287c1f158ae23b7c36,project_support/artifacts/flame3_manual_smoke_v2/machine_labels/labels/masks/train/no_fire/00114.png,700dee90ec86a83133bac986fba383112f64d681f68584ef3daf74cc81fcb2d2,project_support/artifacts/flame3_manual_smoke_v2/machine_labels/labels/boundary_maps/train/no_fire/00114.png,700dee90ec86a83133bac986fba383112f64d681f68584ef3daf74cc81fcb2d2
train,no_fire/00115,No Fire,00115,0,machine_partial,diagnostic_only_not_model_input,data/flame3/No Fire/RGB/Corrected FOV/00115.JPG,3063e15d3768203d1364971853d0adbeed6ee55e383bc9460eb9b2c40b47eef6,data/flame3/No Fire/Thermal/Raw JPG/00115.JPG,cc6f3fcd5be026b63ab66e51c45f6cdb67cf0392e354a029b25512547af9cb17,data/flame3/No Fire/Thermal/Celsius TIFF/00115.TIFF,5750dadcdaacb6a064fc6039bc0bdc7ccc40d086af3184e6808c35c9f69c5f51,project_support/artifacts/flame3_manual_smoke_v2/machine_labels/labels/masks/train/no_fire/00115.png,700dee90ec86a83133bac986fba383112f64d681f68584ef3daf74cc81fcb2d2,project_support/artifacts/flame3_manual_smoke_v2/machine_labels/labels/boundary_maps/train/no_fire/00115.png,700dee90ec86a83133bac986fba383112f64d681f68584ef3daf74cc81fcb2d2
val,fire/00001,Fire,00001,0,machine_partial,diagnostic_only_not_model_input,data/flame3/Fire/RGB/Corrected FOV/00001.JPG,9d8268f61d93f1a0e196a6a07ac4cb29db9353032aa70a3e17a73658ea8f61c2,data/flame3/Fire/Thermal/Raw JPG/00001.JPG,339f2054860f8b54746400159ea6c01a3113db05c813e99f8f31f25e5996cad3,data/flame3/Fire/Thermal/Celsius TIFF/00001.TIFF,cbb0809a6c8e1db7da58d4630337b5c01d290310ddc85cd9cb025ae9322bb43b,project_support/artifacts/flame3_manual_smoke_v2/machine_labels/labels/masks/val/fire/00001.png,1ddbc2b79de64856b59001db81c0cb841aa77c179f2a469db49e70bd9f8ee66b,project_support/artifacts/flame3_manual_smoke_v2/machine_labels/labels/boundary_maps/val/fire/00001.png,4a398c4ec0123a75b0c461a42a01636b385e177746b1dbfa9149f74f378cbbb8
val,fire/00008,Fire,00008,0,machine_partial,diagnostic_only_not_model_input,data/flame3/Fire/RGB/Corrected FOV/00008.JPG,d7de0e2b0caa9a9f5290bac4f3772f3e76f172ff16ab79864fef554d3e058114,data/flame3/Fire/Thermal/Raw JPG/00008.JPG,290a000d7805f73fe3b5750a30b6b2f6af795e1e64e1655d11e730787240540b,data/flame3/Fire/Thermal/Celsius TIFF/00008.TIFF,05f407af808b32db39d1ac4e3ec649be92549c1eb93381cfdbe031a38c602589,project_support/artifacts/flame3_manual_smoke_v2/machine_labels/labels/masks/val/fire/00008.png,496bb83fd657842dd0a3c5933ca94718660bcf8f5c5a6c824e78b825ff344939,project_support/artifacts/flame3_manual_smoke_v2/machine_labels/labels/boundary_maps/val/fire/00008.png,90a149fe77c050d0cfc4419e0ba25d6872be5ea99ca0675aedb1caed0b5a4106
val,fire/00019,Fire,00019,0,machine_partial,diagnostic_only_not_model_input,data/flame3/Fire/RGB/Corrected FOV/00019.JPG,0965471856f6d927f7baf1ed214a1ee533d8f6a150ab2ecfc4d1a734f31ba86c,data/flame3/Fire/Thermal/Raw JPG/00019.JPG,7bd5257f9c8699c2edd522aad3925ce01886de189e10862c4365dd3d03ff0aa4,data/flame3/Fire/Thermal/Celsius TIFF/00019.TIFF,20dff4750f994f208af9d28cdaa50a6684ef698ed6b5310768e5908df3300430,project_support/artifacts/flame3_manual_smoke_v2/machine_labels/labels/masks/val/fire/00019.png,7aeddfd548bb720319d1e570da8ced6187c42998ac3b7ff3ff74c93d10fac862,project_support/artifacts/flame3_manual_smoke_v2/machine_labels/labels/boundary_maps/val/fire/00019.png,6e71970ce76b79bbeaf2b5f8e93448441d587c40a5de07b8b058a410d2948f24
val,fire/00020,Fire,00020,0,machine_partial,diagnostic_only_not_model_input,data/flame3/Fire/RGB/Corrected FOV/00020.JPG,201488d5d9e5e66d5110837e4b29ea9e610b5d13206ff7bd8be435734ea843b4,data/flame3/Fire/Thermal/Raw JPG/00020.JPG,0de7752372dbb9c68c0cd380b6be8a6ec374e24c977f2dee38cbf968017af9d9,data/flame3/Fire/Thermal/Celsius TIFF/00020.TIFF,8057fc99f624d17d17070e5d6292ebb5a6afe6745201bf142f6490288e8fe496,project_support/artifacts/flame3_manual_smoke_v2/machine_labels/labels/masks/val/fire/00020.png,ac6063829796856c3e6db8418df90b0decf566e51647472d89e9ce342e854921,project_support/artifacts/flame3_manual_smoke_v2/machine_labels/labels/boundary_maps/val/fire/00020.png,ea4288739eece9cbdd1ab0bfb23e08d39a187babf4b7b748ba372c87bde137cf
val,fire/00022,Fire,00022,0,machine_partial,diagnostic_only_not_model_input,data/flame3/Fire/RGB/Corrected FOV/00022.JPG,4e5033746fb1296e7b8ea4beeff99aa0033203ae1fb900beb68b2ab5365f0364,data/flame3/Fire/Thermal/Raw JPG/00022.JPG,e8056fb2fca317224fb4dd60e2753b898d9a36f3ee3c0fe034d9d35f4e55af89,data/flame3/Fire/Thermal/Celsius TIFF/00022.TIFF,8838ff24c461fa1ce56372585db016ab2dc7c538fb066ece4caf976492586d56,project_support/artifacts/flame3_manual_smoke_v2/machine_labels/labels/masks/val/fire/00022.png,64119529382dcd4bc48bb51aa4370053373f608c1b5f9605c1d1f5c5f9f98b8c,project_support/artifacts/flame3_manual_smoke_v2/machine_labels/labels/boundary_maps/val/fire/00022.png,99046a3de6eb0e72882a652dae789eb3884dec4fb4631542bbce7c056e334be0
val,fire/00023,Fire,00023,0,machine_partial,diagnostic_only_not_model_input,data/flame3/Fire/RGB/Corrected FOV/00023.JPG,32c4c39d4c950cf47fdcb9bb95e0745d6b512c4b765223ea8b673434fe73e946,data/flame3/Fire/Thermal/Raw JPG/00023.JPG,441bac2c6df58de4d9b62004f895c90e9e5146b722d38816e75077f9a4936177,data/flame3/Fire/Thermal/Celsius TIFF/00023.TIFF,a4c910191b560b395bfae25f7437205e223f1dfcd8416213de297b2da63cf5db,project_support/artifacts/flame3_manual_smoke_v2/machine_labels/labels/masks/val/fire/00023.png,2bcbd82834f3f2c1f2b165ca2b587796f3534adc8250656a858edc374ed3d6ed,project_support/artifacts/flame3_manual_smoke_v2/machine_labels/labels/boundary_maps/val/fire/00023.png,9bdebf7130a5a725c394053fecc843e892d59fb468f6919d16b76be3081f84d7
val,fire/00024,Fire,00024,0,machine_partial,diagnostic_only_not_model_input,data/flame3/Fire/RGB/Corrected FOV/00024.JPG,9ea227bf1e9450392377db7507a525d659597dc685cb5976e61df7f3942aeaf0,data/flame3/Fire/Thermal/Raw JPG/00024.JPG,33047301b88ec143732796847a030a400f3110ae8587a189b6fd82d2635d9e5a,data/flame3/Fire/Thermal/Celsius TIFF/00024.TIFF,e8cfcaaca8d63c9ff269ec850d6a1779ea945759fc846f813df9b15683ab6d73,project_support/artifacts/flame3_manual_smoke_v2/machine_labels/labels/masks/val/fire/00024.png,a4c5983f12eb669a1531ec8915af2b13488b9c766c2650eadcdd7b52638aecde,project_support/artifacts/flame3_manual_smoke_v2/machine_labels/labels/boundary_maps/val/fire/00024.png,bb528b0a439096dd60ae12ee745ececdfb61118dde332f8b5f34c5ed4f1315d4
val,fire/00037,Fire,00037,0,machine_partial,diagnostic_only_not_model_input,data/flame3/Fire/RGB/Corrected FOV/00037.JPG,c4868367744a80a483a2ceaf97724af7ddabcdb5411416ef4c3bf060431432c5,data/flame3/Fire/Thermal/Raw JPG/00037.JPG,e15cc561e25eb8325560f72f5486b898bd2618b0724b4c2658ccabd3f1163159,data/flame3/Fire/Thermal/Celsius TIFF/00037.TIFF,1d1bc731582b9d1be5bc602b57076020d23c3c1ecfd60d370075bdb857a725e6,project_support/artifacts/flame3_manual_smoke_v2/machine_labels/labels/masks/val/fire/00037.png,9d3e467ddeb844baf0a8555e00cd83c8bc76d676f8820d900c5afa0350420c38,project_support/artifacts/flame3_manual_smoke_v2/machine_labels/labels/boundary_maps/val/fire/00037.png,cc75e87e226d4fb2ea70e30ffebc35266d84421c19750a57f7302937ecf0fdfd
val,fire/00042,Fire,00042,0,machine_partial,diagnostic_only_not_model_input,data/flame3/Fire/RGB/Corrected FOV/00042.JPG,a740816870286ad0f338145b99f8fc7c9df3c37a6a8015d59d1111ab7871cb91,data/flame3/Fire/Thermal/Raw JPG/00042.JPG,67228251a102cb015505e018f02e11f434cad084f082b69a41930ccf1563277f,data/flame3/Fire/Thermal/Celsius TIFF/00042.TIFF,34a2b1534b3d4191ca033bab4205a33eff5d28dd5e8fb238e013f988ce3a95d3,project_support/artifacts/flame3_manual_smoke_v2/machine_labels/labels/masks/val/fire/00042.png,931a7f991fa14a658580c7c170d8b9c096a85623bb97d08058445270c17b2581,project_support/artifacts/flame3_manual_smoke_v2/machine_labels/labels/boundary_maps/val/fire/00042.png,cb35029933cc7b1286193f59af713a994d66769b1a75e1a084c5dfdb202697ef
val,fire/00055,Fire,00055,0,machine_partial,diagnostic_only_not_model_input,data/flame3/Fire/RGB/Corrected FOV/00055.JPG,4549c00a16f9f27073913e5dd7896a12f9361595f0a481d1567ee211e8f23b63,data/flame3/Fire/Thermal/Raw JPG/00055.JPG,372317a6e665ea7d1740352818b3f2684e451edc1c3d167e5f9083ad45bd7aa2,data/flame3/Fire/Thermal/Celsius TIFF/00055.TIFF,7131678074a2d416c4f8ec352c9f867315a8f5c53af6ad2e33cd5d439852cc0e,project_support/artifacts/flame3_manual_smoke_v2/machine_labels/labels/masks/val/fire/00055.png,7002cc326a867dffabe08761e6df955292927e564f7b4cc4b02ea2ada0495260,project_support/artifacts/flame3_manual_smoke_v2/machine_labels/labels/boundary_maps/val/fire/00055.png,5ff889816bd1d01366c0034133402c84915bfcdc31c3381fb19469222c904a93
val,fire/00057,Fire,00057,0,machine_partial,diagnostic_only_not_model_input,data/flame3/Fire/RGB/Corrected FOV/00057.JPG,ea38ccbfe881896e9d02ac3699f12b69dceb93b855c15658d3992543d633e1a5,data/flame3/Fire/Thermal/Raw JPG/00057.JPG,1495957b790f9ba8e57625314d0a69293908235154d8a75db4fb8a4526dc11e3,data/flame3/Fire/Thermal/Celsius TIFF/00057.TIFF,385cea05e1106b842ae24232c4ea599d1e3a38fe7568ca02b215e757c9cff200,project_support/artifacts/flame3_manual_smoke_v2/machine_labels/labels/masks/val/fire/00057.png,9ff6cd14bc04330d45b32eae6d97ada3a72c3cb49d86339f2c52f29278937ba0,project_support/artifacts/flame3_manual_smoke_v2/machine_labels/labels/boundary_maps/val/fire/00057.png,08a9a16202758c10fa1843cfd73321f02c2bcdfc37ebf5dd8c2a29b774b31b88
val,fire/00063,Fire,00063,0,machine_partial,diagnostic_only_not_model_input,data/flame3/Fire/RGB/Corrected FOV/00063.JPG,b3e8cc673e816a1f4c7329fd82b46d737f80f3b4b6a4097690cccf47e733ccd3,data/flame3/Fire/Thermal/Raw JPG/00063.JPG,35f5a924bd8acb22f61012b180d00e62b772b2087f60cb4094c65c2cc5b3b8af,data/flame3/Fire/Thermal/Celsius TIFF/00063.TIFF,363390d7f1d0022e02bfa8765f216b73bfca8989cbdd25c2a05325c747c10750,project_support/artifacts/flame3_manual_smoke_v2/machine_labels/labels/masks/val/fire/00063.png,6d0c200f1a6ef0c98c2fa0b5a8c06306eb3c911b966fb34ba3cb2a2b287c3b4a,project_support/artifacts/flame3_manual_smoke_v2/machine_labels/labels/boundary_maps/val/fire/00063.png,b89cd8a10de63a735cbd7714b458ceb2c48688770f112eef4e65eb1f208d064a
val,fire/00065,Fire,00065,0,machine_partial,diagnostic_only_not_model_input,data/flame3/Fire/RGB/Corrected FOV/00065.JPG,516515fd2d7402a259fe882a286b9e7770b0ca9bbbafcbb730eeaabab10b9bd6,data/flame3/Fire/Thermal/Raw JPG/00065.JPG,bd82e25616006958d7012fc3fcdba6b03a05225d7a1e925d415bc52222713db8,data/flame3/Fire/Thermal/Celsius TIFF/00065.TIFF,5003fb806a7bd1b946f81c112ff663529b2d486e230631a1c7e7c96f527fbcb1,project_support/artifacts/flame3_manual_smoke_v2/machine_labels/labels/masks/val/fire/00065.png,fb18bd37161427239d945eda8be7d5efe715724c60b5be3258b50a3bd7fb9891,project_support/artifacts/flame3_manual_smoke_v2/machine_labels/labels/boundary_maps/val/fire/00065.png,699c9e2282e280b9c9b5f2f1cd59f72511003687d7e72d5389ced6fa5929a8d9
val,fire/00066,Fire,00066,0,machine_partial,diagnostic_only_not_model_input,data/flame3/Fire/RGB/Corrected FOV/00066.JPG,224947d39f3da681eb8fe5929e5e35a635cc22e7b245f1787c369ebcbb6703dd,data/flame3/Fire/Thermal/Raw JPG/00066.JPG,5c62016065149f9252aef93f44b2e462a9aec31fff2acb9f2922a8d1fdd3aa16,data/flame3/Fire/Thermal/Celsius TIFF/00066.TIFF,a111470312da958c190a874bd32bdae28a36d712c6cc19970f39c78943faeb54,project_support/artifacts/flame3_manual_smoke_v2/machine_labels/labels/masks/val/fire/00066.png,451525d236a28df6f845584496b62c989f92d4d3df3bb578393ffc976a336f60,project_support/artifacts/flame3_manual_smoke_v2/machine_labels/labels/boundary_maps/val/fire/00066.png,d8dff36fa637029694c20f6a44437654b73308bf252acee5564343812189e252
val,fire/00075,Fire,00075,0,machine_partial,diagnostic_only_not_model_input,data/flame3/Fire/RGB/Corrected FOV/00075.JPG,65d07fda878dfed550c66926f4d0999214f0d2a7a584bb79f9730abf28bf9ced,data/flame3/Fire/Thermal/Raw JPG/00075.JPG,152cadd21d2c35cfdca04c45eaaf0573b186f0f7adff12eab9d3843f613aac16,data/flame3/Fire/Thermal/Celsius TIFF/00075.TIFF,bbdeafdbca508e7dc770ee614ce0ebbee6827ebca009419ef7a534a73f9cac49,project_support/artifacts/flame3_manual_smoke_v2/machine_labels/labels/masks/val/fire/00075.png,ef15ef529180c5d997003a467a90f1d3ec166ad723f103a3b30b371e025292fd,project_support/artifacts/flame3_manual_smoke_v2/machine_labels/labels/boundary_maps/val/fire/00075.png,05bef103662a16fe2244ec2e50da3ca4fe5d578c3a693bf30b025a068d88ca67
val,fire/00077,Fire,00077,0,machine_partial,diagnostic_only_not_model_input,data/flame3/Fire/RGB/Corrected FOV/00077.JPG,18a7fa0f3ca03276c47c2f44db8dcf884fa8312ec384480f39e978f6e1cf69f5,data/flame3/Fire/Thermal/Raw JPG/00077.JPG,74b458e7dfe702575c92cfc120c5e592cda3193d67fe691cdd938cc83a076f5d,data/flame3/Fire/Thermal/Celsius TIFF/00077.TIFF,4503d5af94c6de8161c3a11a65fc58c065b0e529ae54d287ce64643778e635a4,project_support/artifacts/flame3_manual_smoke_v2/machine_labels/labels/masks/val/fire/00077.png,8c43d21b0435c984f561f8eabcd4f45a595e494616dab610adfbce3359c98ff8,project_support/artifacts/flame3_manual_smoke_v2/machine_labels/labels/boundary_maps/val/fire/00077.png,794232692fc3658db9271b3cda1544ed4d39dca0a0c78caa1b510cd6aadfc2d2
val,fire/00086,Fire,00086,0,machine_partial,diagnostic_only_not_model_input,data/flame3/Fire/RGB/Corrected FOV/00086.JPG,0aac34e14271b61244fba80c37698c61ca11b6ee44c58598dd0479b9bd018ae1,data/flame3/Fire/Thermal/Raw JPG/00086.JPG,835bb1d6077c5990ffc7261096d80a2b27d484fe74af589281087f0ba4a90284,data/flame3/Fire/Thermal/Celsius TIFF/00086.TIFF,b8bea1244698b9654e39ad9339fbd037e96fbd77be7d8700b607139c2137dce0,project_support/artifacts/flame3_manual_smoke_v2/machine_labels/labels/masks/val/fire/00086.png,9641e0da8f01dc6ed88536f46703f23baa8c704b2f1c7d253eb2d78b052ecb30,project_support/artifacts/flame3_manual_smoke_v2/machine_labels/labels/boundary_maps/val/fire/00086.png,08e89a7c94af9c307934923083803b3cf6244799b686716eb1c36a5bf5c1f9d8
val,fire/00103,Fire,00103,0,machine_partial,diagnostic_only_not_model_input,data/flame3/Fire/RGB/Corrected FOV/00103.JPG,85d7504fbf64792143cd262a22e65c26b97aed5a03f06318626efd7100aab057,data/flame3/Fire/Thermal/Raw JPG/00103.JPG,82566f1a4ce1bb4cf2e6b97fe2916f80dabcc9ca07afda49b2436dca36744e7e,data/flame3/Fire/Thermal/Celsius TIFF/00103.TIFF,6801f73703289284e9f41aa58ec851145895ef31ee84dcbf986e38bafc093781,project_support/artifacts/flame3_manual_smoke_v2/machine_labels/labels/masks/val/fire/00103.png,20557e34ddbba96ccea8c24ba8a5ea72ce3187ecaa5883ca3399a725056a6f97,project_support/artifacts/flame3_manual_smoke_v2/machine_labels/labels/boundary_maps/val/fire/00103.png,fc0a080bd4acde69257c190a9f5b0c258fa5a4e5caeb2165f32f2fb6bd832092
val,fire/00105,Fire,00105,0,machine_partial,diagnostic_only_not_model_input,data/flame3/Fire/RGB/Corrected FOV/00105.JPG,4a2515d1cf7ae90c6db9006e3ca2cde81082f2dabdfa66f25ebdded84a20b7bb,data/flame3/Fire/Thermal/Raw JPG/00105.JPG,8609602ac9308b707857f5b057e2043affc3884a417b06a3ce3d5e5b10526667,data/flame3/Fire/Thermal/Celsius TIFF/00105.TIFF,ded900877c110d4d3037754b5e4350e2ecf5824bbaa51c2ab7a416b519caa859,project_support/artifacts/flame3_manual_smoke_v2/machine_labels/labels/masks/val/fire/00105.png,a8771993ac68392a0365594331f38a172b659e2026b475235ce417955b7d594b,project_support/artifacts/flame3_manual_smoke_v2/machine_labels/labels/boundary_maps/val/fire/00105.png,18a827521685e07db53121ec34ace533114e66476b9b1e4b34dfbce733a85d99
val,fire/00110,Fire,00110,0,machine_partial,diagnostic_only_not_model_input,data/flame3/Fire/RGB/Corrected FOV/00110.JPG,6c7a777026ea861bbea96a4c9dc2432ec50d607138410775e5ba01b1f8123173,data/flame3/Fire/Thermal/Raw JPG/00110.JPG,368273f8bfaabe36b67698799c90e8707a83cc9027690f3d978d0a4f08509510,data/flame3/Fire/Thermal/Celsius TIFF/00110.TIFF,0e50f31bdaf516860ea1233fd391eb65f019d51090e5242c169e3f126aec5012,project_support/artifacts/flame3_manual_smoke_v2/machine_labels/labels/masks/val/fire/00110.png,9cd38c46ef217785eafef0b0eaa55453261bd4c4219572ca4d0b6d4dd9fd3473,project_support/artifacts/flame3_manual_smoke_v2/machine_labels/labels/boundary_maps/val/fire/00110.png,151979cb264c7d14e4896ff65db190bc776b5b85fc67d5f7a47c61da90861ac9
val,fire/00111,Fire,00111,0,machine_partial,diagnostic_only_not_model_input,data/flame3/Fire/RGB/Corrected FOV/00111.JPG,0818a423bd64e0b45c31c774d882b750921240bb895cdb2c040b690fd18b40e7,data/flame3/Fire/Thermal/Raw JPG/00111.JPG,4cbc88586c1fd9c54796824662f361195989b451b74d24c5b6e21ef25ae2191d,data/flame3/Fire/Thermal/Celsius TIFF/00111.TIFF,ae1e4a5b2ea70d732ae1b51ad85124e56529d37d201c98aac0777e3e74a37848,project_support/artifacts/flame3_manual_smoke_v2/machine_labels/labels/masks/val/fire/00111.png,d5f5d46d55659ca70441888065c247362614a0986e10aaf71731f3c019e4b514,project_support/artifacts/flame3_manual_smoke_v2/machine_labels/labels/boundary_maps/val/fire/00111.png,ed42325ae5ae228faa28cc4d1ce0ccbf6c872033a9cf1fc38cb161772edb7b90
val,fire/00131,Fire,00131,0,machine_partial,diagnostic_only_not_model_input,data/flame3/Fire/RGB/Corrected FOV/00131.JPG,ebaeb35c74ced9bf01f4d57dd2cfb76af723e9b764a6278f972a87bb6db0ef2d,data/flame3/Fire/Thermal/Raw JPG/00131.JPG,4857a81954aa3ea847444332c6363b001e5ccaf79a1246076d4a8704640c18c5,data/flame3/Fire/Thermal/Celsius TIFF/00131.TIFF,9f8a9143eb63c6bc41d17c4e41f1c4adf22c1bbca4a723b6ac32ee5f6327e7b4,project_support/artifacts/flame3_manual_smoke_v2/machine_labels/labels/masks/val/fire/00131.png,7b6eeef2db451dc2ce9eaf92745df8419f6686cb3271efc84195ed906ca6cd51,project_support/artifacts/flame3_manual_smoke_v2/machine_labels/labels/boundary_maps/val/fire/00131.png,ac66ca53469e6e8d122fe1a27227929a739e284f21eebefa205612df40a59b89
val,fire/00151,Fire,00151,0,machine_partial,diagnostic_only_not_model_input,data/flame3/Fire/RGB/Corrected FOV/00151.JPG,414f65a026232bbc85396d28fe70e2cbf128b25b2c9b8a55c90c6d0b38b20ae8,data/flame3/Fire/Thermal/Raw JPG/00151.JPG,76d89fc1b60f7ab031aebe90624e9539cf32fb559704d1d1edfea7440a6c49df,data/flame3/Fire/Thermal/Celsius TIFF/00151.TIFF,c82cbe161d32361b7cc344cda966050e1d6d2ccfa198b81d8edc49656de6578d,project_support/artifacts/flame3_manual_smoke_v2/machine_labels/labels/masks/val/fire/00151.png,974e29a163e857647dd221a8c415b113b22bfbc843e20654ae91bdc5d244f126,project_support/artifacts/flame3_manual_smoke_v2/machine_labels/labels/boundary_maps/val/fire/00151.png,5070009d30aaa7af6a37c45ca75b354ee12e9d291c991f91baf77e4055a65cb9
val,fire/00163,Fire,00163,0,machine_partial,diagnostic_only_not_model_input,data/flame3/Fire/RGB/Corrected FOV/00163.JPG,f86507ad8defb3d59f5889c8ac5dc934be89fa3ecdeb8724cc96541469ce5cff,data/flame3/Fire/Thermal/Raw JPG/00163.JPG,7213ae55f62f1283c28c24d531617bb054df49055a3ca16e68d4aa3a1f27f457,data/flame3/Fire/Thermal/Celsius TIFF/00163.TIFF,ece19f5adf8c7c8b88105f53475a3c0021f0e38060ab0c131c3d7c7497d4979c,project_support/artifacts/flame3_manual_smoke_v2/machine_labels/labels/masks/val/fire/00163.png,a4e353e06023c454378748606fd10f6edc8f186c8d0731ec0f2be2119a653587,project_support/artifacts/flame3_manual_smoke_v2/machine_labels/labels/boundary_maps/val/fire/00163.png,33410e1d9d58f9375e198055628c216b92bc1e1967147d5162d3ed239bc88d2d
val,fire/00181,Fire,00181,0,machine_partial,diagnostic_only_not_model_input,data/flame3/Fire/RGB/Corrected FOV/00181.JPG,001e377c450fe89f518269f7dfd7253a93eba2ce8a81031287662934146e0e4c,data/flame3/Fire/Thermal/Raw JPG/00181.JPG,8a27b609eb1a8ffdb4b6d22e40253bdf84c24e6ba37306b32c04701085e182c4,data/flame3/Fire/Thermal/Celsius TIFF/00181.TIFF,63713413589923e0ee4e17a46ddb9eda1024932fece5f0133293552ff02bdaee,project_support/artifacts/flame3_manual_smoke_v2/machine_labels/labels/masks/val/fire/00181.png,864adaf380916f9bdc6d3854374ddbcebc4178928a118299c8b9ec379656e04d,project_support/artifacts/flame3_manual_smoke_v2/machine_labels/labels/boundary_maps/val/fire/00181.png,b634ef57a2bb2df52ff4a21c19b6fec6f07754fde797367e3f6a992b17178390
val,fire/00183,Fire,00183,0,machine_partial,diagnostic_only_not_model_input,data/flame3/Fire/RGB/Corrected FOV/00183.JPG,0da3026c53e363d000b321d3a7828c3e98319402d6a347eaedb365d7e5196d73,data/flame3/Fire/Thermal/Raw JPG/00183.JPG,80bab4f3015cc1c960319b7041a2bee92003607dec22655cfe657daec013f208,data/flame3/Fire/Thermal/Celsius TIFF/00183.TIFF,3ff65a9d74695efc5b209b9f27ecf519186e59db7d761b7fe76f66195b63de14,project_support/artifacts/flame3_manual_smoke_v2/machine_labels/labels/masks/val/fire/00183.png,40a5a37f9c16a297282b36fe832b1b1eecaca4e4ef5e56b9e8fa75f1157587e0,project_support/artifacts/flame3_manual_smoke_v2/machine_labels/labels/boundary_maps/val/fire/00183.png,c1c32c618387da663e2fc467c7deb6cdb315bb263e3c56902e15a7525878e892
val,fire/00184,Fire,00184,0,machine_partial,diagnostic_only_not_model_input,data/flame3/Fire/RGB/Corrected FOV/00184.JPG,5feeb29c9693b0d7a6d63df93150719ca97e4920d7d767890bac19c7c4d711c1,data/flame3/Fire/Thermal/Raw JPG/00184.JPG,05033367ab2806cae2be2a7de9ed1989d5055d69b613fd573e4db2f555cc6989,data/flame3/Fire/Thermal/Celsius TIFF/00184.TIFF,e22e334921c6632831b5b19ab7ebfece291bec894160259603767a006fce6629,project_support/artifacts/flame3_manual_smoke_v2/machine_labels/labels/masks/val/fire/00184.png,afad45a338ec80e13af297941369a1ce504903142e8055a35bf31c95cce608ed,project_support/artifacts/flame3_manual_smoke_v2/machine_labels/labels/boundary_maps/val/fire/00184.png,9f8cf7395b841cca7aa7132b9e304f5b2d0dbaaf7620a498137f905c7273fa67
val,fire/00187,Fire,00187,0,machine_partial,diagnostic_only_not_model_input,data/flame3/Fire/RGB/Corrected FOV/00187.JPG,8c08a7c3747b479ff28d07a0a28d46e4fd3a4c7866975e6327838c4acc0652d0,data/flame3/Fire/Thermal/Raw JPG/00187.JPG,26b545926f83bc9485891b703c9eca849d32cd892c4a038f794ffae28f621869,data/flame3/Fire/Thermal/Celsius TIFF/00187.TIFF,bbee45cd1ee4788a1a4a76eecb25e27616a1a743c31be455c98fb3ed55de66a8,project_support/artifacts/flame3_manual_smoke_v2/machine_labels/labels/masks/val/fire/00187.png,de5988bbbad2c46c7816d1cc08da79244d61af6e65dbee312ffe9e4b30dc64e2,project_support/artifacts/flame3_manual_smoke_v2/machine_labels/labels/boundary_maps/val/fire/00187.png,6796459a971b6bbc2247346b615fd32c1916ad7c2055f3af0ff83fb801ba8c81
val,fire/00191,Fire,00191,0,machine_partial,diagnostic_only_not_model_input,data/flame3/Fire/RGB/Corrected FOV/00191.JPG,c3096ddbd99898db775d5c480c62ba7d850a36f48acdf6d446aa56165b35ebb7,data/flame3/Fire/Thermal/Raw JPG/00191.JPG,06360e8b4f7b0434a39f7e3297ef5bc0f6b9e0d8e619b2f045988a9ee582e685,data/flame3/Fire/Thermal/Celsius TIFF/00191.TIFF,a44e71a70348d58d09cf2dd223057cffe0338e33cbe0643922920ab09c4c75b1,project_support/artifacts/flame3_manual_smoke_v2/machine_labels/labels/masks/val/fire/00191.png,fdde84c3b052d205079cefc4fc2fa28ba3c2b8999eb8b18ae87ee32f050eb5e7,project_support/artifacts/flame3_manual_smoke_v2/machine_labels/labels/boundary_maps/val/fire/00191.png,8dd22c6bcf9a2880a871edfb33b392f09348b18223028a4963781427d0b78ba5
val,fire/00194,Fire,00194,0,machine_partial,diagnostic_only_not_model_input,data/flame3/Fire/RGB/Corrected FOV/00194.JPG,57a54da0a4944597b9e502278fb1fc2a8df4ce80bc3308be5621d8a493120b23,data/flame3/Fire/Thermal/Raw JPG/00194.JPG,1822b9b59ff5eabcf23af1083135f4793775117adf779c8e523b9da40614c30a,data/flame3/Fire/Thermal/Celsius TIFF/00194.TIFF,75d581c03ea25dadd2927580f2e016a0f3409ade39b702f20e87413155bf4759,project_support/artifacts/flame3_manual_smoke_v2/machine_labels/labels/masks/val/fire/00194.png,3daee820b7abaea26355406e8e2c5303e8db840994699d36be6ea4b32a93f2cf,project_support/artifacts/flame3_manual_smoke_v2/machine_labels/labels/boundary_maps/val/fire/00194.png,2ef4ac44075ed2219c4fbc2cb6d581c65af271d92adcd8a1e298fe8da9145994
val,fire/00197,Fire,00197,0,machine_partial,diagnostic_only_not_model_input,data/flame3/Fire/RGB/Corrected FOV/00197.JPG,acd4952dfd3688cb77fe4c72fb61b4d2a76764d4606f0ebe46fc39b78dc807f1,data/flame3/Fire/Thermal/Raw JPG/00197.JPG,47eda211257dd6fa4c49739ceb562c7c989f68b427038d31623d97e727cda597,data/flame3/Fire/Thermal/Celsius TIFF/00197.TIFF,f4f900b24c0222c7b76fbbbdb208ffcad1b10359e86edae9bcc18b941e1fdfeb,project_support/artifacts/flame3_manual_smoke_v2/machine_labels/labels/masks/val/fire/00197.png,89237273f1e7de291684c51eee1d48d964f44fd78265e2ed9644cfa906512c93,project_support/artifacts/flame3_manual_smoke_v2/machine_labels/labels/boundary_maps/val/fire/00197.png,999d2dde3596da86fd921c5d8b228ca25b95469af17e8b733656185a2ad4f7c3
val,fire/00206,Fire,00206,0,machine_partial,diagnostic_only_not_model_input,data/flame3/Fire/RGB/Corrected FOV/00206.JPG,44563b49b90106db1eab9101a7d8ed6d42b4a753f3434b13cea3220f4bbb72f4,data/flame3/Fire/Thermal/Raw JPG/00206.JPG,c5ae13c9008dcdcca78ea381edfbe73ed59b6e10061b3884afd30a911fe6dc5a,data/flame3/Fire/Thermal/Celsius TIFF/00206.TIFF,7d66a099b6f7fd8fce1013d48a734b0a7d66159192915a16cb043e7a3c04b5dc,project_support/artifacts/flame3_manual_smoke_v2/machine_labels/labels/masks/val/fire/00206.png,57638da9fb22b105125f0350f2fa63d1c68361bfe1a863e1b141c1cf15236379,project_support/artifacts/flame3_manual_smoke_v2/machine_labels/labels/boundary_maps/val/fire/00206.png,84aa59f130b973afe2ee6015e5d5169f650874800858114418be56e0995bfafc
val,fire/00222,Fire,00222,0,machine_partial,diagnostic_only_not_model_input,data/flame3/Fire/RGB/Corrected FOV/00222.JPG,30e1253b5b58ee27ff05c6e590309118601d6b86a0e64b302118f40b5425731e,data/flame3/Fire/Thermal/Raw JPG/00222.JPG,fe82a33b2262888a9b1edcb5be69619d826d60fc5e2403898ace028ea9ed3893,data/flame3/Fire/Thermal/Celsius TIFF/00222.TIFF,dbf0092441bd5b89943f87258671654c8b00411f8b00cff7ad1dc7e07a395138,project_support/artifacts/flame3_manual_smoke_v2/machine_labels/labels/masks/val/fire/00222.png,922fe543e2940faaa1ab34ee28dfbaa156134c204e21dbdb883017a801974bdd,project_support/artifacts/flame3_manual_smoke_v2/machine_labels/labels/boundary_maps/val/fire/00222.png,914444271fc19ebffe1764b0e44d93af8609d6a6c0d63673dbd21871fd158a44
val,fire/00223,Fire,00223,0,machine_partial,diagnostic_only_not_model_input,data/flame3/Fire/RGB/Corrected FOV/00223.JPG,8ef558cb3f8141cee988061edfeb19f1d64e4f998007cac03786250d9e9502ec,data/flame3/Fire/Thermal/Raw JPG/00223.JPG,cd3c3da2175f9c09d8b6625d5142f4b5551d6f60f2b3b9b0120f11c9fb2065f3,data/flame3/Fire/Thermal/Celsius TIFF/00223.TIFF,1d108934fa238547a0fa440bb9d1812e132c416e904b62cad0444d941a6b7cfa,project_support/artifacts/flame3_manual_smoke_v2/machine_labels/labels/masks/val/fire/00223.png,dc0fd7737da480661934a2537d583e3e97318aeae484bdb9c6d74c25c922ada4,project_support/artifacts/flame3_manual_smoke_v2/machine_labels/labels/boundary_maps/val/fire/00223.png,397ee85fad7e7bfb3056408b3edcde67c109468c83157e9de4c9756007527acc
val,fire/00232,Fire,00232,0,machine_partial,diagnostic_only_not_model_input,data/flame3/Fire/RGB/Corrected FOV/00232.JPG,e71a588f9066001722fec1653b62a61f89eb663a02e7cf0b5c6040db7638ba38,data/flame3/Fire/Thermal/Raw JPG/00232.JPG,7809c047bd049bdbe6b34b2f1200e7fc3713d281ce2cc259f7990c65b5b788f8,data/flame3/Fire/Thermal/Celsius TIFF/00232.TIFF,163ebfe1fe90a66bb72df06bfb752093e7d70d203fe28541b1c500e9345922f6,project_support/artifacts/flame3_manual_smoke_v2/machine_labels/labels/masks/val/fire/00232.png,2c47ee97dfd17f51bd03e71aa33326639a3b2b8a8fb90b74650f0f08b63e280b,project_support/artifacts/flame3_manual_smoke_v2/machine_labels/labels/boundary_maps/val/fire/00232.png,de30cd12f67dc693b5194354e87c9b806d5c3fadeb12054155f0e26a57ce70b4
val,fire/00245,Fire,00245,0,machine_partial,diagnostic_only_not_model_input,data/flame3/Fire/RGB/Corrected FOV/00245.JPG,b7309292e74be82e14926b8c710c54a37e2fbcf3bd7f28f817f6200f613fa18d,data/flame3/Fire/Thermal/Raw JPG/00245.JPG,fdb5e8db1b9adccd81cacedf851b6d8b41a7037b92183fc5de2bd4c4e7598f1b,data/flame3/Fire/Thermal/Celsius TIFF/00245.TIFF,65d918a88ab0db044001a7ede46f4cbd05b6510985964ab385564859a24f675c,project_support/artifacts/flame3_manual_smoke_v2/machine_labels/labels/masks/val/fire/00245.png,bd7810d757fc55c146539eb0afc0762eae865b7f93f76d79e334ec2a35d65f85,project_support/artifacts/flame3_manual_smoke_v2/machine_labels/labels/boundary_maps/val/fire/00245.png,851e425792a4feb5c86dfe0304f3793dd9b5bb34646df67f6158d6d764a705d9
val,fire/00249,Fire,00249,0,machine_partial,diagnostic_only_not_model_input,data/flame3/Fire/RGB/Corrected FOV/00249.JPG,68d7903618778dd2a5e334e3c0249e65b390fdf5c7672e0638a6cb80cc9254e6,data/flame3/Fire/Thermal/Raw JPG/00249.JPG,6577ca55ee30a4079a0ce52d7d5f3d850deb502ef35296f7f974a765606bd0fa,data/flame3/Fire/Thermal/Celsius TIFF/00249.TIFF,1b0bb66b2eb1902bbd3ac1df7da4cb071fd279e2ebea23237580a3e15ac77bbb,project_support/artifacts/flame3_manual_smoke_v2/machine_labels/labels/masks/val/fire/00249.png,ee3f6c4ecf657ce6dbd53a0f9075281f23ed94d892f971df8f0cfa48d2d87e2f,project_support/artifacts/flame3_manual_smoke_v2/machine_labels/labels/boundary_maps/val/fire/00249.png,93baa477feb33c2674e9153d49fdbf3ce0750324f5bb0828d0bdf259dd3eaf93
val,fire/00256,Fire,00256,0,machine_partial,diagnostic_only_not_model_input,data/flame3/Fire/RGB/Corrected FOV/00256.JPG,484538afd3c5ccb9ef325a63022c857293d0c973aa4bdedec12c530addcabd33,data/flame3/Fire/Thermal/Raw JPG/00256.JPG,404338d9fee22796bc3d4db8d561a7d856a742b5971333035bbf1c537f7eef8f,data/flame3/Fire/Thermal/Celsius TIFF/00256.TIFF,3cae8cded25db3ed1d8dd8f62725640a8f35777a94f350b6c571d9a4871b7edd,project_support/artifacts/flame3_manual_smoke_v2/machine_labels/labels/masks/val/fire/00256.png,0cf6069f5104b3c302904d646ba7367bf8cf5617d6a43437c679c949da5e99bb,project_support/artifacts/flame3_manual_smoke_v2/machine_labels/labels/boundary_maps/val/fire/00256.png,9b3b409614b7cc9b08c1da45cab0924620922b81ea4a157812e3585fbb99b441
val,fire/00257,Fire,00257,0,machine_partial,diagnostic_only_not_model_input,data/flame3/Fire/RGB/Corrected FOV/00257.JPG,f2e99aef2d74acd022a8b9248ca49edb45c1264f1790be1c8cc11b3d976c759f,data/flame3/Fire/Thermal/Raw JPG/00257.JPG,9b261cbcb1a093953b4b7023d988739bab7c019c41438e264b88df4e983d4bdd,data/flame3/Fire/Thermal/Celsius TIFF/00257.TIFF,20b7ce66a6374dcdf00aea562b0fc0fdcc150c6ad79f56a1ebba4ec95711afc6,project_support/artifacts/flame3_manual_smoke_v2/machine_labels/labels/masks/val/fire/00257.png,f91cf90dd4bc45344d4ec131f7d09a4aa6dc0a6e5f9ba82ea9f1dfa283034679,project_support/artifacts/flame3_manual_smoke_v2/machine_labels/labels/boundary_maps/val/fire/00257.png,7b8688edd670c4b1f2bf8387798324ea00e1d91fdf627976528b8d983baec8d0
val,fire/00259,Fire,00259,0,machine_partial,diagnostic_only_not_model_input,data/flame3/Fire/RGB/Corrected FOV/00259.JPG,56506db726059fb160d7f3fbb5572705648234d226e33b88cf9de7f8be571a49,data/flame3/Fire/Thermal/Raw JPG/00259.JPG,20a3e6fcef47d3606f01afe59ddf7a4fc45d97bfc0e40eb6e10c09b901b44b15,data/flame3/Fire/Thermal/Celsius TIFF/00259.TIFF,2371d759832a15f29e8aefb1823b09672a162ec0622efa43255c7f5a2112473a,project_support/artifacts/flame3_manual_smoke_v2/machine_labels/labels/masks/val/fire/00259.png,b38ef92bba5d9698e89f206992a17291337f2a4831bdfea314e00c424bc18a8f,project_support/artifacts/flame3_manual_smoke_v2/machine_labels/labels/boundary_maps/val/fire/00259.png,98628d34b717f0d142c88b41e44b6d6dfc9eb6a195f5d0745c254bbc4e5ee2fc
val,fire/00263,Fire,00263,0,machine_partial,diagnostic_only_not_model_input,data/flame3/Fire/RGB/Corrected FOV/00263.JPG,c95d81d8549a3dcca4d184fd7b6ccadec1637b5da5e7cb9c1d89c14a5acbed4f,data/flame3/Fire/Thermal/Raw JPG/00263.JPG,724a325a0d963ca090e831c4fb15521d8e0d6646dec725c8bd9724c25724b956,data/flame3/Fire/Thermal/Celsius TIFF/00263.TIFF,1b323d6c66b3bfccfb056718e23c24616af40a5fed9e0ec7aec4318aa1c25921,project_support/artifacts/flame3_manual_smoke_v2/machine_labels/labels/masks/val/fire/00263.png,565c79e38cdc3a6314bedba33f330d3fb5a011750700db78fd71f00e7c7bf160,project_support/artifacts/flame3_manual_smoke_v2/machine_labels/labels/boundary_maps/val/fire/00263.png,ba03c7076d1fcb24fabce40f395e46e141698820ff80861d84b44658744e011b
val,fire/00269,Fire,00269,0,machine_partial,diagnostic_only_not_model_input,data/flame3/Fire/RGB/Corrected FOV/00269.JPG,4372b31219525409ac3e227d7f28b0ccab98ce44b3492073dcd687c70b815062,data/flame3/Fire/Thermal/Raw JPG/00269.JPG,3534374fe76e1bfbe6cc72ae96df8f79f1c5fa012f0456bd366f95b767a0e7b4,data/flame3/Fire/Thermal/Celsius TIFF/00269.TIFF,29d8571d76756800191f79fe2cfa277f5560642bd96a60062baa41e434886df0,project_support/artifacts/flame3_manual_smoke_v2/machine_labels/labels/masks/val/fire/00269.png,dfa98f1b9a3f67f6ccbf376c9c8ad3e2f2cd4565a47eda9a3198456321cc01fe,project_support/artifacts/flame3_manual_smoke_v2/machine_labels/labels/boundary_maps/val/fire/00269.png,f29ef2037def6824bca7c7724f32200e174954358054f7dffcc2d3bbaec519fd
val,fire/00274,Fire,00274,0,machine_partial,diagnostic_only_not_model_input,data/flame3/Fire/RGB/Corrected FOV/00274.JPG,d5f1feff97e0636bb967f136a6ea0c16d2c2d0a9a997ebe96c1f975f1e8edfc9,data/flame3/Fire/Thermal/Raw JPG/00274.JPG,9f2e230a79a71a6ebbeeaf11ffa62151685fe63043ce8498c9c6d9ffbae38248,data/flame3/Fire/Thermal/Celsius TIFF/00274.TIFF,b373a256375ecb38cbc168810e14bcff2c45db089730d763deb10cfb33af3f02,project_support/artifacts/flame3_manual_smoke_v2/machine_labels/labels/masks/val/fire/00274.png,d3fda7752ed6eb196aa1906e8b7e950d4705a54a2e6b790c34239064be1f8390,project_support/artifacts/flame3_manual_smoke_v2/machine_labels/labels/boundary_maps/val/fire/00274.png,733eba7705ab3daa8e8c980ac6545f41c20f824f9151b027e2da5eff475cf745
val,fire/00278,Fire,00278,0,machine_partial,diagnostic_only_not_model_input,data/flame3/Fire/RGB/Corrected FOV/00278.JPG,2448c1c1cc192801f6f2446fcc96021221577524c954039d0f0135c9be70dcd8,data/flame3/Fire/Thermal/Raw JPG/00278.JPG,b91f02366d7c04bcef677c23f72772054a801b4205a0bbf529bd97d37defe9e9,data/flame3/Fire/Thermal/Celsius TIFF/00278.TIFF,7ef3d9080fe7af6a36624346e085a7a1f66133b54584c20321bcfd53669b0843,project_support/artifacts/flame3_manual_smoke_v2/machine_labels/labels/masks/val/fire/00278.png,5713da197f5353336cfa3dd55be8fd3c3670f191f5c52ab60b045db00b05bf36,project_support/artifacts/flame3_manual_smoke_v2/machine_labels/labels/boundary_maps/val/fire/00278.png,3113425e34f52ea880c070e519a6d2ee312b9febb013bae5b0cbfba97101bff5
val,fire/00280,Fire,00280,0,machine_partial,diagnostic_only_not_model_input,data/flame3/Fire/RGB/Corrected FOV/00280.JPG,3ebd8d6b1012317975bb0821aae782ac92a349bd7ee937f80a0555b13c8a89a4,data/flame3/Fire/Thermal/Raw JPG/00280.JPG,910fb59b96a7a4e777794c0e04a28e5280c77e5befc8a26fdf68e03d2214ddc5,data/flame3/Fire/Thermal/Celsius TIFF/00280.TIFF,7f5b8f52e83366537c161b353cd17f680da9b89bcb46f29e50c2b639513602ca,project_support/artifacts/flame3_manual_smoke_v2/machine_labels/labels/masks/val/fire/00280.png,7df9a6ff161d1fbe4ee4a6a891f38df6085dab8aa37c9659c87f2d613460f491,project_support/artifacts/flame3_manual_smoke_v2/machine_labels/labels/boundary_maps/val/fire/00280.png,b28b84f631efefc9bc6dc8b80c93f61cf96c88f7aa99e34e9884d8bb87f88b82
val,fire/00284,Fire,00284,0,machine_partial,diagnostic_only_not_model_input,data/flame3/Fire/RGB/Corrected FOV/00284.JPG,ac479822316824e209e9dd79aae3364ab6de88a09913e4fb00695d2c082c4770,data/flame3/Fire/Thermal/Raw JPG/00284.JPG,233c53575e70e6ece32027160000e2f1ab4e63d281c8ab37092d08c9e428dc30,data/flame3/Fire/Thermal/Celsius TIFF/00284.TIFF,20f88448084803e8fbbb98ecafd2b97e6abc4ea61d2ae61e1f9d51880ac647b8,project_support/artifacts/flame3_manual_smoke_v2/machine_labels/labels/masks/val/fire/00284.png,a1cfb5ec55db77c6e32319d7010c874da20f50ad2c4588744783d503fff701e0,project_support/artifacts/flame3_manual_smoke_v2/machine_labels/labels/boundary_maps/val/fire/00284.png,d0110bdf96e058a24c573a4ca419769af90b5c3c9c0a9c4de1f9deb3bacc0f3a
val,fire/00288,Fire,00288,0,machine_partial,diagnostic_only_not_model_input,data/flame3/Fire/RGB/Corrected FOV/00288.JPG,d430afcb0ff05c8b96c007789b052ebdf696139dd7b63a381a00bb3d8d5536e1,data/flame3/Fire/Thermal/Raw JPG/00288.JPG,091c35f02f4ed4434c631461467d5a13de949d897b4f3cfc703417df6e8625b0,data/flame3/Fire/Thermal/Celsius TIFF/00288.TIFF,f534632e36c96541ff55f4a57befeb7374f2a9a4d9b7416eb63734986b7e939b,project_support/artifacts/flame3_manual_smoke_v2/machine_labels/labels/masks/val/fire/00288.png,17d1fcbc36b62641edcf98132d2ab79daed607b226c0bd38be56ec27e5d2819f,project_support/artifacts/flame3_manual_smoke_v2/machine_labels/labels/boundary_maps/val/fire/00288.png,50588bd6268c97bf4b6a8c295fdb5742138cb86cf6322ac3afda44ceabc89876
val,fire/00289,Fire,00289,0,machine_partial,diagnostic_only_not_model_input,data/flame3/Fire/RGB/Corrected FOV/00289.JPG,3522af11ef246abae339d2bfa48b9533fc83501fdb159344974c1a424ed8373b,data/flame3/Fire/Thermal/Raw JPG/00289.JPG,de78a1ad1cb04c9dc5d12eb7de85deb65b8985f4b999d00eb568886a95e1410a,data/flame3/Fire/Thermal/Celsius TIFF/00289.TIFF,65507ca6e4a9dfcec576c72846baf1dad150f0df24a01fa4590dec3cf1352e2a,project_support/artifacts/flame3_manual_smoke_v2/machine_labels/labels/masks/val/fire/00289.png,83938fa70eda32c272a17f0248bf49eaa0e9f31751c46286e21a8086e6c817e4,project_support/artifacts/flame3_manual_smoke_v2/machine_labels/labels/boundary_maps/val/fire/00289.png,19e118ff85dffda2b266b6a40c60ce9a4265390fe5e1bb9ef9b4bdd0538fc396
val,fire/00304,Fire,00304,0,machine_partial,diagnostic_only_not_model_input,data/flame3/Fire/RGB/Corrected FOV/00304.JPG,30b172bc1889e1c658c28fc385a8108d04d665020f34085b928f2635b588a6e7,data/flame3/Fire/Thermal/Raw JPG/00304.JPG,340af0ebe26ad05318d37900aa25a2a6c16699abf10fc78d9f93793fd9d154a5,data/flame3/Fire/Thermal/Celsius TIFF/00304.TIFF,acf64058b90218a75375709ac4418fff96dc5e1b2069f88a7be1f4d5823e36d8,project_support/artifacts/flame3_manual_smoke_v2/machine_labels/labels/masks/val/fire/00304.png,b105ea1512a36ee9c9246b786506c9a87bd6300cc5428e4ba4c685be6ee75428,project_support/artifacts/flame3_manual_smoke_v2/machine_labels/labels/boundary_maps/val/fire/00304.png,3b674485995acdeff33cf4bb0080510cd14a3ed555406850c08c764d060c6c5d
val,fire/00305,Fire,00305,0,machine_partial,diagnostic_only_not_model_input,data/flame3/Fire/RGB/Corrected FOV/00305.JPG,ea484dc0e1304ca0d327ff8b192be5d7fecf46d2bfbd20d84296a62f894d251c,data/flame3/Fire/Thermal/Raw JPG/00305.JPG,4b2e2586be5b5530e534bcd0047ca26f5497231db047ca2c4d5c88b52ed311bd,data/flame3/Fire/Thermal/Celsius TIFF/00305.TIFF,ac8c24e67c7809f266286191e6821a2843bdfd58718d2885efbe87306b230674,project_support/artifacts/flame3_manual_smoke_v2/machine_labels/labels/masks/val/fire/00305.png,0ea7a3f3ecb1aa3dfe3c23543c9fb956813f7bf7074761893fadc9a0a44269ff,project_support/artifacts/flame3_manual_smoke_v2/machine_labels/labels/boundary_maps/val/fire/00305.png,e5ab47f77ef42d0cb5f54af0d9f648dee8ae32a6c0fcea3ab69960d761383b4e
val,fire/00314,Fire,00314,0,machine_partial,diagnostic_only_not_model_input,data/flame3/Fire/RGB/Corrected FOV/00314.JPG,174150ad590c9b0552990e4377b8e55493dd4d4b8a7533f6c691d06d0b2817aa,data/flame3/Fire/Thermal/Raw JPG/00314.JPG,693c50855ccf59a059f81fea390c70de0ce9d1c6927878517f89fb7123f42623,data/flame3/Fire/Thermal/Celsius TIFF/00314.TIFF,9812995cfbb60e76ebcd6478907285a16c4e0e925751c88afbb2f464fcd8adec,project_support/artifacts/flame3_manual_smoke_v2/machine_labels/labels/masks/val/fire/00314.png,28e35145f6503cef320e92aa7929c06bcc23e8adfe0d4848253d407eeb8a37b8,project_support/artifacts/flame3_manual_smoke_v2/machine_labels/labels/boundary_maps/val/fire/00314.png,d76807ebc8ca42249c54bbd2689631ccb888c66ef09ff8dd214fd969077ff57c
val,fire/00315,Fire,00315,0,machine_partial,diagnostic_only_not_model_input,data/flame3/Fire/RGB/Corrected FOV/00315.JPG,23a3c2a87e9ab5d87fc9c1dc6a8e4c491ce7d756f25004fba2d687ebf7e5d699,data/flame3/Fire/Thermal/Raw JPG/00315.JPG,a2768a692e407fcc86d6933f3928710ea003a76ab330f12d35fce99c274b92e4,data/flame3/Fire/Thermal/Celsius TIFF/00315.TIFF,9cff8cd76c550d4710c96d08e000ce9e5245764a7b5aa875c26a30293d7f623d,project_support/artifacts/flame3_manual_smoke_v2/machine_labels/labels/masks/val/fire/00315.png,feaebe7980415076f8ed2311544022f54a7dabc449e1c31f5bbe859185dbcf00,project_support/artifacts/flame3_manual_smoke_v2/machine_labels/labels/boundary_maps/val/fire/00315.png,d6a1f23e570a98dcda54ea2ae057dc4bc1b5197902e9b3203494142b598dd3cf
val,fire/00322,Fire,00322,0,machine_partial,diagnostic_only_not_model_input,data/flame3/Fire/RGB/Corrected FOV/00322.JPG,00f7aa161b384f28c935e544d5e039f8e5714c2158345866aca1932ff13f1509,data/flame3/Fire/Thermal/Raw JPG/00322.JPG,3adae404e049a16e57b575ba3faca8fc2e817c7b68cfed1f0b0d7fbb93c94895,data/flame3/Fire/Thermal/Celsius TIFF/00322.TIFF,71d6df2da58644af7f3cad7243d0956aa94b285feea8bce32c90bc90139fe30a,project_support/artifacts/flame3_manual_smoke_v2/machine_labels/labels/masks/val/fire/00322.png,34c678b985a9a3db03e145afc1d1561145a2d64d54d0cbcde6ed17f05c9e1413,project_support/artifacts/flame3_manual_smoke_v2/machine_labels/labels/boundary_maps/val/fire/00322.png,3fa49ff0a728708e4f9f84420ef302121569c35c60ccb74711d608ec13c72353
val,fire/00323,Fire,00323,0,machine_partial,diagnostic_only_not_model_input,data/flame3/Fire/RGB/Corrected FOV/00323.JPG,92683014f4636dee24131ce6438284c612e9fb8cf2b53a964fb562aa022f5e60,data/flame3/Fire/Thermal/Raw JPG/00323.JPG,6bd64d93f4ddeb595aca21dd816018cf4962fa52845516140a2c196f992a57b6,data/flame3/Fire/Thermal/Celsius TIFF/00323.TIFF,a913edd55b2347a5ced530258cbf2934fcafe0e4ea8abb44f73afe960e0f718c,project_support/artifacts/flame3_manual_smoke_v2/machine_labels/labels/masks/val/fire/00323.png,cb7f4c3fcfa1ce1005d538107c99fd4b7475670c7f0ce2f12b6c26d884a1cc15,project_support/artifacts/flame3_manual_smoke_v2/machine_labels/labels/boundary_maps/val/fire/00323.png,fb3bd8984b934e4a91a6eed9a005ab7289847479dcaecd00c6018059e829bd78
val,fire/00325,Fire,00325,0,machine_partial,diagnostic_only_not_model_input,data/flame3/Fire/RGB/Corrected FOV/00325.JPG,fef11faaa6ec1965655521ecdce4d610898ee3824bbfbebc389283046bb2fbca,data/flame3/Fire/Thermal/Raw JPG/00325.JPG,51ab96a478df06a9294fc25ceabf3ae382915db47151b244b9d2379eb1b14097,data/flame3/Fire/Thermal/Celsius TIFF/00325.TIFF,5f70eb36542b3e8f8c3c3fb4753d8b86d0ab47134c534aa411ab9cecbffe343b,project_support/artifacts/flame3_manual_smoke_v2/machine_labels/labels/masks/val/fire/00325.png,4dcb1bafaca306d3714d2af1a83c21130b83a510586aeba1141b315fa737c502,project_support/artifacts/flame3_manual_smoke_v2/machine_labels/labels/boundary_maps/val/fire/00325.png,06e3a558f9e755be652fb2c507967e0ae3d3b40f84336d1c46ce32ae284e261b
val,fire/00332,Fire,00332,0,machine_partial,diagnostic_only_not_model_input,data/flame3/Fire/RGB/Corrected FOV/00332.JPG,84eb99a694c68b4a78d91177f3e547d2c767e6ed0a0401356327d98a5e29b5bd,data/flame3/Fire/Thermal/Raw JPG/00332.JPG,8261ddc9a7ceef00de081e75f78293fc72b66f36ff97cf49ac76d5703cf22111,data/flame3/Fire/Thermal/Celsius TIFF/00332.TIFF,e6e9991001202d250e0951a4f43889a2f90485e38d8e5bba4d1648b63a1d51b3,project_support/artifacts/flame3_manual_smoke_v2/machine_labels/labels/masks/val/fire/00332.png,19032a2187781b563251fdc4199667428a7e60a48a3d7de0df83e3f7501fad00,project_support/artifacts/flame3_manual_smoke_v2/machine_labels/labels/boundary_maps/val/fire/00332.png,269e5a9857e18514b850d478ecaa8021e08285ab7185fbcc467faf9b943e8498
val,fire/00333,Fire,00333,0,machine_partial,diagnostic_only_not_model_input,data/flame3/Fire/RGB/Corrected FOV/00333.JPG,71a50a34ba74f6ccf0722bdcff8ea0da7d3946260170edc601ac30dd849a71f6,data/flame3/Fire/Thermal/Raw JPG/00333.JPG,40ba9d76250cb55338e9e2030424ad9c45966259f2521ec206574a45f326b672,data/flame3/Fire/Thermal/Celsius TIFF/00333.TIFF,b25cfd8e638588798f15f8358d8f2212d8c4563ed2af269494d3b46fdc124489,project_support/artifacts/flame3_manual_smoke_v2/machine_labels/labels/masks/val/fire/00333.png,242d2e1783771bfa638441771ea4a2d56892a47cc8c4bbc1a93d92d8b8864a45,project_support/artifacts/flame3_manual_smoke_v2/machine_labels/labels/boundary_maps/val/fire/00333.png,53290d96acdce634060aab818d50e5e170952cd7b1d72260cc1d581680b32341
val,fire/00342,Fire,00342,0,machine_partial,diagnostic_only_not_model_input,data/flame3/Fire/RGB/Corrected FOV/00342.JPG,9fe401d32c4bb00d21e3892805d08151e201391cbfc124272b623f2171d3e27f,data/flame3/Fire/Thermal/Raw JPG/00342.JPG,2188de65b1114c47679e13902c54d9e66417e94260f8944e5b08cc49a3647574,data/flame3/Fire/Thermal/Celsius TIFF/00342.TIFF,074f2acc8cb42b2e8b0871d3deb035898c8c55f977f3686a0f74a6f5fc38ef50,project_support/artifacts/flame3_manual_smoke_v2/machine_labels/labels/masks/val/fire/00342.png,98f93d02c6724465e62fa619885e9fb494fcd852ee9682185ce8384f23981e52,project_support/artifacts/flame3_manual_smoke_v2/machine_labels/labels/boundary_maps/val/fire/00342.png,747bed71e4f42f01cece551624b7e929d72fb1d4fabd4fb3c3d0eb2ef7307631
val,fire/00344,Fire,00344,0,machine_partial,diagnostic_only_not_model_input,data/flame3/Fire/RGB/Corrected FOV/00344.JPG,8da01ba02e8eff23d335e1109e632c47130383665e01755ee4080d7344f05f20,data/flame3/Fire/Thermal/Raw JPG/00344.JPG,665293510af6366db3ce1099fb431efe929c14504fdc9b0053d20dfebb51c7d0,data/flame3/Fire/Thermal/Celsius TIFF/00344.TIFF,1fd9ffdae40d9bfd93860275e8d1d64208a6bb2b4f9b5ce513cd3129ad5b918e,project_support/artifacts/flame3_manual_smoke_v2/machine_labels/labels/masks/val/fire/00344.png,7619eac08f8a4a59e6a76f69068c837c0381e6fa2fc76a024f8b0df82aa3f96c,project_support/artifacts/flame3_manual_smoke_v2/machine_labels/labels/boundary_maps/val/fire/00344.png,e39e5ada99fe5536e0456810926cdf3bb5860864f72cd95a80cc1288421d3deb
val,fire/00352,Fire,00352,0,machine_partial,diagnostic_only_not_model_input,data/flame3/Fire/RGB/Corrected FOV/00352.JPG,48a8dcaff49f4ebb1e97b36a018a32493df9a01418fc8a9a0c43f9b0964c89a2,data/flame3/Fire/Thermal/Raw JPG/00352.JPG,14aff0a0fc56d1a30211b768cf146a09eb90b2ea7c19e771d3fc9ee8fadf675b,data/flame3/Fire/Thermal/Celsius TIFF/00352.TIFF,39f289e60b1f6f372b0a36a2cbccfd8bafd7d8ffdde1313c6239ea3d882c2943,project_support/artifacts/flame3_manual_smoke_v2/machine_labels/labels/masks/val/fire/00352.png,45efd6eb641f410627e6124c7585cf5077adc4fa5c235f346add48d3803fc398,project_support/artifacts/flame3_manual_smoke_v2/machine_labels/labels/boundary_maps/val/fire/00352.png,69e2b14a785fdace8adc8c0c8c8b966a8db721d9c28905e50ba658036934b0f5
val,fire/00354,Fire,00354,0,machine_partial,diagnostic_only_not_model_input,data/flame3/Fire/RGB/Corrected FOV/00354.JPG,4f1e016253475f22978da4378ac898d774794ceb931610f5b29bad1ba3da5269,data/flame3/Fire/Thermal/Raw JPG/00354.JPG,bc578144b961447bbfcebbe176709d0d6f8197a46c5191a6e0b8ffeb5929bf49,data/flame3/Fire/Thermal/Celsius TIFF/00354.TIFF,f9162a2a92a11cce735dc1e7f5beb59fef515c45bd3b678a24b1b9685ba163a7,project_support/artifacts/flame3_manual_smoke_v2/machine_labels/labels/masks/val/fire/00354.png,4bedb7b1d9a08c4fe9043ede4703cb22fbaae64cdc8cd3e36914f71720f34dda,project_support/artifacts/flame3_manual_smoke_v2/machine_labels/labels/boundary_maps/val/fire/00354.png,e6120a77fd4920dfd4972388d35c2a6e36cecf7369e0720a78b3b6b472018744
val,fire/00356,Fire,00356,0,machine_partial,diagnostic_only_not_model_input,data/flame3/Fire/RGB/Corrected FOV/00356.JPG,71f730433b566f21626dee81149175e32ea9e1c6d95f1aee0e45d27cfc81f1eb,data/flame3/Fire/Thermal/Raw JPG/00356.JPG,496c3d3cef722b281c99d02df38e73539d62279a31eac3cc213a795e698bc5f9,data/flame3/Fire/Thermal/Celsius TIFF/00356.TIFF,0a1aca8be713732eae459288ebb8febad794c28dca35a09105c06cd0059da500,project_support/artifacts/flame3_manual_smoke_v2/machine_labels/labels/masks/val/fire/00356.png,eb09d0c9fbc2328b205089f4b8b28ba0630507a1e398c5618179aa6e23042db4,project_support/artifacts/flame3_manual_smoke_v2/machine_labels/labels/boundary_maps/val/fire/00356.png,ed712c714b070fff97c08a6790b7e0c304bca39dd7116e802039a66e7447a9e1
val,fire/00358,Fire,00358,0,machine_partial,diagnostic_only_not_model_input,data/flame3/Fire/RGB/Corrected FOV/00358.JPG,0c9490089e8dbcf50b55e84377ae7fdc085089fb870f1193406fab8b23fa70cf,data/flame3/Fire/Thermal/Raw JPG/00358.JPG,96269e77dd0b77d8ec9df147f0d8843f4d339f17675cf10877998b011bbaec9a,data/flame3/Fire/Thermal/Celsius TIFF/00358.TIFF,b0e6a43d290b895682023badbdc66688eaf254ba1118a443c9f026c5dbcf9907,project_support/artifacts/flame3_manual_smoke_v2/machine_labels/labels/masks/val/fire/00358.png,85d5f836ae7b143ad0d5f870208df2c47e6991ab81206a0aa4a5f0facb9b6c8f,project_support/artifacts/flame3_manual_smoke_v2/machine_labels/labels/boundary_maps/val/fire/00358.png,cbb94e7c885c25bea11b7f6b89e6293c6b5a4adb5f704436c0f7ce20fcc23b77
val,fire/00368,Fire,00368,0,machine_partial,diagnostic_only_not_model_input,data/flame3/Fire/RGB/Corrected FOV/00368.JPG,2ffb356096507d18b2e3d1a28a8cd7033856cd60623b8b9aa797bbffd6d681c3,data/flame3/Fire/Thermal/Raw JPG/00368.JPG,163a2fb5dab1ee3bfc9cb9b74d078bf217e48a53483f51f03a17ebd52bd6305d,data/flame3/Fire/Thermal/Celsius TIFF/00368.TIFF,e5a69d09f6ea92783430eba0b93ee7d7cda6737f5b8af98401fb7c4019a7dbd9,project_support/artifacts/flame3_manual_smoke_v2/machine_labels/labels/masks/val/fire/00368.png,f3ba6de9b7b55a3bcb96ed63899a717ef6875d9dbf6659efd59b6cfc08cfee4f,project_support/artifacts/flame3_manual_smoke_v2/machine_labels/labels/boundary_maps/val/fire/00368.png,2a4374445f8d0a5be8f4e3a30ffa63b07d52169f1af4c8a80383954af52de4a8
val,fire/00374,Fire,00374,0,machine_partial,diagnostic_only_not_model_input,data/flame3/Fire/RGB/Corrected FOV/00374.JPG,5d0186d25d8e851d3afea3a54057c3464858aedef700c7c20497a180be0e35ce,data/flame3/Fire/Thermal/Raw JPG/00374.JPG,eda516ac3d8844244d22e9d1c9781092163e00637f8070476416f92c868cd424,data/flame3/Fire/Thermal/Celsius TIFF/00374.TIFF,4ca8c3cf60bc081a210b8ad5ef993ef0f20778f627712c1d33f8bb4ed90ef6ae,project_support/artifacts/flame3_manual_smoke_v2/machine_labels/labels/masks/val/fire/00374.png,922103e4ea2a8b1a378a4be6bb978121134f124171c79770c2f78fb246a91da4,project_support/artifacts/flame3_manual_smoke_v2/machine_labels/labels/boundary_maps/val/fire/00374.png,4d773d38fac2cbea2d806f72021e2854135d85b1085c0e626524df345300d162
val,fire/00380,Fire,00380,0,machine_partial,diagnostic_only_not_model_input,data/flame3/Fire/RGB/Corrected FOV/00380.JPG,e21e88494e7978d83a2fdf369d90aab3eb539bc3c9067b189aee07fae214313e,data/flame3/Fire/Thermal/Raw JPG/00380.JPG,02368db5a150f05d9ea4be047908dfe051dcb1e5a370ea30e7e1b2ce4426b774,data/flame3/Fire/Thermal/Celsius TIFF/00380.TIFF,80467e77fa4958cdd41560c90527ddb20eea9188285dfb0eb986848d2afc07af,project_support/artifacts/flame3_manual_smoke_v2/machine_labels/labels/masks/val/fire/00380.png,4d38b5dc83fce19859ff244ee3341a6e60520c5b3fe65e393a2e746c21e497e2,project_support/artifacts/flame3_manual_smoke_v2/machine_labels/labels/boundary_maps/val/fire/00380.png,1f528ef4647bed1682550f3ee163fb9ba440511584109fb22c37c91c32305037
val,fire/00381,Fire,00381,0,machine_partial,diagnostic_only_not_model_input,data/flame3/Fire/RGB/Corrected FOV/00381.JPG,f0070b3234c042aefde2b969a609be36cdb6d495585d096ff3a4f2a0bce83aac,data/flame3/Fire/Thermal/Raw JPG/00381.JPG,28574a1996976edd412bb430d4d3ad698c8af17ad9aaf5b619ffdcc2d54c7ba2,data/flame3/Fire/Thermal/Celsius TIFF/00381.TIFF,4c8ff9f89488e00a3eed0b6da06eb473d09a950840c7653ad9382827e821e1bb,project_support/artifacts/flame3_manual_smoke_v2/machine_labels/labels/masks/val/fire/00381.png,fd409f4bd69a41e0512d98c29ba86e8dd7d5988add7ec6aaf783103a5e79761b,project_support/artifacts/flame3_manual_smoke_v2/machine_labels/labels/boundary_maps/val/fire/00381.png,615c780086faa0d756e57c1a8381da6945338a921a87f1c14981bbafa7058981
val,fire/00391,Fire,00391,0,machine_partial,diagnostic_only_not_model_input,data/flame3/Fire/RGB/Corrected FOV/00391.JPG,21f3fbebb8fa0d093f901f74aaaeb181f9f517f8215f827da05fe1a782cd7053,data/flame3/Fire/Thermal/Raw JPG/00391.JPG,834518452717ac195b5d76a893dae66d9ba2ebfd7801fe4029e463250cde78e5,data/flame3/Fire/Thermal/Celsius TIFF/00391.TIFF,a3b363c7cc95045dd80906caaa8ea1c3dda430c76c6c6747f922b0e94afb0841,project_support/artifacts/flame3_manual_smoke_v2/machine_labels/labels/masks/val/fire/00391.png,edcfdff8b9b86f380f85644e6eb1b7796805232ee29e053c21a2d56ef233623a,project_support/artifacts/flame3_manual_smoke_v2/machine_labels/labels/boundary_maps/val/fire/00391.png,55dfa5f2fff061246dd0281315bb06c7a881a328c91a76ca873255ee2617d9aa
val,fire/00393,Fire,00393,0,machine_partial,diagnostic_only_not_model_input,data/flame3/Fire/RGB/Corrected FOV/00393.JPG,b2688802d5d4d01afee639533a4e7a5b797eb55ac80702e40a126049c713d139,data/flame3/Fire/Thermal/Raw JPG/00393.JPG,cb63ebf5b612551e2b2722cd3cf3cf73e2ec6a5aaefe9b612980475edf486b04,data/flame3/Fire/Thermal/Celsius TIFF/00393.TIFF,89459ccaa7e8ef7a7842149696b9214da8d4bcca543b28903a1f5cba81e8ebdf,project_support/artifacts/flame3_manual_smoke_v2/machine_labels/labels/masks/val/fire/00393.png,b0e526fa8e8480d6d313926a4f954c4a490cee507e7303c84a0dd95a7e30778e,project_support/artifacts/flame3_manual_smoke_v2/machine_labels/labels/boundary_maps/val/fire/00393.png,2e889c7d2d49fb9acda22ceef966feadc0dac752261beb1385efaa2b16b1b09e
val,fire/00394,Fire,00394,0,machine_partial,diagnostic_only_not_model_input,data/flame3/Fire/RGB/Corrected FOV/00394.JPG,f348b0e809e63f972b224964641be1a606d5e6c6e3f45dc35fa1df65e35b118e,data/flame3/Fire/Thermal/Raw JPG/00394.JPG,9194c47a80abe530901e3a87f2e95ff2c86deca3ab3f487f9ff05e832983c2a8,data/flame3/Fire/Thermal/Celsius TIFF/00394.TIFF,cd51dd09b300fbecffe0c484e724ceb2888480baba0eab892f8fd1134f572f01,project_support/artifacts/flame3_manual_smoke_v2/machine_labels/labels/masks/val/fire/00394.png,c01d54f8a2505fd7a94363bcfd661671794aee240dbfb55167392628d8727a1b,project_support/artifacts/flame3_manual_smoke_v2/machine_labels/labels/boundary_maps/val/fire/00394.png,bf2c6fd138b4c410fe1946873d1ac345432fbabade5b4d80ae70cb901d2bb839
val,fire/00396,Fire,00396,0,machine_partial,diagnostic_only_not_model_input,data/flame3/Fire/RGB/Corrected FOV/00396.JPG,a4e050d6298be53fed49f880e930c169309d8ef4cd12124b108c67892b80bfe0,data/flame3/Fire/Thermal/Raw JPG/00396.JPG,4458e263f8035c828a48dc9704bdcddf3a0f80aeea08cf805a0bec3468f16e7e,data/flame3/Fire/Thermal/Celsius TIFF/00396.TIFF,0e2054000e8bc24291c2b27b8f880f42dfe3219c2ae205696dc48863e58f232b,project_support/artifacts/flame3_manual_smoke_v2/machine_labels/labels/masks/val/fire/00396.png,ae4a2561ac0cf936f42a3c36d8126012b5a4b65de2a4e89ab4f739c45a23e855,project_support/artifacts/flame3_manual_smoke_v2/machine_labels/labels/boundary_maps/val/fire/00396.png,717d33e555606c99fe970a97cf44393c48fc44d41bd6745aa6b95fd0b6a70914
val,fire/00397,Fire,00397,0,machine_partial,diagnostic_only_not_model_input,data/flame3/Fire/RGB/Corrected FOV/00397.JPG,9c06952c6f558eccb97e791e93e8efa81e6a7965f252eaf9e7e46c78570260e7,data/flame3/Fire/Thermal/Raw JPG/00397.JPG,65b7cc033652b5be578c340c9d5b5000e497b24ad323f082fa0ce124848f59a1,data/flame3/Fire/Thermal/Celsius TIFF/00397.TIFF,9a3a1c91228bedc4415855af450377540b92abcd15c65e62ca17529921aa8d16,project_support/artifacts/flame3_manual_smoke_v2/machine_labels/labels/masks/val/fire/00397.png,6027a0dd9c3d90553be61a5f90497d54416fbc32c1648a43002d8e1e9d6af4f0,project_support/artifacts/flame3_manual_smoke_v2/machine_labels/labels/boundary_maps/val/fire/00397.png,e3199dce19d1adb698a5bca64730f27532ab6e8b2891cb53dc0c4bce47cea99d
val,fire/00402,Fire,00402,0,machine_partial,diagnostic_only_not_model_input,data/flame3/Fire/RGB/Corrected FOV/00402.JPG,677e93c10fe59b3064624c80e3eb0498419564b259f42a67293cdb4de7ea6351,data/flame3/Fire/Thermal/Raw JPG/00402.JPG,2e702a1ed51f37115a81b24490c50477ee548b1f4e3894963a5c66622897751c,data/flame3/Fire/Thermal/Celsius TIFF/00402.TIFF,9e848c8231b1c58f0dde464df93abebd9d40b007cac254c759eb7314b14bb496,project_support/artifacts/flame3_manual_smoke_v2/machine_labels/labels/masks/val/fire/00402.png,e798a974c08050d9c98be1a43a380ad0d8a34a5c9f2f6416dc96e07bb997b283,project_support/artifacts/flame3_manual_smoke_v2/machine_labels/labels/boundary_maps/val/fire/00402.png,6a6d0e2dfde91990b9c3794056b1c8d0cfc059af2504ac8f7312c8ae62b224d8
val,fire/00409,Fire,00409,0,machine_partial,diagnostic_only_not_model_input,data/flame3/Fire/RGB/Corrected FOV/00409.JPG,f94d85f4dc2761b56ebcb2b3993a1174e28dbbadaf7e3fc9023c1b9a8811cccc,data/flame3/Fire/Thermal/Raw JPG/00409.JPG,6ae733a9f3760a6886e9713c130341325fe2018043bfa936c44d0952f96652b8,data/flame3/Fire/Thermal/Celsius TIFF/00409.TIFF,539470e93266aafb0c1cfcfefaaeac461f1776ee01f99eb19943ae216aeb8f9d,project_support/artifacts/flame3_manual_smoke_v2/machine_labels/labels/masks/val/fire/00409.png,f2fafe77de30cce91acc9348dc4c71529cd5d7f85726b76741914ebf8a826c5a,project_support/artifacts/flame3_manual_smoke_v2/machine_labels/labels/boundary_maps/val/fire/00409.png,9ead19a056c04d224b4094a5a657d6accc5a2ae2883841c4f351077060f24d80
val,fire/00428,Fire,00428,0,machine_partial,diagnostic_only_not_model_input,data/flame3/Fire/RGB/Corrected FOV/00428.JPG,30ac3ab083f8e29ac9edcd8daada9c793c73be12efed2357644ef1d4e0d98d24,data/flame3/Fire/Thermal/Raw JPG/00428.JPG,a98469478581fd99f1a7b3bc688fd7357d791fc14968891f2810540bf01d478c,data/flame3/Fire/Thermal/Celsius TIFF/00428.TIFF,9b00be8523f744e2ebe7728dd1c27ce245e6d07eee9d176fe9d08ef574b0c5cc,project_support/artifacts/flame3_manual_smoke_v2/machine_labels/labels/masks/val/fire/00428.png,637d5ab8b1a8f418d7e86d6c2fd11c3a5c5e3a4e4c40a4eac4c61d7480b25c7e,project_support/artifacts/flame3_manual_smoke_v2/machine_labels/labels/boundary_maps/val/fire/00428.png,24e3673856a77155e3ad9219e53d457e6cca734713041df71988e73ef53e8a58
val,fire/00431,Fire,00431,0,machine_partial,diagnostic_only_not_model_input,data/flame3/Fire/RGB/Corrected FOV/00431.JPG,b5388bbb546eb74873c4cae0b761cc6f1c9726089ca7b001b70b455219959f29,data/flame3/Fire/Thermal/Raw JPG/00431.JPG,697f4aecf046f068af91fe63a0122089a5982e4589f227e34ffbafdf5e8bb372,data/flame3/Fire/Thermal/Celsius TIFF/00431.TIFF,69b8ec40f17f7ba02d3a1c2cc9bdab9e7db069725fcbd2068e568a7b0b9ff2d6,project_support/artifacts/flame3_manual_smoke_v2/machine_labels/labels/masks/val/fire/00431.png,15c134f7a5cc9278a9058f51d0a62ae99ef9373373aa826413ff5f08c2bdc44d,project_support/artifacts/flame3_manual_smoke_v2/machine_labels/labels/boundary_maps/val/fire/00431.png,2624207dcde37b7c705192b345674434f051b4464462f5f897f9855700ddd507
val,fire/00435,Fire,00435,0,machine_partial,diagnostic_only_not_model_input,data/flame3/Fire/RGB/Corrected FOV/00435.JPG,1cf7d71aabce1a0d46ecf20ee25977909f36e9b7a3f7866d00ff5a97ce0c7807,data/flame3/Fire/Thermal/Raw JPG/00435.JPG,5c88e4ebc252629cb97e726075c2c3e68ff0aa4ac284147bae3a1da41a4ea9e6,data/flame3/Fire/Thermal/Celsius TIFF/00435.TIFF,f52e39f6d9383c08af494e5a887d5fbf277006f0b953d8771b8dc43f26c34611,project_support/artifacts/flame3_manual_smoke_v2/machine_labels/labels/masks/val/fire/00435.png,a9c35aeb0f6e0a7b97e749e1c5ca949db50a567e096969b55dcd00c1a2b7edf2,project_support/artifacts/flame3_manual_smoke_v2/machine_labels/labels/boundary_maps/val/fire/00435.png,96b969a4cc7904f9d3b0023d2fb0f581c4c223b5c8b9161f3bfe83879217b3be
val,fire/00442,Fire,00442,0,machine_partial,diagnostic_only_not_model_input,data/flame3/Fire/RGB/Corrected FOV/00442.JPG,7a797c2ec14c8554a1d31a929c6ef529ce7768eddde39120bf0bbff3920ce6f3,data/flame3/Fire/Thermal/Raw JPG/00442.JPG,4e8f000958f7b151290b867ea4c822ae086f209ebc35b635595cc2579e449f5e,data/flame3/Fire/Thermal/Celsius TIFF/00442.TIFF,0426c86259b9d8d1ee44ed5183da24e3ccc46c8d790b03ee701b562725b05c6b,project_support/artifacts/flame3_manual_smoke_v2/machine_labels/labels/masks/val/fire/00442.png,ec26a2a06a7a309c0c681da152ab02f780c4a3386880fb0588db88fe74c9262f,project_support/artifacts/flame3_manual_smoke_v2/machine_labels/labels/boundary_maps/val/fire/00442.png,9d5669dd82dba3d589dd1fc59d14bdb8ca9999b2e719736a726c62da5494aac8
val,fire/00444,Fire,00444,0,machine_partial,diagnostic_only_not_model_input,data/flame3/Fire/RGB/Corrected FOV/00444.JPG,b16b32996c4260fcd8c70f2e64730f5c21969eaef81c6dab31796c2aed5166f9,data/flame3/Fire/Thermal/Raw JPG/00444.JPG,17fdcbf15888e0af4e8dafdc8925322ddd6e6349b51370f53e26826f7ff94e74,data/flame3/Fire/Thermal/Celsius TIFF/00444.TIFF,341f1bc1ab2df14c6a99eb4fcd162e8f01d76628c5fe25c6f65cc1f0ed907562,project_support/artifacts/flame3_manual_smoke_v2/machine_labels/labels/masks/val/fire/00444.png,3c77a3196505aa794b8cf69ee941ac72d0fcaf8327f3074077a1d8f41058bc1f,project_support/artifacts/flame3_manual_smoke_v2/machine_labels/labels/boundary_maps/val/fire/00444.png,49d10d77bd1d6374b1c90a54d0e29a79845015cee4e7ed404b9491b9e989ea84
val,fire/00453,Fire,00453,0,machine_partial,diagnostic_only_not_model_input,data/flame3/Fire/RGB/Corrected FOV/00453.JPG,a976a05c4be5e27b478655d70b2aae5372f860ef924953491cbc18cb40a535ee,data/flame3/Fire/Thermal/Raw JPG/00453.JPG,02a38f73bd1a40cd9fade4b9b09994bede9d0bfd1f8498f62765c08532cf0eed,data/flame3/Fire/Thermal/Celsius TIFF/00453.TIFF,c1bc87f232c98ecd2e9a1ec93a8954735438e7a930e1dd5c00679e07a2910f45,project_support/artifacts/flame3_manual_smoke_v2/machine_labels/labels/masks/val/fire/00453.png,a60e09f27e716f8bdeafedfb2f2a890e6fe0e3f38038e0f11d4ee54f97f578ff,project_support/artifacts/flame3_manual_smoke_v2/machine_labels/labels/boundary_maps/val/fire/00453.png,160f8b2ee0ad66e48d71418be351e4c8ee3dc380b977cfd39285185e1b2a4c3a
val,fire/00455,Fire,00455,0,machine_partial,diagnostic_only_not_model_input,data/flame3/Fire/RGB/Corrected FOV/00455.JPG,05ef457453409654367a4261f3efa54d5d34b58b00ac8371f0b74f926e4aae41,data/flame3/Fire/Thermal/Raw JPG/00455.JPG,d9472e10242230773a7c2a899d8064779695d872773fc5bbf68e190fce3facc5,data/flame3/Fire/Thermal/Celsius TIFF/00455.TIFF,a413aca7fc7391e5f2de28b0f880bd5de5955aa14dac75d6c5a2cd6e187cc550,project_support/artifacts/flame3_manual_smoke_v2/machine_labels/labels/masks/val/fire/00455.png,246ff8562a0023021ec5f62faf033a4436cd71d13d09b810197bfa2060dc45c3,project_support/artifacts/flame3_manual_smoke_v2/machine_labels/labels/boundary_maps/val/fire/00455.png,0ea2939ecd989ac33375cc207279751dbabcc9839b231256d5513ee39b684a56
val,fire/00458,Fire,00458,0,machine_partial,diagnostic_only_not_model_input,data/flame3/Fire/RGB/Corrected FOV/00458.JPG,53915e0222b48b945168a7b650cfc6b7feaae721a0a6f9c6959522bd02c99200,data/flame3/Fire/Thermal/Raw JPG/00458.JPG,9b29955f84b95cf391ac3feb4a62f6a9914711702e6ea032f93802a30057eb2d,data/flame3/Fire/Thermal/Celsius TIFF/00458.TIFF,840cd47de84eff8feded0a88bc0485e90bd148d0b06c882c615b2f98897705dc,project_support/artifacts/flame3_manual_smoke_v2/machine_labels/labels/masks/val/fire/00458.png,89c50320acd697ab2e6fce515ee54fbd31e96acf58742da805cd691e95c4c0ab,project_support/artifacts/flame3_manual_smoke_v2/machine_labels/labels/boundary_maps/val/fire/00458.png,dbdc1256dfc4d1e953609cf650135e03ac212bb5d561cf1f4880071dda19fd72
val,fire/00463,Fire,00463,0,machine_partial,diagnostic_only_not_model_input,data/flame3/Fire/RGB/Corrected FOV/00463.JPG,55ebbeadef7221057b059cb5831b368feaf10555f5d0d08371bc484e3ec48e11,data/flame3/Fire/Thermal/Raw JPG/00463.JPG,4a43ccca6d7ab15d679cd7aeda3bb7dff288a82ad47553cc2cf6f7970a8ab4c2,data/flame3/Fire/Thermal/Celsius TIFF/00463.TIFF,12c36c2efd780b787f47ce73f20e3010451a0d31e9fae640e4e027d5836a945b,project_support/artifacts/flame3_manual_smoke_v2/machine_labels/labels/masks/val/fire/00463.png,9cc717423bc42b5d75950b3f025e83b8a371e3d3b7a8754ed5525abaf18e5eb7,project_support/artifacts/flame3_manual_smoke_v2/machine_labels/labels/boundary_maps/val/fire/00463.png,e7fb41b646ba24b455dbf968d5e206e14e9aa7eddc15c90b57f6b4c42ef86480
val,fire/00508,Fire,00508,0,machine_partial,diagnostic_only_not_model_input,data/flame3/Fire/RGB/Corrected FOV/00508.JPG,abc863b21c8185c11ed56639084f1350aeef676c38d612bba5e57007ed2375ed,data/flame3/Fire/Thermal/Raw JPG/00508.JPG,059cc56da3d042404e4436c0c9cbef766688a272fb20ceffeae0049310221ce4,data/flame3/Fire/Thermal/Celsius TIFF/00508.TIFF,535a088d256743cd7da691b200ab69b987f6bc13fa8cece868b8b7f5bf200143,project_support/artifacts/flame3_manual_smoke_v2/machine_labels/labels/masks/val/fire/00508.png,4e10e39133f1764dea8aecff86f65f83d0d9923c7c8a60e0d59d53f223f12589,project_support/artifacts/flame3_manual_smoke_v2/machine_labels/labels/boundary_maps/val/fire/00508.png,56efe6c071de55f26c57ac2c5b5b4288b6f474268c02ea6e7a730af9354a825d
val,fire/00515,Fire,00515,0,machine_partial,diagnostic_only_not_model_input,data/flame3/Fire/RGB/Corrected FOV/00515.JPG,ce85e845943fed1e9e19306b2ae3128d9214e04588fa105f636d2ab7b668eb05,data/flame3/Fire/Thermal/Raw JPG/00515.JPG,d29c65f461af572f57881b678d105ef10e5a8fe960b200bc281edb93cb4cc8cf,data/flame3/Fire/Thermal/Celsius TIFF/00515.TIFF,f4ce5d95aa4be2489d32cb734906368f0aeeb1e16d83b0469857f7fb40b651b4,project_support/artifacts/flame3_manual_smoke_v2/machine_labels/labels/masks/val/fire/00515.png,b6ce320eeab3faaf933cdf18662d10ff554745dda4ece5cefea3e6af379a8e84,project_support/artifacts/flame3_manual_smoke_v2/machine_labels/labels/boundary_maps/val/fire/00515.png,30006c2cc1ab75d79b4a82f398a33ba84642a52514ec7b7e20f1f000b23dbcd0
val,fire/00525,Fire,00525,0,machine_partial,diagnostic_only_not_model_input,data/flame3/Fire/RGB/Corrected FOV/00525.JPG,2220e193f1c221ceacfb35fb25dd9249195d42b6397acca6518af3346f34c05f,data/flame3/Fire/Thermal/Raw JPG/00525.JPG,7594d768282908b65ec0f6e1a31d7447738363a24713c42f6e3183bd5b985bb7,data/flame3/Fire/Thermal/Celsius TIFF/00525.TIFF,8c2de23e06a77a6bf7db4226b83b573efd3296bbf3b63d86bb17022f937ad6ce,project_support/artifacts/flame3_manual_smoke_v2/machine_labels/labels/masks/val/fire/00525.png,0adf16d58bd8e369f37fe91f593aeba2c335f7a148b294e0695b9b75a93ad474,project_support/artifacts/flame3_manual_smoke_v2/machine_labels/labels/boundary_maps/val/fire/00525.png,836b573099649efe1f6775357f2cbbebd8c28ef5234228a5a3209c0e72aac5ce
val,fire/00533,Fire,00533,0,machine_partial,diagnostic_only_not_model_input,data/flame3/Fire/RGB/Corrected FOV/00533.JPG,c6aa11007e1763ae4e4f5635456028ca9d301f479d0048d10bd52a20392055c0,data/flame3/Fire/Thermal/Raw JPG/00533.JPG,ad29dab163c2c666f8b9aeef4f8b68bee62e6e903a8f56670b9b1ab02dd6034a,data/flame3/Fire/Thermal/Celsius TIFF/00533.TIFF,d7a1a1202fd3001a86ebf41703d0f28940b1cc24426d96b31b7c8f41c106f5c3,project_support/artifacts/flame3_manual_smoke_v2/machine_labels/labels/masks/val/fire/00533.png,ce048c66191da232969bc5964adc6803b7c3266ba89b3e0e1fade90359117485,project_support/artifacts/flame3_manual_smoke_v2/machine_labels/labels/boundary_maps/val/fire/00533.png,c7cd3f8a036a6f31ac2741b084db1f46eff69d579891b5b0fb48efc041631279
val,fire/00537,Fire,00537,0,machine_partial,diagnostic_only_not_model_input,data/flame3/Fire/RGB/Corrected FOV/00537.JPG,f5d918b5dc91442fa9aacf9a2c31a5b25e4c20cd405fcd40199f95d2ec1a8642,data/flame3/Fire/Thermal/Raw JPG/00537.JPG,0726a7200720713b56f406674df6d082f392dda4e3edfdaa5879338d74f4aa7f,data/flame3/Fire/Thermal/Celsius TIFF/00537.TIFF,55cc5ce0171f53ba0c1efdd46437fa2a641a599b01e509d6e74472a845a3fb7a,project_support/artifacts/flame3_manual_smoke_v2/machine_labels/labels/masks/val/fire/00537.png,697a3e1baec296f604756d55a6fee56ff5c5cd182d90745b8d629cc6ed037817,project_support/artifacts/flame3_manual_smoke_v2/machine_labels/labels/boundary_maps/val/fire/00537.png,2a6ba562f5a6915ee7cc88ff0f84f5e6f6835c6f30ac9c0b8805feb4e85ece8c
val,fire/00541,Fire,00541,0,machine_partial,diagnostic_only_not_model_input,data/flame3/Fire/RGB/Corrected FOV/00541.JPG,7a1ba35236d712758328a4c08df3cba16d0987974c6fdbf3d02063592142ccf2,data/flame3/Fire/Thermal/Raw JPG/00541.JPG,36479e3ac37f594193af4c5c2ff57f3f536f72db80b96756597878ef6a347612,data/flame3/Fire/Thermal/Celsius TIFF/00541.TIFF,905ee47be3e603d06b5e4f3dbb6eba22b94cd5552eff161a83541e38ccca4347,project_support/artifacts/flame3_manual_smoke_v2/machine_labels/labels/masks/val/fire/00541.png,c4d3e8baec58d5c67872147455690b3f2660711793bd6f65b0cde554e16bafba,project_support/artifacts/flame3_manual_smoke_v2/machine_labels/labels/boundary_maps/val/fire/00541.png,ab86fa6a3327bac683c0a2cfd7eef0738a796718f511a2fbd6db8a54710019a8
val,fire/00566,Fire,00566,0,machine_partial,diagnostic_only_not_model_input,data/flame3/Fire/RGB/Corrected FOV/00566.JPG,cc80980fd3c63b3847b9a8f0eef29094289e78141096ce46f06757883151e12a,data/flame3/Fire/Thermal/Raw JPG/00566.JPG,d9fe6907b1a3b58389c57b56b82fc9720150cad8892bc2599661cbf3a2d5b338,data/flame3/Fire/Thermal/Celsius TIFF/00566.TIFF,0d48e3853709269b63334651281ca650fd2e03e7bf390723fa1e8f555b47fb8f,project_support/artifacts/flame3_manual_smoke_v2/machine_labels/labels/masks/val/fire/00566.png,46d53bcb4d375eff78165519a581b7544dabeb3ace4c941616d8be1cdabb7c51,project_support/artifacts/flame3_manual_smoke_v2/machine_labels/labels/boundary_maps/val/fire/00566.png,4970db847991c683b0c0631165d72d78a0d4f727bd29af605c042a2f2b695c20
val,fire/00568,Fire,00568,0,machine_partial,diagnostic_only_not_model_input,data/flame3/Fire/RGB/Corrected FOV/00568.JPG,88611acd132b8599dec27f8489766aa30465165af31900d499b43d44b2ed5b3f,data/flame3/Fire/Thermal/Raw JPG/00568.JPG,45f41ffe9346e29223e75cf920bc28a398258f04d8e1557f41bcd0b0a324e68c,data/flame3/Fire/Thermal/Celsius TIFF/00568.TIFF,9c2b021c3426b816ed3d99118ccf8af829f16746cce8e95435da4ad75190b473,project_support/artifacts/flame3_manual_smoke_v2/machine_labels/labels/masks/val/fire/00568.png,fc09ee908936ea63b627096e1647bb58bc03a83be159ba3635232d664b63d0be,project_support/artifacts/flame3_manual_smoke_v2/machine_labels/labels/boundary_maps/val/fire/00568.png,4f3dd08f2761db4b56ff4bdd5df93fdcb66a59c7db915fe1ba681dddca810f68
val,fire/00572,Fire,00572,0,machine_partial,diagnostic_only_not_model_input,data/flame3/Fire/RGB/Corrected FOV/00572.JPG,d3e3886f21fcf3b83b30887582997cac16d4cb5fc73352f0deb1430fda81373b,data/flame3/Fire/Thermal/Raw JPG/00572.JPG,803fc539f1cb1866509aaa0569d638b242353b4f678c84a8b01a706d1e94d284,data/flame3/Fire/Thermal/Celsius TIFF/00572.TIFF,277817823cafdcff4d3f3ff4dc022372cacd9b09ad30a7c13a7562cc8a8a54fa,project_support/artifacts/flame3_manual_smoke_v2/machine_labels/labels/masks/val/fire/00572.png,139f6010a0efffb9a42683f23a8e46af7adae046a0aea3d40dcc3bc1c7a0e6b1,project_support/artifacts/flame3_manual_smoke_v2/machine_labels/labels/boundary_maps/val/fire/00572.png,2f6cc3f8d2ecb71acce370c7cbe95c3ed6b1d0a58d40fed9c6d6c06eef813198
val,fire/00591,Fire,00591,0,machine_partial,diagnostic_only_not_model_input,data/flame3/Fire/RGB/Corrected FOV/00591.JPG,ae52736b015383832358e6f37b8c75110db5e173476d34d62e026666b32bc468,data/flame3/Fire/Thermal/Raw JPG/00591.JPG,42599a085a723ca182771c5035bdfeead8870165d8cd3f7cfd7386fcaae20b3d,data/flame3/Fire/Thermal/Celsius TIFF/00591.TIFF,4362aeb692448db4f35d6c36210c19233e9614ae23deaf5d28c457a43c619cbe,project_support/artifacts/flame3_manual_smoke_v2/machine_labels/labels/masks/val/fire/00591.png,60c0f0ffa623e61c14b61d1bca84d1fcea91d7e619c7f140c9e66d31ffd7004b,project_support/artifacts/flame3_manual_smoke_v2/machine_labels/labels/boundary_maps/val/fire/00591.png,cab95ebb73f48a89ebebf0c290d498117b98853897c3a8419410957aec48cf00
val,fire/00600,Fire,00600,0,machine_partial,diagnostic_only_not_model_input,data/flame3/Fire/RGB/Corrected FOV/00600.JPG,b2690d96cf868c86bf0330ed637e463c81c25ecd16f7037ad7e6c8fb85bd4db2,data/flame3/Fire/Thermal/Raw JPG/00600.JPG,f77ae4843304e90940abe5707500cba2b8a09ad60b14f394b2a944005d46d772,data/flame3/Fire/Thermal/Celsius TIFF/00600.TIFF,3c75055f811cd33823286861f0eb33e15edcea2a77d25f6def5d8d0cc021132e,project_support/artifacts/flame3_manual_smoke_v2/machine_labels/labels/masks/val/fire/00600.png,1e45d9ec2dd6d9649306315b897876890b54f36a0d457ca4ffec5a23f58e4bd3,project_support/artifacts/flame3_manual_smoke_v2/machine_labels/labels/boundary_maps/val/fire/00600.png,2a167b025a5b6e8e5a527c3006f0319cb93fa691f8b0f0f73f0afe607f211f78
val,fire/00603,Fire,00603,0,machine_partial,diagnostic_only_not_model_input,data/flame3/Fire/RGB/Corrected FOV/00603.JPG,c8192cfd2f14263978284113f1ce5b6efaa74020679dd90e67f9956b182ecd82,data/flame3/Fire/Thermal/Raw JPG/00603.JPG,37ed025083c13f101e783dc1b110f7b6c38d02b58c3c2a6112a2648bade1ab82,data/flame3/Fire/Thermal/Celsius TIFF/00603.TIFF,a9a8d404db0470d11d61c56f7a7c1766217e9e971a1a1f9e2038bb89673c7d75,project_support/artifacts/flame3_manual_smoke_v2/machine_labels/labels/masks/val/fire/00603.png,bd9af8f7fdab675a34e5483f324ca4410f669ec55e833a13e1bad9dbaca18108,project_support/artifacts/flame3_manual_smoke_v2/machine_labels/labels/boundary_maps/val/fire/00603.png,563c6efba98c0b917d1f4f5c877cec6c0a1f317875afd4f31d5ea2b702879853
val,fire/00606,Fire,00606,0,machine_partial,diagnostic_only_not_model_input,data/flame3/Fire/RGB/Corrected FOV/00606.JPG,9d0e59c8fe1a9cca6a3b76ea1c7d09639863280feb22196dd18fb5aa6bbc7771,data/flame3/Fire/Thermal/Raw JPG/00606.JPG,29e2f3ad67bfc6a6c6adaf8943c02d7592fc63a33a1e5c550712c59d9eff6b43,data/flame3/Fire/Thermal/Celsius TIFF/00606.TIFF,b9b625d46ecf3f4fc11a27b4e2057c00b1129a294d7295c7dc037d568b067714,project_support/artifacts/flame3_manual_smoke_v2/machine_labels/labels/masks/val/fire/00606.png,600e1a17f07da8e48059ff214b8c4207b126f9f795d183fa3004895503bbc758,project_support/artifacts/flame3_manual_smoke_v2/machine_labels/labels/boundary_maps/val/fire/00606.png,d8ecaf57decf7f825146e8a384dba656c39f6343e1ea587ac6440a07f6859939
val,fire/00607,Fire,00607,0,machine_partial,diagnostic_only_not_model_input,data/flame3/Fire/RGB/Corrected FOV/00607.JPG,c267e7669fa938ec0c325d314f2ea4509a3e99c70b89c57b693c255bfe8756ee,data/flame3/Fire/Thermal/Raw JPG/00607.JPG,b359a929a6556524ae9c3888e68b9ed06704e75e48e5f309ada9a622bec20e79,data/flame3/Fire/Thermal/Celsius TIFF/00607.TIFF,3b656201b729a48580e70259bf98b48a80d1ada7f4640b3b2c6fd392092c28eb,project_support/artifacts/flame3_manual_smoke_v2/machine_labels/labels/masks/val/fire/00607.png,97d11f170457e99ed9ae9d527b12d3065fe9913270c9cc4bccf85d25e3a8a25a,project_support/artifacts/flame3_manual_smoke_v2/machine_labels/labels/boundary_maps/val/fire/00607.png,4256f29590e95949e09f616ef8af4bcb162e29beef7cf3a4c2e5ad017d6903e9
val,fire/00612,Fire,00612,0,machine_partial,diagnostic_only_not_model_input,data/flame3/Fire/RGB/Corrected FOV/00612.JPG,afd8f0ac1fc3f2aa80383a99e28c60bbbda5e5133086350f5bf58ffea2c146d1,data/flame3/Fire/Thermal/Raw JPG/00612.JPG,a5ac16d7140bd1c70c0a76d4506a2c7d4f516d93e4f79f1a09ce018de07957c4,data/flame3/Fire/Thermal/Celsius TIFF/00612.TIFF,ea183bce09bcd6db43d4b6d025df2f38fcaea84df9b206b2a922dfa48532f32b,project_support/artifacts/flame3_manual_smoke_v2/machine_labels/labels/masks/val/fire/00612.png,f0e69510e1a63431823be997bf90b20487750972aac6a93b5cf9a99bf1686cb0,project_support/artifacts/flame3_manual_smoke_v2/machine_labels/labels/boundary_maps/val/fire/00612.png,61d5478ffdd8297fc71b8fed48abd9b9f3313c14ddb725ec00fecc804bf8bc26
val,fire/00617,Fire,00617,0,machine_partial,diagnostic_only_not_model_input,data/flame3/Fire/RGB/Corrected FOV/00617.JPG,e1cd52a9c7349dfff976368e3c9c2c31e98fbc956a03e94e607fbd92d50d4b0f,data/flame3/Fire/Thermal/Raw JPG/00617.JPG,cf0e5a26653cd3f082e0fe71b457f1590626579c7f0c0fbbe6aff1ac5927172d,data/flame3/Fire/Thermal/Celsius TIFF/00617.TIFF,50bc8f1605dc42cc554bf4b47ef1b1d7292b8b9a3d4bd4eb05ebd059f08321ae,project_support/artifacts/flame3_manual_smoke_v2/machine_labels/labels/masks/val/fire/00617.png,60d56dee07373c5271ba40e97db941484c6401e45ab8abcc864cf887b58b19fb,project_support/artifacts/flame3_manual_smoke_v2/machine_labels/labels/boundary_maps/val/fire/00617.png,a475feace11a85248748fe69be9135cffc9280dc5cfc1ccd069d1216aad805a4
val,no_fire/00005,No Fire,00005,0,machine_partial,diagnostic_only_not_model_input,data/flame3/No Fire/RGB/Corrected FOV/00005.JPG,4cbbf0afe9a3f96ae06db48aa8b62c3e84fee8e46d1761d63e825ed6d31d48bf,data/flame3/No Fire/Thermal/Raw JPG/00005.JPG,416e568144351cdb64469d733e9f8bcdc3bb5399ea452a6df8cd6d36b7367d0a,data/flame3/No Fire/Thermal/Celsius TIFF/00005.TIFF,7dc82607a1a8234a74575c3ad49d3db8a0f7bb3b5822cdeb9daacf21404bd931,project_support/artifacts/flame3_manual_smoke_v2/machine_labels/labels/masks/val/no_fire/00005.png,700dee90ec86a83133bac986fba383112f64d681f68584ef3daf74cc81fcb2d2,project_support/artifacts/flame3_manual_smoke_v2/machine_labels/labels/boundary_maps/val/no_fire/00005.png,700dee90ec86a83133bac986fba383112f64d681f68584ef3daf74cc81fcb2d2
val,no_fire/00008,No Fire,00008,0,machine_partial,diagnostic_only_not_model_input,data/flame3/No Fire/RGB/Corrected FOV/00008.JPG,5f96f3300dbd4b74947393c72b3df34e0425c5b3ba86fc067b0ac91938498546,data/flame3/No Fire/Thermal/Raw JPG/00008.JPG,ab54b7493db04246b05a9d84650f60c30833b70c1efaf008abf33656c3b6767c,data/flame3/No Fire/Thermal/Celsius TIFF/00008.TIFF,2a0d7367d9b5f912048a16d7ca27a9fc62398cb692fa008ec4a56f818701b01c,project_support/artifacts/flame3_manual_smoke_v2/machine_labels/labels/masks/val/no_fire/00008.png,700dee90ec86a83133bac986fba383112f64d681f68584ef3daf74cc81fcb2d2,project_support/artifacts/flame3_manual_smoke_v2/machine_labels/labels/boundary_maps/val/no_fire/00008.png,700dee90ec86a83133bac986fba383112f64d681f68584ef3daf74cc81fcb2d2
val,no_fire/00015,No Fire,00015,0,machine_partial,diagnostic_only_not_model_input,data/flame3/No Fire/RGB/Corrected FOV/00015.JPG,ee195081c0fd0b04f9d61233c0e994d5fc942a34693cfbd0bb7b1090b8141a44,data/flame3/No Fire/Thermal/Raw JPG/00015.JPG,1085ceb2b94ab3f46a81c59d5e2b07d9bd6f65f285a04505f651752ddf827b49,data/flame3/No Fire/Thermal/Celsius TIFF/00015.TIFF,079902cb3cf12762871c2a629578d08bec9da6d7258d46bfa0a227ee8ebdd97e,project_support/artifacts/flame3_manual_smoke_v2/machine_labels/labels/masks/val/no_fire/00015.png,700dee90ec86a83133bac986fba383112f64d681f68584ef3daf74cc81fcb2d2,project_support/artifacts/flame3_manual_smoke_v2/machine_labels/labels/boundary_maps/val/no_fire/00015.png,700dee90ec86a83133bac986fba383112f64d681f68584ef3daf74cc81fcb2d2
val,no_fire/00017,No Fire,00017,0,machine_partial,diagnostic_only_not_model_input,data/flame3/No Fire/RGB/Corrected FOV/00017.JPG,9cfb8210cc69be6920a83567d6d369e5bd1eef108f6353f9e949c33e24ad1b61,data/flame3/No Fire/Thermal/Raw JPG/00017.JPG,f33d5600b69846d50ed782c7c0c088bf6b945d3ee75743db48c69fd93ee052a9,data/flame3/No Fire/Thermal/Celsius TIFF/00017.TIFF,2b4943204ebfa16f7c2f0f27277c7ec9c384fdc0900d936ae1510eccdc65ef76,project_support/artifacts/flame3_manual_smoke_v2/machine_labels/labels/masks/val/no_fire/00017.png,700dee90ec86a83133bac986fba383112f64d681f68584ef3daf74cc81fcb2d2,project_support/artifacts/flame3_manual_smoke_v2/machine_labels/labels/boundary_maps/val/no_fire/00017.png,700dee90ec86a83133bac986fba383112f64d681f68584ef3daf74cc81fcb2d2
val,no_fire/00020,No Fire,00020,0,machine_partial,diagnostic_only_not_model_input,data/flame3/No Fire/RGB/Corrected FOV/00020.JPG,57f406deaef8aad41d20ef0a1a3d1b2d20fd6d4e72bfcc04007eb9fece0536c3,data/flame3/No Fire/Thermal/Raw JPG/00020.JPG,80655e9425e3e0f38bf03d54f79b29b1673e654039f9104ea167b149a3d428e5,data/flame3/No Fire/Thermal/Celsius TIFF/00020.TIFF,ab28c74205ef13f090091f89a8dcb09d77aaa6923cb190e2ccbbc869250fe2d5,project_support/artifacts/flame3_manual_smoke_v2/machine_labels/labels/masks/val/no_fire/00020.png,700dee90ec86a83133bac986fba383112f64d681f68584ef3daf74cc81fcb2d2,project_support/artifacts/flame3_manual_smoke_v2/machine_labels/labels/boundary_maps/val/no_fire/00020.png,700dee90ec86a83133bac986fba383112f64d681f68584ef3daf74cc81fcb2d2
val,no_fire/00024,No Fire,00024,0,machine_partial,diagnostic_only_not_model_input,data/flame3/No Fire/RGB/Corrected FOV/00024.JPG,69cce3b1a24c7fbb29eec58e3227baefa2b6c64268a54731194f4c8c5e420128,data/flame3/No Fire/Thermal/Raw JPG/00024.JPG,802d71288172b4c9235140b4db90f13ca15ca898489af4173a3cd62d4bb097e3,data/flame3/No Fire/Thermal/Celsius TIFF/00024.TIFF,d68c1d308b3de7d382cfcc5202c871c56bfc81f3eed12eefca9cdd16de91ae55,project_support/artifacts/flame3_manual_smoke_v2/machine_labels/labels/masks/val/no_fire/00024.png,700dee90ec86a83133bac986fba383112f64d681f68584ef3daf74cc81fcb2d2,project_support/artifacts/flame3_manual_smoke_v2/machine_labels/labels/boundary_maps/val/no_fire/00024.png,700dee90ec86a83133bac986fba383112f64d681f68584ef3daf74cc81fcb2d2
val,no_fire/00027,No Fire,00027,0,machine_partial,diagnostic_only_not_model_input,data/flame3/No Fire/RGB/Corrected FOV/00027.JPG,919586763d03e20f92167bfbbd024cc9317bbc76a5abecb5a79eab068709b322,data/flame3/No Fire/Thermal/Raw JPG/00027.JPG,bdb1110c5f24f307ebb9d452c84455f29bb1fabf9d6c86cc264c439701261404,data/flame3/No Fire/Thermal/Celsius TIFF/00027.TIFF,f67c9f58f39f0cd73d35027b95420dcc107b263f4612155948a7911c3f350a4f,project_support/artifacts/flame3_manual_smoke_v2/machine_labels/labels/masks/val/no_fire/00027.png,700dee90ec86a83133bac986fba383112f64d681f68584ef3daf74cc81fcb2d2,project_support/artifacts/flame3_manual_smoke_v2/machine_labels/labels/boundary_maps/val/no_fire/00027.png,700dee90ec86a83133bac986fba383112f64d681f68584ef3daf74cc81fcb2d2
val,no_fire/00028,No Fire,00028,0,machine_partial,diagnostic_only_not_model_input,data/flame3/No Fire/RGB/Corrected FOV/00028.JPG,35da1c93c99c9bfe188cb14f7ee709186d70e9cf14fa7c850b7d9d59664bd15a,data/flame3/No Fire/Thermal/Raw JPG/00028.JPG,e04173afbae6a6d0cb8c7831d447325c539ae7973f8575ee6dc3cf52527673a7,data/flame3/No Fire/Thermal/Celsius TIFF/00028.TIFF,688dd66bafcb2ecda2ca5d27828646da21dde24d0a759a782aab90c35ebc0c09,project_support/artifacts/flame3_manual_smoke_v2/machine_labels/labels/masks/val/no_fire/00028.png,700dee90ec86a83133bac986fba383112f64d681f68584ef3daf74cc81fcb2d2,project_support/artifacts/flame3_manual_smoke_v2/machine_labels/labels/boundary_maps/val/no_fire/00028.png,700dee90ec86a83133bac986fba383112f64d681f68584ef3daf74cc81fcb2d2
val,no_fire/00030,No Fire,00030,0,machine_partial,diagnostic_only_not_model_input,data/flame3/No Fire/RGB/Corrected FOV/00030.JPG,7cbc1581b1bb6761f76f50ef094999296f25e9c7a05536cd0ff0d46775c6e985,data/flame3/No Fire/Thermal/Raw JPG/00030.JPG,4c8e9ce061ccbd1c6c86811c1beca358748877781119af21d1fa616824ee4528,data/flame3/No Fire/Thermal/Celsius TIFF/00030.TIFF,1115aae00efdd9724e51d2257c8da8265c0c829197fc7d29760fc490df21b692,project_support/artifacts/flame3_manual_smoke_v2/machine_labels/labels/masks/val/no_fire/00030.png,700dee90ec86a83133bac986fba383112f64d681f68584ef3daf74cc81fcb2d2,project_support/artifacts/flame3_manual_smoke_v2/machine_labels/labels/boundary_maps/val/no_fire/00030.png,700dee90ec86a83133bac986fba383112f64d681f68584ef3daf74cc81fcb2d2
val,no_fire/00036,No Fire,00036,0,machine_partial,diagnostic_only_not_model_input,data/flame3/No Fire/RGB/Corrected FOV/00036.JPG,461e4e7ba6fa31cc5b80fd63d432ed0ef566aafee526c9d6953e04db3060068e,data/flame3/No Fire/Thermal/Raw JPG/00036.JPG,9cb781b8a23aeac96f2cd5abb7036583a19a83152967fe61b1442e0ecf8f6065,data/flame3/No Fire/Thermal/Celsius TIFF/00036.TIFF,f4cbce1be267a9645da8df28d1b68b5f244c0e885ff20a774bf3c30715c2e05c,project_support/artifacts/flame3_manual_smoke_v2/machine_labels/labels/masks/val/no_fire/00036.png,700dee90ec86a83133bac986fba383112f64d681f68584ef3daf74cc81fcb2d2,project_support/artifacts/flame3_manual_smoke_v2/machine_labels/labels/boundary_maps/val/no_fire/00036.png,700dee90ec86a83133bac986fba383112f64d681f68584ef3daf74cc81fcb2d2
val,no_fire/00040,No Fire,00040,0,machine_partial,diagnostic_only_not_model_input,data/flame3/No Fire/RGB/Corrected FOV/00040.JPG,c3e8b812e8d253559a3d4464d99a6e832f93af782e4097417384c00e48b8e19e,data/flame3/No Fire/Thermal/Raw JPG/00040.JPG,3aa3567a2b712bf0fc47aa5621eed97e0a0a94aac46c505b6b0424d6a1519748,data/flame3/No Fire/Thermal/Celsius TIFF/00040.TIFF,021cbbfad6e02d2b7f79cd18ff22ef3911edf960acd6f52363b02feed349b024,project_support/artifacts/flame3_manual_smoke_v2/machine_labels/labels/masks/val/no_fire/00040.png,700dee90ec86a83133bac986fba383112f64d681f68584ef3daf74cc81fcb2d2,project_support/artifacts/flame3_manual_smoke_v2/machine_labels/labels/boundary_maps/val/no_fire/00040.png,700dee90ec86a83133bac986fba383112f64d681f68584ef3daf74cc81fcb2d2
val,no_fire/00041,No Fire,00041,0,machine_partial,diagnostic_only_not_model_input,data/flame3/No Fire/RGB/Corrected FOV/00041.JPG,6c133943a71ae84a4fa678f1c70a458ad02f5bb46264a541e3835226dfc1eeeb,data/flame3/No Fire/Thermal/Raw JPG/00041.JPG,82318202821ab736d066fa7e432f165f7883029da465116680d638f6518fcb2c,data/flame3/No Fire/Thermal/Celsius TIFF/00041.TIFF,44d5aa0ff5aac74972c062049aaa4fd82ec4d0dec937a8a00dc62ee07b24bb2b,project_support/artifacts/flame3_manual_smoke_v2/machine_labels/labels/masks/val/no_fire/00041.png,700dee90ec86a83133bac986fba383112f64d681f68584ef3daf74cc81fcb2d2,project_support/artifacts/flame3_manual_smoke_v2/machine_labels/labels/boundary_maps/val/no_fire/00041.png,700dee90ec86a83133bac986fba383112f64d681f68584ef3daf74cc81fcb2d2
val,no_fire/00042,No Fire,00042,0,machine_partial,diagnostic_only_not_model_input,data/flame3/No Fire/RGB/Corrected FOV/00042.JPG,240ea6f95f1a1f6e757b6f543317ec5fb1adda0f9d3254a4af48c1799f4ffa5d,data/flame3/No Fire/Thermal/Raw JPG/00042.JPG,d65089fabf274726132673b241c18dfc44a57fed4874f16fd76c1ae0f66f4abe,data/flame3/No Fire/Thermal/Celsius TIFF/00042.TIFF,452596d014a137716eb1fe9f527b05569a4f55c0c9b4fdb09b6bfb3574d9bbc3,project_support/artifacts/flame3_manual_smoke_v2/machine_labels/labels/masks/val/no_fire/00042.png,700dee90ec86a83133bac986fba383112f64d681f68584ef3daf74cc81fcb2d2,project_support/artifacts/flame3_manual_smoke_v2/machine_labels/labels/boundary_maps/val/no_fire/00042.png,700dee90ec86a83133bac986fba383112f64d681f68584ef3daf74cc81fcb2d2
val,no_fire/00045,No Fire,00045,0,machine_partial,diagnostic_only_not_model_input,data/flame3/No Fire/RGB/Corrected FOV/00045.JPG,14bc3ab22abf5b923dd2b54d1e66240bcedaec77cc2d765553da04dfef24ba69,data/flame3/No Fire/Thermal/Raw JPG/00045.JPG,d2db8b34e1559bd80c6aa599270d1eeb6c3a9dcc4675f495fcdfd576d0fdc3bc,data/flame3/No Fire/Thermal/Celsius TIFF/00045.TIFF,df4396be2924c854d3968f48569ebd0f7d44595eb86df86a9df68a2f8a547b0d,project_support/artifacts/flame3_manual_smoke_v2/machine_labels/labels/masks/val/no_fire/00045.png,700dee90ec86a83133bac986fba383112f64d681f68584ef3daf74cc81fcb2d2,project_support/artifacts/flame3_manual_smoke_v2/machine_labels/labels/boundary_maps/val/no_fire/00045.png,700dee90ec86a83133bac986fba383112f64d681f68584ef3daf74cc81fcb2d2
val,no_fire/00048,No Fire,00048,0,machine_partial,diagnostic_only_not_model_input,data/flame3/No Fire/RGB/Corrected FOV/00048.JPG,09c23a7798b7151d4a365ded9ae23266af2913d2626f62ea2f61a7c1c62a1256,data/flame3/No Fire/Thermal/Raw JPG/00048.JPG,8f58c70ce1291bac0bf6f4f8f39945a338cbfdf5ca4a4c3928718f5c9cb2e528,data/flame3/No Fire/Thermal/Celsius TIFF/00048.TIFF,cca52b2dc0eb6a36310fa2eefc396e83eb94ee40a9cc08463d828c238e32ba95,project_support/artifacts/flame3_manual_smoke_v2/machine_labels/labels/masks/val/no_fire/00048.png,700dee90ec86a83133bac986fba383112f64d681f68584ef3daf74cc81fcb2d2,project_support/artifacts/flame3_manual_smoke_v2/machine_labels/labels/boundary_maps/val/no_fire/00048.png,700dee90ec86a83133bac986fba383112f64d681f68584ef3daf74cc81fcb2d2
val,no_fire/00049,No Fire,00049,0,machine_partial,diagnostic_only_not_model_input,data/flame3/No Fire/RGB/Corrected FOV/00049.JPG,d02e61949230a6e75476acf51eba42c23c0182b7a5857d3b256baa50b54ef91b,data/flame3/No Fire/Thermal/Raw JPG/00049.JPG,dbe4184e36a395859924f95e853103a9711205e598c045760b93d793136e0b4f,data/flame3/No Fire/Thermal/Celsius TIFF/00049.TIFF,91fc3dd87fd9bb651f4a3ff6b78607f16f84d3bfca15f533c8410b61acd8a052,project_support/artifacts/flame3_manual_smoke_v2/machine_labels/labels/masks/val/no_fire/00049.png,700dee90ec86a83133bac986fba383112f64d681f68584ef3daf74cc81fcb2d2,project_support/artifacts/flame3_manual_smoke_v2/machine_labels/labels/boundary_maps/val/no_fire/00049.png,700dee90ec86a83133bac986fba383112f64d681f68584ef3daf74cc81fcb2d2
val,no_fire/00053,No Fire,00053,0,machine_partial,diagnostic_only_not_model_input,data/flame3/No Fire/RGB/Corrected FOV/00053.JPG,f7c9a4862c903cc4215f7914c51ef21ab67e3f17dc51d510fd9e8880681549a6,data/flame3/No Fire/Thermal/Raw JPG/00053.JPG,c4976f64be4fd35419b8732bf1bb9ef9e0b0caa0d4cf2af83bf8d153f725a0f0,data/flame3/No Fire/Thermal/Celsius TIFF/00053.TIFF,9c9e9062a2d6569b6ade3a2032754544b7d053708f57279b927f0d512edcd338,project_support/artifacts/flame3_manual_smoke_v2/machine_labels/labels/masks/val/no_fire/00053.png,700dee90ec86a83133bac986fba383112f64d681f68584ef3daf74cc81fcb2d2,project_support/artifacts/flame3_manual_smoke_v2/machine_labels/labels/boundary_maps/val/no_fire/00053.png,700dee90ec86a83133bac986fba383112f64d681f68584ef3daf74cc81fcb2d2
val,no_fire/00057,No Fire,00057,0,machine_partial,diagnostic_only_not_model_input,data/flame3/No Fire/RGB/Corrected FOV/00057.JPG,95fad1c05e82d65c4a1fb14dcf283bdf0f446ec161a6ac41a02e21650d7a5331,data/flame3/No Fire/Thermal/Raw JPG/00057.JPG,35738184ea0b41e44c83a796ea190c2423163d0b869be5bc6fab0a4fcd084bfa,data/flame3/No Fire/Thermal/Celsius TIFF/00057.TIFF,4e6d37ca88153700991cb4bb2e201ad76d296d4f2ddfe98bda4f19e0ddffe60d,project_support/artifacts/flame3_manual_smoke_v2/machine_labels/labels/masks/val/no_fire/00057.png,700dee90ec86a83133bac986fba383112f64d681f68584ef3daf74cc81fcb2d2,project_support/artifacts/flame3_manual_smoke_v2/machine_labels/labels/boundary_maps/val/no_fire/00057.png,700dee90ec86a83133bac986fba383112f64d681f68584ef3daf74cc81fcb2d2
val,no_fire/00062,No Fire,00062,0,machine_partial,diagnostic_only_not_model_input,data/flame3/No Fire/RGB/Corrected FOV/00062.JPG,a691f9c38ce4101ee83f51bd5cff34c7006bbd6448f444ff234b37c53a3c86a4,data/flame3/No Fire/Thermal/Raw JPG/00062.JPG,d43b01dfa5375881fa4a649eb18e1b6fda8e6f8f0f62d2d1b6994b39d2612176,data/flame3/No Fire/Thermal/Celsius TIFF/00062.TIFF,855ff40614b425ec2d3d0f87d409910f5092acfa65eba1385780b6135c30a4ca,project_support/artifacts/flame3_manual_smoke_v2/machine_labels/labels/masks/val/no_fire/00062.png,700dee90ec86a83133bac986fba383112f64d681f68584ef3daf74cc81fcb2d2,project_support/artifacts/flame3_manual_smoke_v2/machine_labels/labels/boundary_maps/val/no_fire/00062.png,700dee90ec86a83133bac986fba383112f64d681f68584ef3daf74cc81fcb2d2
val,no_fire/00068,No Fire,00068,0,machine_partial,diagnostic_only_not_model_input,data/flame3/No Fire/RGB/Corrected FOV/00068.JPG,3120ac25545fb7ceaa8d7a5db41b930ee8d3f31989214f0884dffbd0f2ed1417,data/flame3/No Fire/Thermal/Raw JPG/00068.JPG,febb16138efb715040b437d859ab77543160f85a893dec911256439328f2375f,data/flame3/No Fire/Thermal/Celsius TIFF/00068.TIFF,b0edc2e19578ea1159ca6ad51e246e4ce0407a351f0efac481aeefeb2fcd5784,project_support/artifacts/flame3_manual_smoke_v2/machine_labels/labels/masks/val/no_fire/00068.png,700dee90ec86a83133bac986fba383112f64d681f68584ef3daf74cc81fcb2d2,project_support/artifacts/flame3_manual_smoke_v2/machine_labels/labels/boundary_maps/val/no_fire/00068.png,700dee90ec86a83133bac986fba383112f64d681f68584ef3daf74cc81fcb2d2
val,no_fire/00072,No Fire,00072,0,machine_partial,diagnostic_only_not_model_input,data/flame3/No Fire/RGB/Corrected FOV/00072.JPG,ff97680c71b5921b2d70d5622b99a9c28a221065844b92a13030f672b3321a64,data/flame3/No Fire/Thermal/Raw JPG/00072.JPG,d77a2a07e71785b3bd4272f191cca4764b201fd95efa0795535adb9e5c717454,data/flame3/No Fire/Thermal/Celsius TIFF/00072.TIFF,6c12cf32a6f082fad0a3eca627b53c4f49ef7a11671e69e2ac1442d382274a49,project_support/artifacts/flame3_manual_smoke_v2/machine_labels/labels/masks/val/no_fire/00072.png,700dee90ec86a83133bac986fba383112f64d681f68584ef3daf74cc81fcb2d2,project_support/artifacts/flame3_manual_smoke_v2/machine_labels/labels/boundary_maps/val/no_fire/00072.png,700dee90ec86a83133bac986fba383112f64d681f68584ef3daf74cc81fcb2d2
val,no_fire/00076,No Fire,00076,0,machine_partial,diagnostic_only_not_model_input,data/flame3/No Fire/RGB/Corrected FOV/00076.JPG,197e07444f71011a88a4ed96b8438bbdbfe82589f0c342f1f383d1d048cced7d,data/flame3/No Fire/Thermal/Raw JPG/00076.JPG,844b9227b046917ac5468a88886889c61b989e2494c7fa9c947c67487c836b81,data/flame3/No Fire/Thermal/Celsius TIFF/00076.TIFF,d70d88a3db6e0245f5eaff5a867f072277a70673338782affdc9472bcbc71513,project_support/artifacts/flame3_manual_smoke_v2/machine_labels/labels/masks/val/no_fire/00076.png,700dee90ec86a83133bac986fba383112f64d681f68584ef3daf74cc81fcb2d2,project_support/artifacts/flame3_manual_smoke_v2/machine_labels/labels/boundary_maps/val/no_fire/00076.png,700dee90ec86a83133bac986fba383112f64d681f68584ef3daf74cc81fcb2d2
val,no_fire/00084,No Fire,00084,0,machine_partial,diagnostic_only_not_model_input,data/flame3/No Fire/RGB/Corrected FOV/00084.JPG,ce544e509fc673064b3c161cb2213953f327ea29eba436fb419281b887fc6152,data/flame3/No Fire/Thermal/Raw JPG/00084.JPG,d2ad6ce8f535a9b4787cbb2b35de70b7474e2767a993c34f54ccf88c4d333a29,data/flame3/No Fire/Thermal/Celsius TIFF/00084.TIFF,318f09b132a6f1773b1791ede275d363399e1185dd36b9bf8b57fbfbb1392a77,project_support/artifacts/flame3_manual_smoke_v2/machine_labels/labels/masks/val/no_fire/00084.png,700dee90ec86a83133bac986fba383112f64d681f68584ef3daf74cc81fcb2d2,project_support/artifacts/flame3_manual_smoke_v2/machine_labels/labels/boundary_maps/val/no_fire/00084.png,700dee90ec86a83133bac986fba383112f64d681f68584ef3daf74cc81fcb2d2
val,no_fire/00086,No Fire,00086,0,machine_partial,diagnostic_only_not_model_input,data/flame3/No Fire/RGB/Corrected FOV/00086.JPG,6dfa14798c3f452df18435ad1c94e36e0a07dd52067e8002bcaf3f53d0c3f7a4,data/flame3/No Fire/Thermal/Raw JPG/00086.JPG,051f8d922179f0b4add8f3b2af00aa0999f3f23ec83bbffc72d6bb59a6e47eb3,data/flame3/No Fire/Thermal/Celsius TIFF/00086.TIFF,f2a8d493e23373e578cdb0c49a58e258df46819d01f6f36815702751f051485f,project_support/artifacts/flame3_manual_smoke_v2/machine_labels/labels/masks/val/no_fire/00086.png,700dee90ec86a83133bac986fba383112f64d681f68584ef3daf74cc81fcb2d2,project_support/artifacts/flame3_manual_smoke_v2/machine_labels/labels/boundary_maps/val/no_fire/00086.png,700dee90ec86a83133bac986fba383112f64d681f68584ef3daf74cc81fcb2d2
val,no_fire/00087,No Fire,00087,0,machine_partial,diagnostic_only_not_model_input,data/flame3/No Fire/RGB/Corrected FOV/00087.JPG,e16f92acb2be5ff27dd6d85049ccd575a2e6f529fd38210253c561ff027cc995,data/flame3/No Fire/Thermal/Raw JPG/00087.JPG,7f6c373808a518fdddbd3580c923840729bbc0c8f69304b25c942cb23ab6fe73,data/flame3/No Fire/Thermal/Celsius TIFF/00087.TIFF,8cca1164fd679a83723b60c1c4cfbbe82e1c68c0f0fb1193da6d21ddbb474c23,project_support/artifacts/flame3_manual_smoke_v2/machine_labels/labels/masks/val/no_fire/00087.png,700dee90ec86a83133bac986fba383112f64d681f68584ef3daf74cc81fcb2d2,project_support/artifacts/flame3_manual_smoke_v2/machine_labels/labels/boundary_maps/val/no_fire/00087.png,700dee90ec86a83133bac986fba383112f64d681f68584ef3daf74cc81fcb2d2
val,no_fire/00088,No Fire,00088,0,machine_partial,diagnostic_only_not_model_input,data/flame3/No Fire/RGB/Corrected FOV/00088.JPG,443eec18d455877669c594b3e060c26c027dce3e8192dd1443e29c6edc711e48,data/flame3/No Fire/Thermal/Raw JPG/00088.JPG,a347894fbe09be364d466b217e60fd8f417bdb122b2985c9c1bb2cf7dd3ad9b9,data/flame3/No Fire/Thermal/Celsius TIFF/00088.TIFF,f88195ea92962e9445a96df6f6891506f4b4778a7c5a7207befc90e549ea95dd,project_support/artifacts/flame3_manual_smoke_v2/machine_labels/labels/masks/val/no_fire/00088.png,700dee90ec86a83133bac986fba383112f64d681f68584ef3daf74cc81fcb2d2,project_support/artifacts/flame3_manual_smoke_v2/machine_labels/labels/boundary_maps/val/no_fire/00088.png,700dee90ec86a83133bac986fba383112f64d681f68584ef3daf74cc81fcb2d2
val,no_fire/00089,No Fire,00089,0,machine_partial,diagnostic_only_not_model_input,data/flame3/No Fire/RGB/Corrected FOV/00089.JPG,55304156b3826d7556304b342bfb0e35b5d7466c6790ba9131b6fffecce8f1dd,data/flame3/No Fire/Thermal/Raw JPG/00089.JPG,c8247c42fcef0fe3ecbc187e657f8100d88efbea82f211f836a03b0dd6a88fb0,data/flame3/No Fire/Thermal/Celsius TIFF/00089.TIFF,acaafbba285a9087dc65bd899f16fa33c7312465f4372cf249da6264ef28a30e,project_support/artifacts/flame3_manual_smoke_v2/machine_labels/labels/masks/val/no_fire/00089.png,700dee90ec86a83133bac986fba383112f64d681f68584ef3daf74cc81fcb2d2,project_support/artifacts/flame3_manual_smoke_v2/machine_labels/labels/boundary_maps/val/no_fire/00089.png,700dee90ec86a83133bac986fba383112f64d681f68584ef3daf74cc81fcb2d2
val,no_fire/00097,No Fire,00097,0,machine_partial,diagnostic_only_not_model_input,data/flame3/No Fire/RGB/Corrected FOV/00097.JPG,fe291f8a845d32d38ae5e1fd659261b9a7e1b592b49c48ba76293c9eaca110a8,data/flame3/No Fire/Thermal/Raw JPG/00097.JPG,a4311b765391d20b921517a964ace235201f294ddff5ccb4ff519555fcdfbc66,data/flame3/No Fire/Thermal/Celsius TIFF/00097.TIFF,5792ddbf0c53527c1edbe1ea9bf37d4f308edb5854e424a69d0a625cc5c764d5,project_support/artifacts/flame3_manual_smoke_v2/machine_labels/labels/masks/val/no_fire/00097.png,700dee90ec86a83133bac986fba383112f64d681f68584ef3daf74cc81fcb2d2,project_support/artifacts/flame3_manual_smoke_v2/machine_labels/labels/boundary_maps/val/no_fire/00097.png,700dee90ec86a83133bac986fba383112f64d681f68584ef3daf74cc81fcb2d2
val,no_fire/00099,No Fire,00099,0,machine_partial,diagnostic_only_not_model_input,data/flame3/No Fire/RGB/Corrected FOV/00099.JPG,62fdef489a2ea576c2e62fdc46b970657d314fd3ec56f6aba14dfd08f8a7e6b5,data/flame3/No Fire/Thermal/Raw JPG/00099.JPG,19b9da5090f2edc75475b556defeacb24da69b059174bb7911ee1714b9646665,data/flame3/No Fire/Thermal/Celsius TIFF/00099.TIFF,b572cd508992ad0b4d57de168ffea6bee0b330982d903c8fb8c24ba7b906d4fd,project_support/artifacts/flame3_manual_smoke_v2/machine_labels/labels/masks/val/no_fire/00099.png,700dee90ec86a83133bac986fba383112f64d681f68584ef3daf74cc81fcb2d2,project_support/artifacts/flame3_manual_smoke_v2/machine_labels/labels/boundary_maps/val/no_fire/00099.png,700dee90ec86a83133bac986fba383112f64d681f68584ef3daf74cc81fcb2d2
val,no_fire/00100,No Fire,00100,0,machine_partial,diagnostic_only_not_model_input,data/flame3/No Fire/RGB/Corrected FOV/00100.JPG,db6f45a804b6c982cfd2913d83f17891528c44b6f964f17d06fca3e43a1b410e,data/flame3/No Fire/Thermal/Raw JPG/00100.JPG,79364edad1c58ecb228d17735ebc392f30a443c6af8b4056ea85c2cb91fab42e,data/flame3/No Fire/Thermal/Celsius TIFF/00100.TIFF,6d89611c0e0dbfc42e02da57d005ccf5a17f0247b83b07650744404437f67ce2,project_support/artifacts/flame3_manual_smoke_v2/machine_labels/labels/masks/val/no_fire/00100.png,700dee90ec86a83133bac986fba383112f64d681f68584ef3daf74cc81fcb2d2,project_support/artifacts/flame3_manual_smoke_v2/machine_labels/labels/boundary_maps/val/no_fire/00100.png,700dee90ec86a83133bac986fba383112f64d681f68584ef3daf74cc81fcb2d2
val,no_fire/00105,No Fire,00105,0,machine_partial,diagnostic_only_not_model_input,data/flame3/No Fire/RGB/Corrected FOV/00105.JPG,73965537beb974613a025beb0080939361abef93cb0dc7a3a133d91ee5caeba4,data/flame3/No Fire/Thermal/Raw JPG/00105.JPG,90ea2828e1e27c3275c080e8fb30cb3ea9a712e4c8bd2397094cd19de14cd55d,data/flame3/No Fire/Thermal/Celsius TIFF/00105.TIFF,51cfadef4cf34c19040217f585e27944d140d22330fd9e5c63fb69a99622c78d,project_support/artifacts/flame3_manual_smoke_v2/machine_labels/labels/masks/val/no_fire/00105.png,700dee90ec86a83133bac986fba383112f64d681f68584ef3daf74cc81fcb2d2,project_support/artifacts/flame3_manual_smoke_v2/machine_labels/labels/boundary_maps/val/no_fire/00105.png,700dee90ec86a83133bac986fba383112f64d681f68584ef3daf74cc81fcb2d2
val,no_fire/00108,No Fire,00108,0,machine_partial,diagnostic_only_not_model_input,data/flame3/No Fire/RGB/Corrected FOV/00108.JPG,c6d84b331330d3ca751dac7686cccf4a694abff4b9395f97b133506f972ffba6,data/flame3/No Fire/Thermal/Raw JPG/00108.JPG,3f541623a6c0d74b245c199cdc27120e42f1f29d238c4abf9751e6394b3b181a,data/flame3/No Fire/Thermal/Celsius TIFF/00108.TIFF,79880287f197e41039a17e18537e90260af747433d503b499a0906aaa138012b,project_support/artifacts/flame3_manual_smoke_v2/machine_labels/labels/masks/val/no_fire/00108.png,700dee90ec86a83133bac986fba383112f64d681f68584ef3daf74cc81fcb2d2,project_support/artifacts/flame3_manual_smoke_v2/machine_labels/labels/boundary_maps/val/no_fire/00108.png,700dee90ec86a83133bac986fba383112f64d681f68584ef3daf74cc81fcb2d2
val,no_fire/00109,No Fire,00109,0,machine_partial,diagnostic_only_not_model_input,data/flame3/No Fire/RGB/Corrected FOV/00109.JPG,8237f5b70120aaa296a49c9a3ff3ccce389c9d23347aeacac92a83dc3f57409d,data/flame3/No Fire/Thermal/Raw JPG/00109.JPG,39998f23c3f13cd96b128a7b3acc12e87904de0c4bd2f2e83f1a9dd5e4319c89,data/flame3/No Fire/Thermal/Celsius TIFF/00109.TIFF,4467b3ad504536ae104212698d305862562966b1cab71cb48782bedd46526904,project_support/artifacts/flame3_manual_smoke_v2/machine_labels/labels/masks/val/no_fire/00109.png,700dee90ec86a83133bac986fba383112f64d681f68584ef3daf74cc81fcb2d2,project_support/artifacts/flame3_manual_smoke_v2/machine_labels/labels/boundary_maps/val/no_fire/00109.png,700dee90ec86a83133bac986fba383112f64d681f68584ef3daf74cc81fcb2d2
val,no_fire/00112,No Fire,00112,0,machine_partial,diagnostic_only_not_model_input,data/flame3/No Fire/RGB/Corrected FOV/00112.JPG,ed0e155b246da22c31d7ab913ddd844c32cf1ebdb6899899bdc07bcd6061a98e,data/flame3/No Fire/Thermal/Raw JPG/00112.JPG,7a68a48bfbb32917d004399029e6eedf0e7768d566c6c9b27ad92253b2f8d90f,data/flame3/No Fire/Thermal/Celsius TIFF/00112.TIFF,beacd2d54d9e6a01e22f5da39bc4dbf494edb5b8296d5f609a31c6f1b0ccc78a,project_support/artifacts/flame3_manual_smoke_v2/machine_labels/labels/masks/val/no_fire/00112.png,700dee90ec86a83133bac986fba383112f64d681f68584ef3daf74cc81fcb2d2,project_support/artifacts/flame3_manual_smoke_v2/machine_labels/labels/boundary_maps/val/no_fire/00112.png,700dee90ec86a83133bac986fba383112f64d681f68584ef3daf74cc81fcb2d2
val,no_fire/00116,No Fire,00116,0,machine_partial,diagnostic_only_not_model_input,data/flame3/No Fire/RGB/Corrected FOV/00116.JPG,6c088e22b7e45ced51d602dd08ba53dae1c45a2c7166b19149f9b311dccd3554,data/flame3/No Fire/Thermal/Raw JPG/00116.JPG,99d4a7c427c329595f902774a87a140befed9567471277180b91e5b5a6e2fb97,data/flame3/No Fire/Thermal/Celsius TIFF/00116.TIFF,ce3f52002e9aa607c792084746e14580f34212cdfbc806632a8a1bb0657e7af2,project_support/artifacts/flame3_manual_smoke_v2/machine_labels/labels/masks/val/no_fire/00116.png,700dee90ec86a83133bac986fba383112f64d681f68584ef3daf74cc81fcb2d2,project_support/artifacts/flame3_manual_smoke_v2/machine_labels/labels/boundary_maps/val/no_fire/00116.png,700dee90ec86a83133bac986fba383112f64d681f68584ef3daf74cc81fcb2d2
test107,fire/00215,Fire,00215,1,manual_dense,diagnostic_only_not_model_input,data/flame3/Fire/RGB/Corrected FOV/00215.JPG,9062c6f1cc559541c329fe50e8799f866f7bb59b1dc58aa059885a2b79ba64a5,data/flame3/Fire/Thermal/Raw JPG/00215.JPG,aaeef326d39ee07dd5424a4ca246651c616f82cca32d0e4e1aba573a930dae34,data/flame3/Fire/Thermal/Celsius TIFF/00215.TIFF,a56d8051cca601c39ce570606e983681dcbc42601375e44811cad63a400b1f81,project_support/data/flame3_test_manual_threeclass_frozen_v1/masks/T001.png,4058f214222eaade527fc028def24217f0c23777601e233cc46a1a62f1aa1573,,
test107,no_fire/00101,No Fire,00101,1,manual_dense,diagnostic_only_not_model_input,data/flame3/No Fire/RGB/Corrected FOV/00101.JPG,e43a7b735f4ebeddd82ee1e8ddef4fb10ee10b359599ab62dedadef5b48f8a8b,data/flame3/No Fire/Thermal/Raw JPG/00101.JPG,53a29a69144d07dc752faf3e066334610865293986ce5eccd2567201d14f1e22,data/flame3/No Fire/Thermal/Celsius TIFF/00101.TIFF,ef9942c59662ed08c8525f316c0e555be301ded37aa3c67d5d661099fefee084,project_support/data/flame3_test_manual_threeclass_frozen_v1/masks/T002.png,700dee90ec86a83133bac986fba383112f64d681f68584ef3daf74cc81fcb2d2,,
test107,fire/00204,Fire,00204,1,manual_dense,diagnostic_only_not_model_input,data/flame3/Fire/RGB/Corrected FOV/00204.JPG,5ad30e340fffc05507162f529b2a62dc816c0dd4620ce08ab7a782c1059a1577,data/flame3/Fire/Thermal/Raw JPG/00204.JPG,7b5d4cbb2b83625e0a959e66947642d3155beb8fd267e0539c0c0a7c1816038f,data/flame3/Fire/Thermal/Celsius TIFF/00204.TIFF,dbb4add0bcff2ff0017279d25997691b94f1f3e5f379fe3fce959748e033de78,project_support/data/flame3_test_manual_threeclass_frozen_v1/masks/T003.png,59339c2d24a29f07cfcdc0b2127d7122880c363e394938da5fff462386eaef08,,
test107,fire/00524,Fire,00524,1,manual_dense,diagnostic_only_not_model_input,data/flame3/Fire/RGB/Corrected FOV/00524.JPG,9bb21e3a4055c552cfffa4424c43ec76f783f27a4c74c79042ca0e5cd8e88a8d,data/flame3/Fire/Thermal/Raw JPG/00524.JPG,aa4a9565a6b95feaa36b4f1ffff20630da0c8a37748199bedcdc7b2ffeaf1e1b,data/flame3/Fire/Thermal/Celsius TIFF/00524.TIFF,6132db5c6898ade614e38da6d06aedc9e48dc457b7de83fd2ebd85068e414205,project_support/data/flame3_test_manual_threeclass_frozen_v1/masks/T004.png,fd588197136085179785b9211b873e337380fd1f95c5e62195a78fdf05dfbf77,,
test107,fire/00441,Fire,00441,1,manual_dense,diagnostic_only_not_model_input,data/flame3/Fire/RGB/Corrected FOV/00441.JPG,e5249e1a4a9fa272c1fcf6877ca631aafd3759a078d5e93602fcf5ba62480fb0,data/flame3/Fire/Thermal/Raw JPG/00441.JPG,5cbc3cced8f9561c09f517e6321a9d633ff496cb9983d0f2135481b201924ba5,data/flame3/Fire/Thermal/Celsius TIFF/00441.TIFF,193cb74e8ca3bd724f6281134253440061269771fd2633d0e4c1ccca05855164,project_support/data/flame3_test_manual_threeclass_frozen_v1/masks/T005.png,973d74dd6862c7199294c4b22579c8a5109869b2044644ec2f591c0525c79c56,,
test107,fire/00608,Fire,00608,1,manual_dense,diagnostic_only_not_model_input,data/flame3/Fire/RGB/Corrected FOV/00608.JPG,359dbac6263d143eecb11f95e6656fbe824d0b98a6eca298df6136e302f87a30,data/flame3/Fire/Thermal/Raw JPG/00608.JPG,f8891f9e2f007cc59ae8de1c149ec5845f102912f61d6d4e78b79f2ac3b3d165,data/flame3/Fire/Thermal/Celsius TIFF/00608.TIFF,3821cbbd435c8a4dc62146e72604b547e50112ee5ce36420bc9ad7f310a5945f,project_support/data/flame3_test_manual_threeclass_frozen_v1/masks/T006.png,df4c5c93a180fd32b1f9a01cdc3a131685c651bf45f46bf4806c23cff4100c1d,,
test107,fire/00359,Fire,00359,1,manual_dense,diagnostic_only_not_model_input,data/flame3/Fire/RGB/Corrected FOV/00359.JPG,19914e6681bb2ae3374b68577c02ce4ea2cc6bbdded3c05cf25591e065e417c2,data/flame3/Fire/Thermal/Raw JPG/00359.JPG,dce8ea89429efbb4d8db858cf97305995e4b2e10bf2042564148457cd9937fdf,data/flame3/Fire/Thermal/Celsius TIFF/00359.TIFF,a113acd9148ece6dd0c59a41bab2ccd64e095501148a8a8728170eaf5b964c71,project_support/data/flame3_test_manual_threeclass_frozen_v1/masks/T007.png,9bf16924d86351fedf68fc05cd52ab8acad0f519eef4c1ca5cd4172f3cf50876,,
test107,fire/00098,Fire,00098,1,manual_dense,diagnostic_only_not_model_input,data/flame3/Fire/RGB/Corrected FOV/00098.JPG,d4cdb8cc442a32d098e8f4a76cfff86164db6c6e4b6b3b26abe1cc7c15b09fd3,data/flame3/Fire/Thermal/Raw JPG/00098.JPG,071252965a233e219873241c39dfa50e31fdf5feb25c666f4c7bb75291225478,data/flame3/Fire/Thermal/Celsius TIFF/00098.TIFF,f8ffff0be4ed529aeee25b27d2ad955dc964d2aba7de1765708e9b2c7cf2c2ad,project_support/data/flame3_test_manual_threeclass_frozen_v1/masks/T008.png,027234c8ed5e05d5928c9a60d83ebae59ca3cc8ee90a9e0b58994d3069016a24,,
test107,no_fire/00014,No Fire,00014,1,manual_dense,diagnostic_only_not_model_input,data/flame3/No Fire/RGB/Corrected FOV/00014.JPG,e14102b7a4d3a8fff8426c0811c319c3cac2e577807cc3a191320d2c9bf3f576,data/flame3/No Fire/Thermal/Raw JPG/00014.JPG,34178f42242d9c5eecd135d781f3057693042897c1d7448556d80fa07c8787fb,data/flame3/No Fire/Thermal/Celsius TIFF/00014.TIFF,ca80de14beb1db433651ba18a6798a3f70cbbce98f5295abb650d2a33945573d,project_support/data/flame3_test_manual_threeclass_frozen_v1/masks/T009.png,700dee90ec86a83133bac986fba383112f64d681f68584ef3daf74cc81fcb2d2,,
test107,fire/00383,Fire,00383,1,manual_dense,diagnostic_only_not_model_input,data/flame3/Fire/RGB/Corrected FOV/00383.JPG,fc16fc709cbb5605d788b532702f988170be6da7a9e5e5d41a840f1583169664,data/flame3/Fire/Thermal/Raw JPG/00383.JPG,46c842d219b2a1bf045863e0f2dfd6f877dfbd2a03d282b6474c4be4923085a3,data/flame3/Fire/Thermal/Celsius TIFF/00383.TIFF,517fb44763bbe8e1522a2dc19573f4fecef81e21acb9cdda11ab3b335732637d,project_support/data/flame3_test_manual_threeclass_frozen_v1/masks/T010.png,14f54336f3e8840ee7c6babd257ea7176eeb5eb3d4d7b7c833ff6083bd08b553,,
test107,fire/00195,Fire,00195,1,manual_dense,diagnostic_only_not_model_input,data/flame3/Fire/RGB/Corrected FOV/00195.JPG,5c7197c7dfe6b1ca106efc97bb78185e0b0c67ffac8ac2530c6e8b903ad6b1b4,data/flame3/Fire/Thermal/Raw JPG/00195.JPG,778ae46cad97d70589f3eff7a41a19224ccd87b8699a769503521d2f4331cb83,data/flame3/Fire/Thermal/Celsius TIFF/00195.TIFF,d960b72e57b87be9a7b4cacbcfdb7b13ed3617737b43b7ec2e58a25d881671e9,project_support/data/flame3_test_manual_threeclass_frozen_v1/masks/T011.png,4183b997d5e6633f9bdb4d09f5c8cc9be0f4e0316817a7db37ec87f1349e78c9,,
test107,no_fire/00032,No Fire,00032,1,manual_dense,diagnostic_only_not_model_input,data/flame3/No Fire/RGB/Corrected FOV/00032.JPG,8800bbee4c68ebfd8af2fc3e79d1499b4165c6d5692414723166fc83dee62ec1,data/flame3/No Fire/Thermal/Raw JPG/00032.JPG,8801403b5317efcd9d4825e205ad91755d56a76921f49a55d24a71a839036b43,data/flame3/No Fire/Thermal/Celsius TIFF/00032.TIFF,6134b6ea059f5d30501daa4b4b0bb1b80fcf3e2092041a3e6357eccc93d82a4b,project_support/data/flame3_test_manual_threeclass_frozen_v1/masks/T012.png,700dee90ec86a83133bac986fba383112f64d681f68584ef3daf74cc81fcb2d2,,
test107,fire/00491,Fire,00491,1,manual_dense,diagnostic_only_not_model_input,data/flame3/Fire/RGB/Corrected FOV/00491.JPG,94deec700c0c80c2df5f88ca42f7c8664147965ce0963f81a7844637248aa32c,data/flame3/Fire/Thermal/Raw JPG/00491.JPG,ee54719825b765a80a9097b94290f88e99d5e1d44efad622ed87f803813977d2,data/flame3/Fire/Thermal/Celsius TIFF/00491.TIFF,b2ab410191603119bd7f60bb6b0e73a9b0d5c8cb23157483f7adc19e8a95d852,project_support/data/flame3_test_manual_threeclass_frozen_v1/masks/T013.png,2354ae63b00e5a6d8ad4f97facb3c449b14b90d65778fb5bb9102a14861b1f75,,
test107,fire/00167,Fire,00167,1,manual_dense,diagnostic_only_not_model_input,data/flame3/Fire/RGB/Corrected FOV/00167.JPG,dc8576488f06e85549c0e1fc1f6360eb8a63c18f904acaf1b8bf9945a3a6e6d8,data/flame3/Fire/Thermal/Raw JPG/00167.JPG,b88346a79031282e4e35880a8e716cbdf86ee59afc604474bb9506d75987a641,data/flame3/Fire/Thermal/Celsius TIFF/00167.TIFF,1b73987e473d98e129b3ef1a484ebf9f801ba8b0ec6b41a7a1d73681dfb561c2,project_support/data/flame3_test_manual_threeclass_frozen_v1/masks/T014.png,7748b901416a580ca61dafda430bf5c537c1115638027a0d3ba3890e8616a10e,,
test107,fire/00583,Fire,00583,1,manual_dense,diagnostic_only_not_model_input,data/flame3/Fire/RGB/Corrected FOV/00583.JPG,6bd4ebf59ee3b90e50bde9fdf90ab6090d8783a9e9dcce62bc23febececf62a0,data/flame3/Fire/Thermal/Raw JPG/00583.JPG,e9a7c2c1d5cc1c160376260645f368adb362628a268504eb36f81f9fb236db8b,data/flame3/Fire/Thermal/Celsius TIFF/00583.TIFF,ce30904744dbf406ede4db319204cd5978ff6522cf9a49675055c22fa67a775b,project_support/data/flame3_test_manual_threeclass_frozen_v1/masks/T015.png,bdd7f1821f88d76cccc53e145a8c42788254879746bbdb8611e0a173a8085b42,,
test107,no_fire/00034,No Fire,00034,1,manual_dense,diagnostic_only_not_model_input,data/flame3/No Fire/RGB/Corrected FOV/00034.JPG,2c971308eacb5e7dad266d9e0c43b23e16ee9598292d169f854e72a6a2d9e87e,data/flame3/No Fire/Thermal/Raw JPG/00034.JPG,0838039c414690e38be680cc3446c58815e99c7389fdc9791bb683b430e3e464,data/flame3/No Fire/Thermal/Celsius TIFF/00034.TIFF,a64708107d38f21aad33323ae6f92ace4f0855a4342e7a542dceeb65e9d24d0b,project_support/data/flame3_test_manual_threeclass_frozen_v1/masks/T016.png,700dee90ec86a83133bac986fba383112f64d681f68584ef3daf74cc81fcb2d2,,
test107,fire/00506,Fire,00506,1,manual_dense,diagnostic_only_not_model_input,data/flame3/Fire/RGB/Corrected FOV/00506.JPG,eb888c4096c3058d80e6faa792292f965803e41d9905bf0a6d4bca18856668ff,data/flame3/Fire/Thermal/Raw JPG/00506.JPG,837ec60e8dd5d8f3dc5e6902ec052597da0c0ac550d7f9a6b3f08d08acac50f9,data/flame3/Fire/Thermal/Celsius TIFF/00506.TIFF,f46530ac2b252652c6e53ced152a93af1b738a26481772e4499a431e27c1805d,project_support/data/flame3_test_manual_threeclass_frozen_v1/masks/T017.png,c94ab73a04ee88765cce5f09562a13324bac777abe72ef9b1ca6e044d18bf38e,,
test107,fire/00120,Fire,00120,1,manual_dense,diagnostic_only_not_model_input,data/flame3/Fire/RGB/Corrected FOV/00120.JPG,283dfd3f2c2ad68e3e7dc3b24e7fa5a9516fcd6d774f8a6723e3c6aafef6f297,data/flame3/Fire/Thermal/Raw JPG/00120.JPG,1f9a0a4d6cec41b1bb62bcf28849aee1a811f23ef1d79194db786081720e6090,data/flame3/Fire/Thermal/Celsius TIFF/00120.TIFF,962cb989d137989c27dd9216be69d32cf30862af13ab5721810b1feb5a185b90,project_support/data/flame3_test_manual_threeclass_frozen_v1/masks/T018.png,fb6d35a7dffad674111770aea366a68e988154a1a906ab273e2bb2f5917142e9,,
test107,fire/00443,Fire,00443,1,manual_dense,diagnostic_only_not_model_input,data/flame3/Fire/RGB/Corrected FOV/00443.JPG,28ff31f499f229ced5ea893e31ac5dae3ad7b73a321aac9b6aa1037301d4153b,data/flame3/Fire/Thermal/Raw JPG/00443.JPG,6cb94940762a5ab22043a9c0a95f8d2dd5eeae078ef020e3c12d47481c74e792,data/flame3/Fire/Thermal/Celsius TIFF/00443.TIFF,33931d5bffc8dbb3a7f6d07eaa6f2c09f94c76ea09de7f89ec082b37016baa4f,project_support/data/flame3_test_manual_threeclass_frozen_v1/masks/T019.png,21c6b1a6fbfaf8fc4a7e381e640c911c81d3015f577afc0df0f3ef8fb680ae23,,
test107,fire/00621,Fire,00621,1,manual_dense,diagnostic_only_not_model_input,data/flame3/Fire/RGB/Corrected FOV/00621.JPG,1d1cec0d6d0c248e30ea1e1a117c0761588d3f3053158c93fb0ba1cc2c16384b,data/flame3/Fire/Thermal/Raw JPG/00621.JPG,9fa94bef7b902c453a3a1d92de7306069919bd8892ba1002f8867c2e0db6ddb5,data/flame3/Fire/Thermal/Celsius TIFF/00621.TIFF,e7cc615b49e4c55107540da26ae4155b9985ff87ac0dc490879e1a539c6ae5a5,project_support/data/flame3_test_manual_threeclass_frozen_v1/masks/T020.png,6f9e25a73ab769959c05cb0edf7139c14bc5aff62338052197fc55bc5b4b8d25,,
test107,fire/00619,Fire,00619,1,manual_dense,diagnostic_only_not_model_input,data/flame3/Fire/RGB/Corrected FOV/00619.JPG,9a64305ea16dbbc20230ce1848596bc151c3ccd4ad42ee257b84c08eb361a1f8,data/flame3/Fire/Thermal/Raw JPG/00619.JPG,0ea4f2e11901a7ceaad90189545f5bb7823706395c95b105f99edf852aba1910,data/flame3/Fire/Thermal/Celsius TIFF/00619.TIFF,8ae7d3d214064a64de8d2cf768d8b6a4899ba05615bda6377fed0ed5dc084b22,project_support/data/flame3_test_manual_threeclass_frozen_v1/masks/T021.png,e0caa5cb394308d796b6552ff700be1f9242399709c419cf5ecbf09575b77c5a,,
test107,fire/00162,Fire,00162,1,manual_dense,diagnostic_only_not_model_input,data/flame3/Fire/RGB/Corrected FOV/00162.JPG,61314d3f7ba3eb895a5e58d59b4862c80c8953cc352fb836850f15db821051aa,data/flame3/Fire/Thermal/Raw JPG/00162.JPG,5007baade4b4c3ac86f55fd52f483d31f081bee141c0df01dec26a105ba4a685,data/flame3/Fire/Thermal/Celsius TIFF/00162.TIFF,7c556bbe1608abdc438567dd52de2860b92df8526df826d5721eedb4f43bfbe9,project_support/data/flame3_test_manual_threeclass_frozen_v1/masks/T022.png,e87528f24779e96cca2f366fde84f4a319fa0f2288ffa1d61d5c7033eab6f047,,
test107,no_fire/00059,No Fire,00059,1,manual_dense,diagnostic_only_not_model_input,data/flame3/No Fire/RGB/Corrected FOV/00059.JPG,3f71813f15361104344472aed84beb547819a8cc656262b338ff7f150ea44ee0,data/flame3/No Fire/Thermal/Raw JPG/00059.JPG,bb6f576f921e265ce57e1351d33f8e6d5ed4a2ef150a3e910dd677957c04923d,data/flame3/No Fire/Thermal/Celsius TIFF/00059.TIFF,e03bb8d3df8e3a0c29add40fcb49c7c2a12bc7503e37b23c1b7ce727114050e2,project_support/data/flame3_test_manual_threeclass_frozen_v1/masks/T023.png,700dee90ec86a83133bac986fba383112f64d681f68584ef3daf74cc81fcb2d2,,
test107,fire/00014,Fire,00014,1,manual_dense,diagnostic_only_not_model_input,data/flame3/Fire/RGB/Corrected FOV/00014.JPG,40ba1d41507ee5200f290137bcd86c0f31dd37a4f6be3517bc04ea8de6354210,data/flame3/Fire/Thermal/Raw JPG/00014.JPG,1c57572695cc962d77d2a9a383aa4c95925325c579e2338773b43a3f238a669e,data/flame3/Fire/Thermal/Celsius TIFF/00014.TIFF,d329889d24c0ece038cfb7c533a11518f211e5ff1bb8870a65c88ab14881904f,project_support/data/flame3_test_manual_threeclass_frozen_v1/masks/T024.png,9df4bf334773672d4cfc835bdf3393c10f81b7c9229caa115a08080b2386002f,,
test107,fire/00483,Fire,00483,1,manual_dense,diagnostic_only_not_model_input,data/flame3/Fire/RGB/Corrected FOV/00483.JPG,9d711c0bdf9dba42fe14ddefc49883ff359f81018e4a346b276aca1bfee7c709,data/flame3/Fire/Thermal/Raw JPG/00483.JPG,8613f0fb1e9c60bde66b455ce1bf9625baecac8c85fd9948aa73f0ea3ad5618e,data/flame3/Fire/Thermal/Celsius TIFF/00483.TIFF,4f3327ef9431f1339f0df002154dfaf8ceceac6b8441e47b07c828966ab05c39,project_support/data/flame3_test_manual_threeclass_frozen_v1/masks/T025.png,0c2e2fc80c37e74600e6d5474370fef58d8f64263fff92ad7d516cad8b6177f2,,
test107,fire/00115,Fire,00115,1,manual_dense,diagnostic_only_not_model_input,data/flame3/Fire/RGB/Corrected FOV/00115.JPG,3c8850a07dab031b5b1fb5dafaccd9ca0f5be5068b51a53c44303322960eaec9,data/flame3/Fire/Thermal/Raw JPG/00115.JPG,2ba3cbc134fac0f2960938d2f2cacab3170d7378b32cc5114a15362b02e27bc7,data/flame3/Fire/Thermal/Celsius TIFF/00115.TIFF,cea77c165594f2e0e1b96cb070aaa676226a2fa13bada1f4898be2c956dadde8,project_support/data/flame3_test_manual_threeclass_frozen_v1/masks/T026.png,42a0659ff4a8a4173223ea95e33562f4fd4f8355f2213b605f269732637e3159,,
test107,fire/00390,Fire,00390,1,manual_dense,diagnostic_only_not_model_input,data/flame3/Fire/RGB/Corrected FOV/00390.JPG,100ff346062d0a837b53f363d5c68c7c7de723fd9aa2c572e3180678b1555726,data/flame3/Fire/Thermal/Raw JPG/00390.JPG,2091ac2080ac9ff3cd695be159cfc154f0b70769ab9ef730c207427359226cdc,data/flame3/Fire/Thermal/Celsius TIFF/00390.TIFF,0bf9801cfc555c658fb79ea07c118c1896158305238e40e79d76a07727c91a77,project_support/data/flame3_test_manual_threeclass_frozen_v1/masks/T027.png,39b24d77915a278cabb47b9f91ef1e8a5d20fc9a30e40fa10c348fb49eec06be,,
test107,fire/00605,Fire,00605,1,manual_dense,diagnostic_only_not_model_input,data/flame3/Fire/RGB/Corrected FOV/00605.JPG,3552e408e3d275eefcd21eec4e7e736222e0f8f907b4ccc6ff255cc760e89c16,data/flame3/Fire/Thermal/Raw JPG/00605.JPG,d5d8384eb6dcccf8cb51793135c08fa24a19af17244f1544a3787b9c79754115,data/flame3/Fire/Thermal/Celsius TIFF/00605.TIFF,931aa66ee6bdd3c23dc6bc42b24bdb85abc54100a980c17643aef0159afd7f65,project_support/data/flame3_test_manual_threeclass_frozen_v1/masks/T028.png,05666b087d76a51bd26de42fa7ea216d5e99228d608b77947f6ab9d056964083,,
test107,fire/00150,Fire,00150,1,manual_dense,diagnostic_only_not_model_input,data/flame3/Fire/RGB/Corrected FOV/00150.JPG,530a304f01911fb69577e293fe79599b72966c146ece09bb943f2d3dac653013,data/flame3/Fire/Thermal/Raw JPG/00150.JPG,20b58a6760d4bff436e9bfedd812cfcde365d7d027787fe292d5be10ea1ae3f0,data/flame3/Fire/Thermal/Celsius TIFF/00150.TIFF,ac24eab83e392c73d080a18f15ae94b273b70c44e861cfd685e2108d2aed1997,project_support/data/flame3_test_manual_threeclass_frozen_v1/masks/T029.png,3314d4f4dc2c3b4d78f061cc6fefe7df3be23c6181cb56dcdc3c9b12819d986e,,
test107,fire/00411,Fire,00411,1,manual_dense,diagnostic_only_not_model_input,data/flame3/Fire/RGB/Corrected FOV/00411.JPG,4ac2c5e1048aef6d251dee8e5447734651bdd24d5ac08412606ab81947a5d00f,data/flame3/Fire/Thermal/Raw JPG/00411.JPG,08822e28fa674b9569c6588282a734f7d41d2e23c5a60d5ad763e1642d4ffee2,data/flame3/Fire/Thermal/Celsius TIFF/00411.TIFF,1d59f08022d50b8321131b9f5ea26173f931b8a1561f41ed31c434fdb467228f,project_support/data/flame3_test_manual_threeclass_frozen_v1/masks/T030.png,f5ec03b5cf673e5718bed3824b1b2f03dd09f72981222986d4ddf472cb54d132,,
test107,fire/00082,Fire,00082,1,manual_dense,diagnostic_only_not_model_input,data/flame3/Fire/RGB/Corrected FOV/00082.JPG,8030c7922b604d97d97f6abdcb02592fcf8a24c52e3c44681ae3f699f2fddbba,data/flame3/Fire/Thermal/Raw JPG/00082.JPG,8047e7b61ac8496e1ec38189cf35ce9d5f9941139b548468b40b11091a78bd3b,data/flame3/Fire/Thermal/Celsius TIFF/00082.TIFF,937d638d5f34f11f8c098e24328286f115a4ea2c5894dc304f8294dfc6d51d45,project_support/data/flame3_test_manual_threeclass_frozen_v1/masks/T031.png,ce2302305e56007339a95b675331a3d0d5d5c6e50c74e40a014400ca4edebd1a,,
test107,fire/00547,Fire,00547,1,manual_dense,diagnostic_only_not_model_input,data/flame3/Fire/RGB/Corrected FOV/00547.JPG,2ef4207e5569708731a6ba230d36086bd02cf5430fb32bdc915c76ab4f1d2604,data/flame3/Fire/Thermal/Raw JPG/00547.JPG,b6433abb87ea2812f66248c4d3c2e5a78530cbef707508839031cdf579d7d050,data/flame3/Fire/Thermal/Celsius TIFF/00547.TIFF,38c4d0747e840b8fc6e68afbb81171c079648f9315dd88c39d0e82ebc63ed164,project_support/data/flame3_test_manual_threeclass_frozen_v1/masks/T032.png,0f015eb17dc41e722d817ba980cf7eee7d5623609c659d90341702f136b1d9d8,,
test107,fire/00307,Fire,00307,1,manual_dense,diagnostic_only_not_model_input,data/flame3/Fire/RGB/Corrected FOV/00307.JPG,e9fe6a213efb89b40b6b800b6e1d003cac73b403082ff28d2688f29cff9aa823,data/flame3/Fire/Thermal/Raw JPG/00307.JPG,b2d349629da5e9abf0d772d1586a0e8ec94b4d8a2df9ba122a783ab8237955db,data/flame3/Fire/Thermal/Celsius TIFF/00307.TIFF,264c61969ba0080461e533cb0096eb415616f3028e9795a335ae7f1694b6d548,project_support/data/flame3_test_manual_threeclass_frozen_v1/masks/T033.png,f9c6bdb9590bc4292879de7784e902ccd47f9136cba5df004d818efca5855064,,
test107,fire/00186,Fire,00186,1,manual_dense,diagnostic_only_not_model_input,data/flame3/Fire/RGB/Corrected FOV/00186.JPG,38184c9e452190a35602c29aace3618937f8dde35e26e3d99939ffae55eeba67,data/flame3/Fire/Thermal/Raw JPG/00186.JPG,bbca059dbb343b8ce9c3166c20cae28921bfb1a90d0a58820ad59312b96331c8,data/flame3/Fire/Thermal/Celsius TIFF/00186.TIFF,d3865ac51f83b49ed24717df77ddaae7f5917c416cf72d7b14a3cf9d4639300b,project_support/data/flame3_test_manual_threeclass_frozen_v1/masks/T034.png,f0a076a833dd0fe413192c39c1b2a65860bca42135ccead0803bfc931b5cc88a,,
test107,fire/00208,Fire,00208,1,manual_dense,diagnostic_only_not_model_input,data/flame3/Fire/RGB/Corrected FOV/00208.JPG,74eb2e9479c7793110a4145fa8fe06a2d34182ab6ddadd4d1e22a38e11ac9c55,data/flame3/Fire/Thermal/Raw JPG/00208.JPG,79440c78b39def37c987648752362e579d37df47b0d9a371355b1d28e1ba7840,data/flame3/Fire/Thermal/Celsius TIFF/00208.TIFF,104f82d82e228dd044bf235d06c12136dd3c8805fff0215cb51358eb95a70e66,project_support/data/flame3_test_manual_threeclass_frozen_v1/masks/T035.png,658caeaad359e7d7dba3c587a403c0acb8d97cf39f9179c3f171fd8d6e2f3989,,
test107,fire/00427,Fire,00427,1,manual_dense,diagnostic_only_not_model_input,data/flame3/Fire/RGB/Corrected FOV/00427.JPG,eeb76775fe842788d9ffedbcd39c140d38263b57ea8b35e824fd76aa570d5d5c,data/flame3/Fire/Thermal/Raw JPG/00427.JPG,d56166720e41f7a06a364c756b4def2a808265f391cf34766ab8ec4000fb3e71,data/flame3/Fire/Thermal/Celsius TIFF/00427.TIFF,8c5f4633232f87b8269b7070280ae6d3c2d813dbe8403e362fc2567fa7f790a6,project_support/data/flame3_test_manual_threeclass_frozen_v1/masks/T036.png,771445df9397a0e4a4c37172118ff9a7bed07c7eddf636d1ab2ff8c6f591e069,,
test107,no_fire/00075,No Fire,00075,1,manual_dense,diagnostic_only_not_model_input,data/flame3/No Fire/RGB/Corrected FOV/00075.JPG,4be03157055472df6277695e1ba02c7b25d2d3a4893b59eb47e1d0f96580bdbf,data/flame3/No Fire/Thermal/Raw JPG/00075.JPG,c57ce5f492d1f3e8279e5ede4f205f86b5b48158919342dd5f6a9d256d98db5d,data/flame3/No Fire/Thermal/Celsius TIFF/00075.TIFF,79cf757c7b73aebac7b2b2876e2c3bc99f4ec82948c8e47ff8529e65142ac5b4,project_support/data/flame3_test_manual_threeclass_frozen_v1/masks/T037.png,700dee90ec86a83133bac986fba383112f64d681f68584ef3daf74cc81fcb2d2,,
test107,fire/00339,Fire,00339,1,manual_dense,diagnostic_only_not_model_input,data/flame3/Fire/RGB/Corrected FOV/00339.JPG,df8fdc93ddc5ceea8a95cd4445ca885e2941a6bfa8dfaa9cdce41dfc0e3daa08,data/flame3/Fire/Thermal/Raw JPG/00339.JPG,bc3a0ff1009964e12b46719b2de313d18fcaf060fdecef19e38ef6952a4eca45,data/flame3/Fire/Thermal/Celsius TIFF/00339.TIFF,9d85ad0da91e5b5239e88f24d28786f7ce1c77845c85cb888a78bb20b073865e,project_support/data/flame3_test_manual_threeclass_frozen_v1/masks/T038.png,e1f24100830b22476f148c9858f299f0ac7f25dfb7a96cfb61134094516aa7a8,,
test107,fire/00283,Fire,00283,1,manual_dense,diagnostic_only_not_model_input,data/flame3/Fire/RGB/Corrected FOV/00283.JPG,e083004359df6bb572daa604764b6e8b2b50151741629dafaebed87ed1864561,data/flame3/Fire/Thermal/Raw JPG/00283.JPG,e701334322e2621112f5d7dcdac08b6bb8d51677c657a3462e4779d432f81ea5,data/flame3/Fire/Thermal/Celsius TIFF/00283.TIFF,4f5cee2156ddfb86665474964b936a0c6552449630cd2a254716543aecbf161a,project_support/data/flame3_test_manual_threeclass_frozen_v1/masks/T039.png,bfc0465c65100ec0770025f37308d37bcf54a5f604320a52d8dc6bf7130eb552,,
test107,fire/00094,Fire,00094,1,manual_dense,diagnostic_only_not_model_input,data/flame3/Fire/RGB/Corrected FOV/00094.JPG,b89d19c6d84b6aba6b33190abf5dab4346bdf3ea2bcbd11e0ff905d92a91093f,data/flame3/Fire/Thermal/Raw JPG/00094.JPG,5072ef59e0e5225511ba04150097935be64e24341d6d4c7a327cd155daca7ef0,data/flame3/Fire/Thermal/Celsius TIFF/00094.TIFF,5732102ff6ff5e0b6c12f229b238206f5c04e01c80614cff5ba3e0451a8cdc02,project_support/data/flame3_test_manual_threeclass_frozen_v1/masks/T040.png,9a4ebee3a815081520010d9f5ce8e55fb11ce7942dcec52b4cfd8f5fa2db47a0,,
test107,fire/00214,Fire,00214,1,manual_dense,diagnostic_only_not_model_input,data/flame3/Fire/RGB/Corrected FOV/00214.JPG,73ceef8966a5333377871eceee96c0f3abd1c449e273f8103efc36a539e5b071,data/flame3/Fire/Thermal/Raw JPG/00214.JPG,b21040964e55b5c670aa7dbb7efd8ede3dd7e56b24d97c57a5e512668711194a,data/flame3/Fire/Thermal/Celsius TIFF/00214.TIFF,7ff8979804c5c3ad241366eb549054c84bdb720f42746cb90ba19af98d0955ab,project_support/data/flame3_test_manual_threeclass_frozen_v1/masks/T041.png,4f4ea1b98585b4ad43c03c944f3e57d5765082e150546b9c77e824c563903008,,
test107,fire/00473,Fire,00473,1,manual_dense,diagnostic_only_not_model_input,data/flame3/Fire/RGB/Corrected FOV/00473.JPG,d496d11fff2ba58a1835ce490760c0bb40afd85c8adaaf069d7b27b285ec8e22,data/flame3/Fire/Thermal/Raw JPG/00473.JPG,612d6c36719097e9fbde2db57d3a6880de03c320f411d9bcd55900bab5a92c09,data/flame3/Fire/Thermal/Celsius TIFF/00473.TIFF,2095248f69c7545685bae3288f40683a3a9e2e15233abc76d94fecbef78ded90,project_support/data/flame3_test_manual_threeclass_frozen_v1/masks/T042.png,b30fa780c6cc8babc4e40d681b733a0539a928894213b1c16e633e4705e16406,,
test107,fire/00573,Fire,00573,1,manual_dense,diagnostic_only_not_model_input,data/flame3/Fire/RGB/Corrected FOV/00573.JPG,42c4ee15859e99d71813c34f2ff4a517f6dbe5ef0291333d0d3b33899b02a016,data/flame3/Fire/Thermal/Raw JPG/00573.JPG,c702ffef2b5384d4ef02e5403170f58394f593a5bcef72b67828c81c593a2924,data/flame3/Fire/Thermal/Celsius TIFF/00573.TIFF,08cf16646a7206224f3a08de46c5fe349202d4060796e1206edfe5699fb7ec8b,project_support/data/flame3_test_manual_threeclass_frozen_v1/masks/T043.png,e15cda048394f2b1bf3a59509d62b8482412e4a1ff50ad21e88c1e10fa3472b8,,
test107,fire/00528,Fire,00528,1,manual_dense,diagnostic_only_not_model_input,data/flame3/Fire/RGB/Corrected FOV/00528.JPG,b258c46a184fd26979ecd2fb0a6c5c28140fa51fb32d7b90bf15150e9210d3dd,data/flame3/Fire/Thermal/Raw JPG/00528.JPG,7822a78469f2fc202292d55252290b6531dd6acad5b42291b2124c8eeff8e9e9,data/flame3/Fire/Thermal/Celsius TIFF/00528.TIFF,8403dc772ee0fbebd2536f14bd9a660b93068cb380a13cc56f0041773ca67edb,project_support/data/flame3_test_manual_threeclass_frozen_v1/masks/T044.png,3d70b4f0ce7d630ac96b83f3a52f33cb3431dedfbd3d3af3ef4fbe448e4d6c0e,,
test107,fire/00496,Fire,00496,1,manual_dense,diagnostic_only_not_model_input,data/flame3/Fire/RGB/Corrected FOV/00496.JPG,bcc14099fbc4676cf01d97fae351a6e457b420fa3ede3d568a8d60e30e43bf50,data/flame3/Fire/Thermal/Raw JPG/00496.JPG,59cd334ba1650678ff5b321f0bdc56dc7e58001c6d8c748dbf71009278353c7d,data/flame3/Fire/Thermal/Celsius TIFF/00496.TIFF,f0e86129076ccfc65ff6368d8591dc5280b12dd49664616206b5744fa89ca5ed,project_support/data/flame3_test_manual_threeclass_frozen_v1/masks/T045.png,8ee7915ace9a25851dad5e0228b2ad136b4305e58eeec58c1bdfad75d27e7fed,,
test107,fire/00407,Fire,00407,1,manual_dense,diagnostic_only_not_model_input,data/flame3/Fire/RGB/Corrected FOV/00407.JPG,a11abdfd8d13211a3d7493e072835597ce8fb7035efd47eca831994665c08620,data/flame3/Fire/Thermal/Raw JPG/00407.JPG,f1cdca426a822a0f32d8239cc97d9bcaa13aacbdc2b52c2d26d460052f65be3c,data/flame3/Fire/Thermal/Celsius TIFF/00407.TIFF,728824adde6d22bd51487a798b67f418af9ccc2b965040d0186aa05d17c54898,project_support/data/flame3_test_manual_threeclass_frozen_v1/masks/T046.png,71d8ce7cd59448c8443d6b4044ecc0aba2e944cb8ae095a97c3b0998154947e1,,
test107,fire/00437,Fire,00437,1,manual_dense,diagnostic_only_not_model_input,data/flame3/Fire/RGB/Corrected FOV/00437.JPG,9bc7082d45fce27e3510f5fb0800ad9425aabd0e2ab04fc610e29e6b5163e9c8,data/flame3/Fire/Thermal/Raw JPG/00437.JPG,22ddf3c479e8b38e0cfae8af6064d097df1cc44a21042ed52eb2fe29d749fb70,data/flame3/Fire/Thermal/Celsius TIFF/00437.TIFF,0f1588d6b8e4e0bf767fa09ab9d4ee260b3ed92d437a7a751d1ad36414340d69,project_support/data/flame3_test_manual_threeclass_frozen_v1/masks/T047.png,74fb8a007be94111b4a41d9a5e5de8e7d1ca451b21d81663e222b4962e900e36,,
test107,fire/00316,Fire,00316,1,manual_dense,diagnostic_only_not_model_input,data/flame3/Fire/RGB/Corrected FOV/00316.JPG,525363e0a8215230cbc4ce35bdbce6a46bfeb6dae45cf69d40608b9e4ccbb5b0,data/flame3/Fire/Thermal/Raw JPG/00316.JPG,52a92ecfee4ec295d437ec360a385d28e78ae7e1e36127b85731556e9528eae1,data/flame3/Fire/Thermal/Celsius TIFF/00316.TIFF,745273852bf7a1f93cb70db4c67b852de2a8877084ae553a98bcd28b3fecd88e,project_support/data/flame3_test_manual_threeclass_frozen_v1/masks/T048.png,ed5439ec22f13c330923b5837d1dad6759351b2bf60b0480894b32ff3238ee9c,,
test107,fire/00553,Fire,00553,1,manual_dense,diagnostic_only_not_model_input,data/flame3/Fire/RGB/Corrected FOV/00553.JPG,072d0980238085ed36daa508bbb3d2be0c1ad0f7478b5cd92a9b9411c809417b,data/flame3/Fire/Thermal/Raw JPG/00553.JPG,036153788c272468ef12c54d329122b96db434f325ad09321e74c9796a053e48,data/flame3/Fire/Thermal/Celsius TIFF/00553.TIFF,2aa135203e6073bb81e57930d021fb782937e8e4657c9d980c3c6387218c428b,project_support/data/flame3_test_manual_threeclass_frozen_v1/masks/T049.png,ef917ac4922be5b1ec0b9f51b71b9d6dd83f89925e49afb7aecc64d4d66fbda9,,
test107,fire/00060,Fire,00060,1,manual_dense,diagnostic_only_not_model_input,data/flame3/Fire/RGB/Corrected FOV/00060.JPG,5f8d175d4f701b71738f23173d4809a206972ceb0c1732f81018c979fe011d56,data/flame3/Fire/Thermal/Raw JPG/00060.JPG,03b985d839e313d3b526fc1bec1d96b02ace801df52a027e1139843b3f7010bf,data/flame3/Fire/Thermal/Celsius TIFF/00060.TIFF,cdf11ad8748d181d81332bc32cc4843a005d4dc591a02e64224903e95066301f,project_support/data/flame3_test_manual_threeclass_frozen_v1/masks/T050.png,5cae574e51f9c07bb7dc9f9bca7e15e28caaa9c4d5cfc6e3741d581d6cea793f,,
test107,fire/00413,Fire,00413,1,manual_dense,diagnostic_only_not_model_input,data/flame3/Fire/RGB/Corrected FOV/00413.JPG,4593b1d583f9dcd57e6762d7de6aef88163c54fb328156db273ae8bf99ab2d96,data/flame3/Fire/Thermal/Raw JPG/00413.JPG,f6e48cb9e55100a9ae14552a5e869588508616365d274492191bc868eb71541b,data/flame3/Fire/Thermal/Celsius TIFF/00413.TIFF,195a0f5718a1622bab2877e533dfafb592639a4353d597ba95cd7e4271449c74,project_support/data/flame3_test_manual_threeclass_frozen_v1/masks/T051.png,1481a4b2933b18e232fc0f37e5dcf7e6c1e1582cd207c8a2cc24b04c1e52aaf9,,
test107,fire/00231,Fire,00231,1,manual_dense,diagnostic_only_not_model_input,data/flame3/Fire/RGB/Corrected FOV/00231.JPG,fa5027caf943088b21c9b6230a67dae8d224363cd5511a4d8a835b27657936a5,data/flame3/Fire/Thermal/Raw JPG/00231.JPG,04c6ff190ce12578da42ece251d91bc333ac5ad4e8bdb2a5045996170cc9e91a,data/flame3/Fire/Thermal/Celsius TIFF/00231.TIFF,f66384a3d28985c34a592a3f1afaa5c3bf37aa6e34ead6ee8be687a25d0301c9,project_support/data/flame3_test_manual_threeclass_frozen_v1/masks/T052.png,46ac9a55b318d5e7cd567b04cd58a7d1cd73954e785c7ab267d68dfd37e3876c,,
test107,fire/00400,Fire,00400,1,manual_dense,diagnostic_only_not_model_input,data/flame3/Fire/RGB/Corrected FOV/00400.JPG,a8e34b5b2fb8d53432bd7864eb18abf457246c2ad7cf7ef72962afbe9229dd93,data/flame3/Fire/Thermal/Raw JPG/00400.JPG,e5d1eadb599b830ca0b6eb9c8d8a6520a0bbb95e0495c6fa142ccfaaec65fa94,data/flame3/Fire/Thermal/Celsius TIFF/00400.TIFF,adfd2c9c733a5fe58b3d76decffa16e07bdf551a38a8acfda6017b86b07eb1f1,project_support/data/flame3_test_manual_threeclass_frozen_v1/masks/T053.png,b8285a6420e90f1901c9a51c527f2d8c9f6f2acb1cf79096039056c487b315bb,,
test107,fire/00242,Fire,00242,1,manual_dense,diagnostic_only_not_model_input,data/flame3/Fire/RGB/Corrected FOV/00242.JPG,35a3b77dab89f313cef480072d296eead96e461c7015d5e792199d3b44fbe4cb,data/flame3/Fire/Thermal/Raw JPG/00242.JPG,5ea1a30595653f448395cfcb724020e91a1f350d8b431628386212c6ff809c9a,data/flame3/Fire/Thermal/Celsius TIFF/00242.TIFF,5e5d5c528574baf15d545a8728feb7167b07be4c85a7db090c13de297b416c80,project_support/data/flame3_test_manual_threeclass_frozen_v1/masks/T054.png,acfc655708327c64a1093d7c8aca13b10863d923bf2175bcb892e2aac5b48e4b,,
test107,no_fire/00069,No Fire,00069,1,manual_dense,diagnostic_only_not_model_input,data/flame3/No Fire/RGB/Corrected FOV/00069.JPG,90f0fd1436760e917aff24d5e60a823cefe9c1edf33ef163dbbbdae451119fa9,data/flame3/No Fire/Thermal/Raw JPG/00069.JPG,869f5407a71cee2c3994f9f0ba399b627987f01382f09892c7d49b8708a7c9a6,data/flame3/No Fire/Thermal/Celsius TIFF/00069.TIFF,388f9416c121cda56b29d40e52fed4f6011c56a0a3b3663301652f1709ff140e,project_support/data/flame3_test_manual_threeclass_frozen_v1/masks/T055.png,700dee90ec86a83133bac986fba383112f64d681f68584ef3daf74cc81fcb2d2,,
test107,fire/00144,Fire,00144,1,manual_dense,diagnostic_only_not_model_input,data/flame3/Fire/RGB/Corrected FOV/00144.JPG,ad44c5964f36013484114404ab382a4fbf4784227ed19f6e5fa86f41640d6917,data/flame3/Fire/Thermal/Raw JPG/00144.JPG,33e4bf71c18ccecacc7530f452cbcf535230b9c504fd69592bb729469304a095,data/flame3/Fire/Thermal/Celsius TIFF/00144.TIFF,f170f8879e909a7762006c848d8c4611567c67990fb56058a5d94ebd324fe591,project_support/data/flame3_test_manual_threeclass_frozen_v1/masks/T056.png,3aeeeb3a00cb8deb6ae041706857db91dd06b077a642e0784f77fb6ae472bb0f,,
test107,fire/00176,Fire,00176,1,manual_dense,diagnostic_only_not_model_input,data/flame3/Fire/RGB/Corrected FOV/00176.JPG,c9555af6efee161acf00dba0ca19ffbdbad53b58f4f9a8a881237962ff183dee,data/flame3/Fire/Thermal/Raw JPG/00176.JPG,b5b23f03a9fb9ebbc5f33549f14ff5bfe12d37d3572bf0ec3bc0e793a9c6919d,data/flame3/Fire/Thermal/Celsius TIFF/00176.TIFF,af04acb03dabfe77781dafc5aa52a953a4643f0b4c66f7d997862f6d364d4999,project_support/data/flame3_test_manual_threeclass_frozen_v1/masks/T057.png,7c8d5d008803b0d0e1917aeb1261b3e3ec81f95082db4215cf20975d50969be9,,
test107,no_fire/00026,No Fire,00026,1,manual_dense,diagnostic_only_not_model_input,data/flame3/No Fire/RGB/Corrected FOV/00026.JPG,e4995c4e8224f13803f186e3b8995ef7f4eb2a49c11b2275207a6cdb3a4969ce,data/flame3/No Fire/Thermal/Raw JPG/00026.JPG,763bce97803333a19328427d6130014627257cbc8d4324144da85c826d20e2b0,data/flame3/No Fire/Thermal/Celsius TIFF/00026.TIFF,1799347a833c52b15fca93be79c831ef651f0af862b4a0396fa3c473025cdc52,project_support/data/flame3_test_manual_threeclass_frozen_v1/masks/T058.png,700dee90ec86a83133bac986fba383112f64d681f68584ef3daf74cc81fcb2d2,,
test107,fire/00548,Fire,00548,1,manual_dense,diagnostic_only_not_model_input,data/flame3/Fire/RGB/Corrected FOV/00548.JPG,fe7ae26907cbe8a1afc4fa077331ee52f56f229b97016cc3c543b10cc4824337,data/flame3/Fire/Thermal/Raw JPG/00548.JPG,b5c20e9400531867d5e3f3f358f0c2a8ad49c467192ec6dc14ae757fe3e15343,data/flame3/Fire/Thermal/Celsius TIFF/00548.TIFF,6281bda4928dd846194c79a0e15d0b22f45c8334e0eb7a8d3d95a4bcd5a4d040,project_support/data/flame3_test_manual_threeclass_frozen_v1/masks/T059.png,f43f237238b9f9c64cce5a7d0100cb1cf420fde100cbd2788f58131cfa302b18,,
test107,fire/00526,Fire,00526,1,manual_dense,diagnostic_only_not_model_input,data/flame3/Fire/RGB/Corrected FOV/00526.JPG,c6385de17fcca7a778014a0718af4aa5e924d219757c6aba9128d81efb689b64,data/flame3/Fire/Thermal/Raw JPG/00526.JPG,0f91b6a66c56e3ad84ab8e43d47e93d98b3f17fd85b7175af787f4f3eef9fc2c,data/flame3/Fire/Thermal/Celsius TIFF/00526.TIFF,dabc9257815ddbf8e2036e78ed2c39db34c641718a92f2e57b9d60c7e452856f,project_support/data/flame3_test_manual_threeclass_frozen_v1/masks/T060.png,ccaa48d0736d0af75a9dfe851b68c173b08868c50a0e049d06adc2bb9b0c3cc9,,
test107,fire/00476,Fire,00476,1,manual_dense,diagnostic_only_not_model_input,data/flame3/Fire/RGB/Corrected FOV/00476.JPG,e6fb396c7015091b64f0639634b02e7ccddf6ab22873b5745c37f2f6f85e9478,data/flame3/Fire/Thermal/Raw JPG/00476.JPG,0bcf3d85e213a2ce4bc608b64c905a52cf788d79095c20a2c790ce634a720872,data/flame3/Fire/Thermal/Celsius TIFF/00476.TIFF,c16ea99817105c6469ff58bf114e31563b15a05af624f66695c8e380f283eeee,project_support/data/flame3_test_manual_threeclass_frozen_v1/masks/T061.png,69103639ac95ec7da2e78371acd07c97bc4cb619d49145ed473c82c7a77aea03,,
test107,fire/00129,Fire,00129,1,manual_dense,diagnostic_only_not_model_input,data/flame3/Fire/RGB/Corrected FOV/00129.JPG,28fbf63ebb00a4ef4f1d60a589650b9092add7f797ab1d5189f99f4f3ca4d578,data/flame3/Fire/Thermal/Raw JPG/00129.JPG,ef0ec54aa6f7272874e6a8f813b6f07f6f207232427ea39910eae82a95273b93,data/flame3/Fire/Thermal/Celsius TIFF/00129.TIFF,c894436169dec1f8e631b0095345e3715bb025ec0543961918d3be17b0c0cc9f,project_support/data/flame3_test_manual_threeclass_frozen_v1/masks/T062.png,65205f2b4c9ce863ccd4a7769d1dc862648b90f422fdde43ae119731343435c0,,
test107,fire/00217,Fire,00217,1,manual_dense,diagnostic_only_not_model_input,data/flame3/Fire/RGB/Corrected FOV/00217.JPG,44fbfc9607d2c7dfa2f8cfd94f637ae4dfa29bf6e5e27a78c8914ab3fae212cb,data/flame3/Fire/Thermal/Raw JPG/00217.JPG,1b6fd6f07eb4485778c66db7cdb089ccf02270d48e11d33ec095f77262ad9696,data/flame3/Fire/Thermal/Celsius TIFF/00217.TIFF,4c346ed247b1342b681503a31b46a17141004add532f0c468d38a97f2421bf76,project_support/data/flame3_test_manual_threeclass_frozen_v1/masks/T063.png,10c55a8afc71bb7280fb2a55170e57ae30e35af9cc3e38a793bea5a4d03039d4,,
test107,no_fire/00050,No Fire,00050,1,manual_dense,diagnostic_only_not_model_input,data/flame3/No Fire/RGB/Corrected FOV/00050.JPG,6133887a56b5a5eb5b197dbb55e1dc22762df018c86c48c5002e81e45e3c072b,data/flame3/No Fire/Thermal/Raw JPG/00050.JPG,e344d8149f303cecb009c1f00ddfcd17858acba1d36e65cf543676bc34932cb1,data/flame3/No Fire/Thermal/Celsius TIFF/00050.TIFF,16f95582bdc46c18370aadae03dbb83243f5297424fcffef02ba860b8163e993,project_support/data/flame3_test_manual_threeclass_frozen_v1/masks/T064.png,700dee90ec86a83133bac986fba383112f64d681f68584ef3daf74cc81fcb2d2,,
test107,no_fire/00012,No Fire,00012,1,manual_dense,diagnostic_only_not_model_input,data/flame3/No Fire/RGB/Corrected FOV/00012.JPG,fb9d87775397200a59f331e3ec47224e036267afa7d9f0ce85396a9dd325f9be,data/flame3/No Fire/Thermal/Raw JPG/00012.JPG,e3c4de23de2cb6c03bcb37169b22d0199166ba3c67e9c04827426892bc2b5084,data/flame3/No Fire/Thermal/Celsius TIFF/00012.TIFF,e914f2d23fa89a06bb337597a8c6d8509cb44957ff20804cfbdd9f553ced9e7a,project_support/data/flame3_test_manual_threeclass_frozen_v1/masks/T065.png,700dee90ec86a83133bac986fba383112f64d681f68584ef3daf74cc81fcb2d2,,
test107,fire/00492,Fire,00492,1,manual_dense,diagnostic_only_not_model_input,data/flame3/Fire/RGB/Corrected FOV/00492.JPG,24ce58798abbad8ceb021ab62c569c089cab988ce39d65fdea0227ec205d161a,data/flame3/Fire/Thermal/Raw JPG/00492.JPG,9853013c08fb5629104ffec7ba93255c13ab558d9fbe799df3d6b4552cd8507d,data/flame3/Fire/Thermal/Celsius TIFF/00492.TIFF,61994321335aef86fcd07d1a4e24a5362b97fa01633b7366f12961d1b62a8b74,project_support/data/flame3_test_manual_threeclass_frozen_v1/masks/T066.png,23d68f66aba20106c8bf8158c016dfb149789edeba0db86fa87f595f2aac76cc,,
test107,fire/00088,Fire,00088,1,manual_dense,diagnostic_only_not_model_input,data/flame3/Fire/RGB/Corrected FOV/00088.JPG,0b232fbe7cb9ca79d6bc0c63159f3f1260187f21cf719cd55367caa4fbd4557b,data/flame3/Fire/Thermal/Raw JPG/00088.JPG,fd6c5655830552ec977c8606b73244351e57ca4a0a2097d83403c63ef216fe3d,data/flame3/Fire/Thermal/Celsius TIFF/00088.TIFF,850c975f8a91175755692ff71179bbf2946a9b3527a14bc633e676aff2d41313,project_support/data/flame3_test_manual_threeclass_frozen_v1/masks/T067.png,2ccb2df225bf17ea6f9e9ea910dbe37070aca92f8d299238be520b6801586ba0,,
test107,fire/00192,Fire,00192,1,manual_dense,diagnostic_only_not_model_input,data/flame3/Fire/RGB/Corrected FOV/00192.JPG,28510729ae363f2da6247bedfd0f0101b7335a5f89670261e0c194f5571b8ed2,data/flame3/Fire/Thermal/Raw JPG/00192.JPG,037c422a397d3f586b15c88c3f6fb6c4abfa12f00c8325a226e8dcc29410ab35,data/flame3/Fire/Thermal/Celsius TIFF/00192.TIFF,d457bf97a8b3bcc353015fb1c2cb3c9266118dfe242d4d0d8cccb120bc44b1f7,project_support/data/flame3_test_manual_threeclass_frozen_v1/masks/T068.png,c701821709239e9fb288602cf01ddca7c3223ddcaf24f22282afa7dd068d7816,,
test107,fire/00081,Fire,00081,1,manual_dense,diagnostic_only_not_model_input,data/flame3/Fire/RGB/Corrected FOV/00081.JPG,95f8fa18533c5e8c384fd15633d7df06eed92e8c9ec9142100aa11bc56e3aff0,data/flame3/Fire/Thermal/Raw JPG/00081.JPG,14f2fdbad98618a59c1511a90f217daa364756a1c7905e312c0618b3c6a9c685,data/flame3/Fire/Thermal/Celsius TIFF/00081.TIFF,20987c343ffa03c26a150486272472ffb6395aa1c6d515cfe9b49ed3b8a58ef4,project_support/data/flame3_test_manual_threeclass_frozen_v1/masks/T069.png,272115887f61d19fddcfa27b91bcbad01234b34ce9545f277163528be0b02259,,
test107,fire/00262,Fire,00262,1,manual_dense,diagnostic_only_not_model_input,data/flame3/Fire/RGB/Corrected FOV/00262.JPG,b1e32ce59dedf0d596166ca9e2464b6e58498225596467d0892da18e9e4eb31e,data/flame3/Fire/Thermal/Raw JPG/00262.JPG,2ada4b14a5d838ae0091df9493281c2d0b126fc6ca97a7d5e25c072d30a23c6b,data/flame3/Fire/Thermal/Celsius TIFF/00262.TIFF,4be36ed4d5685ca53f41cdf0c30f5837ff61d160914022630bc679850d81dbef,project_support/data/flame3_test_manual_threeclass_frozen_v1/masks/T070.png,1bfbeec3bae12bf2dd6b0647fd18d3c17d033f6a8c73d59513b3ce7f0c964824,,
test107,fire/00165,Fire,00165,1,manual_dense,diagnostic_only_not_model_input,data/flame3/Fire/RGB/Corrected FOV/00165.JPG,89c840d274a4ea6bc7ea9455761a59fe9de08411f734901c3ce53493cfd32158,data/flame3/Fire/Thermal/Raw JPG/00165.JPG,c9850709a89133526411c1f0454f9b7bb108a9a1a3a57acd383caab3a2247ccf,data/flame3/Fire/Thermal/Celsius TIFF/00165.TIFF,598d156251e44bf68a7d773bcb82f9c5d4a4b012b64a1c6a9bc6d4e84084bf9a,project_support/data/flame3_test_manual_threeclass_frozen_v1/masks/T071.png,ed19f084b5b98cf2a362f2df6ea47404aef59a6f0ca7c28946214e8d0a744d87,,
test107,fire/00076,Fire,00076,1,manual_dense,diagnostic_only_not_model_input,data/flame3/Fire/RGB/Corrected FOV/00076.JPG,9971c3d43b60cb25a64ee033b074d4188398ec37efd634b62eeb2d0fb2cae250,data/flame3/Fire/Thermal/Raw JPG/00076.JPG,c3748803cd1de6d33d4b55f71d7dc1543f43bebdafb9868cecc854fac9a4cd47,data/flame3/Fire/Thermal/Celsius TIFF/00076.TIFF,386b32ec223e0c37c9758ce08388a33bb9c9ff12024740972dad00c17f8d6b52,project_support/data/flame3_test_manual_threeclass_frozen_v1/masks/T072.png,caefe4d6e9c729b177217cf2e9e59d998529b55512ef147bbe5bcdf62d88fe5e,,
test107,fire/00481,Fire,00481,1,manual_dense,diagnostic_only_not_model_input,data/flame3/Fire/RGB/Corrected FOV/00481.JPG,be1b4b1ae1503137beb709efae05d299e219d13a5a90fafbffaf73e18f783c29,data/flame3/Fire/Thermal/Raw JPG/00481.JPG,3c939e530338e12a1af9a264d46451986a04aac6a8f2698a539fa6dde05ee876,data/flame3/Fire/Thermal/Celsius TIFF/00481.TIFF,92dd57b06daaedbed52abd51b3e0116df811459bac7a9a7ac9046c85aa050c39,project_support/data/flame3_test_manual_threeclass_frozen_v1/masks/T073.png,64ee53e6896158b8aceb4395a35fd6991af1dc7ac513675a7406d69a34066c31,,
test107,fire/00244,Fire,00244,1,manual_dense,diagnostic_only_not_model_input,data/flame3/Fire/RGB/Corrected FOV/00244.JPG,e21c93a49008adbbb5c67ccb382acd26e3522cc4679480b28a38e07450d202dc,data/flame3/Fire/Thermal/Raw JPG/00244.JPG,f631e9cb3b2b340a22242df080622e1e1fe2ff7a60a1a021d1c190b14f7ce37c,data/flame3/Fire/Thermal/Celsius TIFF/00244.TIFF,a4180fdd9276cbed1b79ace231c3409c7186cacbe1794927858ddd775378ea80,project_support/data/flame3_test_manual_threeclass_frozen_v1/masks/T074.png,caa2fc0d41b2538eabcb5fee093d057bceca41ec7807f36e2bd9b6f1b8c8e49d,,
test107,fire/00237,Fire,00237,1,manual_dense,diagnostic_only_not_model_input,data/flame3/Fire/RGB/Corrected FOV/00237.JPG,ef136ea85ca9f5a63729ca1702cc467262581181e6497fb205318332d5ca94ea,data/flame3/Fire/Thermal/Raw JPG/00237.JPG,c17b0df24f9772ad339654a851516677d542f0e8c4c273d06d1515dd53c41820,data/flame3/Fire/Thermal/Celsius TIFF/00237.TIFF,5a325fa75a6fd6b6f44badd10259cdb97f2168237ff0321a6de0cf5522105709,project_support/data/flame3_test_manual_threeclass_frozen_v1/masks/T075.png,52a7cbfa4ee906f9fff0358079d043d564f559352f7b34ee94dfe5ecc85d4080,,
test107,fire/00043,Fire,00043,1,manual_dense,diagnostic_only_not_model_input,data/flame3/Fire/RGB/Corrected FOV/00043.JPG,27da88f88ecad27884cd5bab7ec42f681ef30ba884bd7d18acaab007f41eb62e,data/flame3/Fire/Thermal/Raw JPG/00043.JPG,3b52c5ee1225c5acbca748115879cf4a8f2a2d875c7269448faf0860f4d421b5,data/flame3/Fire/Thermal/Celsius TIFF/00043.TIFF,48c243628c0725ae0370e1ad3256ca9b8c608671c3479b756936ae3177e36498,project_support/data/flame3_test_manual_threeclass_frozen_v1/masks/T076.png,c3b4dfd1c545e745adad3995919449cda3f840148727a2025be6b58f5df542ad,,
test107,no_fire/00060,No Fire,00060,1,manual_dense,diagnostic_only_not_model_input,data/flame3/No Fire/RGB/Corrected FOV/00060.JPG,b2c3e0936d853d7ebe7433c6b61b20863c706d6c6a1d07a517e0554ba2d5b28e,data/flame3/No Fire/Thermal/Raw JPG/00060.JPG,e85255394429b447bb5e312d3828e80dab34d2c58dd1650601ba81563e75d04b,data/flame3/No Fire/Thermal/Celsius TIFF/00060.TIFF,efa383f630ed0cf276d1f95505a212063947af633e853f1ea61789888e7ba96b,project_support/data/flame3_test_manual_threeclass_frozen_v1/masks/T077.png,700dee90ec86a83133bac986fba383112f64d681f68584ef3daf74cc81fcb2d2,,
test107,fire/00141,Fire,00141,1,manual_dense,diagnostic_only_not_model_input,data/flame3/Fire/RGB/Corrected FOV/00141.JPG,b282ac72d2288372db84c7ddd55d9d55e5637479f72478fe1f5b8c059a25e5a7,data/flame3/Fire/Thermal/Raw JPG/00141.JPG,db1bd32920d66b7228ccaedff0c4f13c52861fe1a8a2bbdf7e25452d2ba82386,data/flame3/Fire/Thermal/Celsius TIFF/00141.TIFF,c79701021de3b9980c165781c884175802360a50a4c0a570d5b54652e35348f6,project_support/data/flame3_test_manual_threeclass_frozen_v1/masks/T078.png,7a63610add4b6c96accf38f645e64b1bd7859b083d523d0afe5977b18f2ed69b,,
test107,fire/00382,Fire,00382,1,manual_dense,diagnostic_only_not_model_input,data/flame3/Fire/RGB/Corrected FOV/00382.JPG,1b03758fd365156f75a29b4ca4b4351422fef6d46c6cb061d9cd117e4f66ef13,data/flame3/Fire/Thermal/Raw JPG/00382.JPG,222aeefd3b12e8e56b3d96022e5524349f59c3b4d8bf93a0f0a940927026807d,data/flame3/Fire/Thermal/Celsius TIFF/00382.TIFF,ff25f1bd0f632a340fa9fcd389ed56597fcc234afea74c8e9c5a88cedc00fe4e,project_support/data/flame3_test_manual_threeclass_frozen_v1/masks/T079.png,f7b41a3a277c66be3e826f2804003f6392d540f55dc8123e41e3cacfb3a15211,,
test107,no_fire/00103,No Fire,00103,1,manual_dense,diagnostic_only_not_model_input,data/flame3/No Fire/RGB/Corrected FOV/00103.JPG,c5c5f34acbc27b35b12afeadc6cc898aec24189855a6e9fe215eca11054e0506,data/flame3/No Fire/Thermal/Raw JPG/00103.JPG,16dd17eba27364937bc148dbd6d32ba6052d69f82be7e20b642f8a3efde0a4be,data/flame3/No Fire/Thermal/Celsius TIFF/00103.TIFF,0aea608114be6971173dff64184750910c131212325725b7e8cf31b0b4838aa5,project_support/data/flame3_test_manual_threeclass_frozen_v1/masks/T080.png,700dee90ec86a83133bac986fba383112f64d681f68584ef3daf74cc81fcb2d2,,
test107,fire/00240,Fire,00240,1,manual_dense,diagnostic_only_not_model_input,data/flame3/Fire/RGB/Corrected FOV/00240.JPG,e9ba3abe59784d5ae620a8c074bc7f62304772654d1f313d3fedeacfebd850cc,data/flame3/Fire/Thermal/Raw JPG/00240.JPG,eb1070ba72aa6e212b749b07eabdc0fc89ff180d0175a4d5f2c57019227c4fd3,data/flame3/Fire/Thermal/Celsius TIFF/00240.TIFF,4ac3601abc4c56c20c38e43e6b2c5cb6539be19c77cd758d1ed85da44835b225,project_support/data/flame3_test_manual_threeclass_frozen_v1/masks/T081.png,fe4c3ea5ebe5ef86b5153baa956a9a5ea01b6fcbf56f2a17c4e8339bf7f32a7f,,
test107,no_fire/00090,No Fire,00090,1,manual_dense,diagnostic_only_not_model_input,data/flame3/No Fire/RGB/Corrected FOV/00090.JPG,cd92164451094ffb69d145858772ddd726602ffdfb78a200070408d7285d150f,data/flame3/No Fire/Thermal/Raw JPG/00090.JPG,3633a275c3b622d022e4054c9581e018dc59a25f45e23ae3a283d3b567227d22,data/flame3/No Fire/Thermal/Celsius TIFF/00090.TIFF,3dee8a427b80501c58380e3445324de395ed22b45fcd545205913bb2eb2b56cf,project_support/data/flame3_test_manual_threeclass_frozen_v1/masks/T082.png,700dee90ec86a83133bac986fba383112f64d681f68584ef3daf74cc81fcb2d2,,
test107,fire/00565,Fire,00565,1,manual_dense,diagnostic_only_not_model_input,data/flame3/Fire/RGB/Corrected FOV/00565.JPG,637d123c42febc5c31afc1e63a86e29c63fd8de5a21a989ae52ad8abbfb8da5e,data/flame3/Fire/Thermal/Raw JPG/00565.JPG,c04dfa31110282410ae694c69981f9fc2f742500692b9e4bea99d8502c70346b,data/flame3/Fire/Thermal/Celsius TIFF/00565.TIFF,f3eef5af6fba22d726e2008ab5590101cc36e686e8f478a32b668b643620dc8d,project_support/data/flame3_test_manual_threeclass_frozen_v1/masks/T083.png,a23a000587f2e23444d2435938e90ecd6bbfe162febd833c20d4be4d241b8438,,
test107,fire/00172,Fire,00172,1,manual_dense,diagnostic_only_not_model_input,data/flame3/Fire/RGB/Corrected FOV/00172.JPG,e723fec0e22de165e6066aadaaf03e47342ff9f080dc6ae621a256ca0d0ab4c8,data/flame3/Fire/Thermal/Raw JPG/00172.JPG,e7e7f34dcc6f8c4ac86e935b7b6c0ec762e065e8a4e8d0bfac6e7975fbf2a8a7,data/flame3/Fire/Thermal/Celsius TIFF/00172.TIFF,128f1aa72814981e8c961993caf4274500ed10c42a7df4136ff3dd8274375975,project_support/data/flame3_test_manual_threeclass_frozen_v1/masks/T084.png,314317412e2a154456271b268a2dca354ae1164245557aaac33958c95a8f72c5,,
test107,fire/00320,Fire,00320,1,manual_dense,diagnostic_only_not_model_input,data/flame3/Fire/RGB/Corrected FOV/00320.JPG,fc655c89fd1d50fb34b4e7e65ccfb754f7049faacebdc9f9e454096b22c79cac,data/flame3/Fire/Thermal/Raw JPG/00320.JPG,f2bed3fa69fa46b82f8b42a9b92a2225c100b5708b1c0f4d2aaebeb2a90a4dfe,data/flame3/Fire/Thermal/Celsius TIFF/00320.TIFF,973147f6c46d228ba7eebf0c5064dd7a51106a5b73f3bc5c1796a8ba4de73d94,project_support/data/flame3_test_manual_threeclass_frozen_v1/masks/T085.png,4f20628b7ad133b1a6979f0366cc12d6509c65bbfd6425c3bc25c133603a4dae,,
test107,fire/00145,Fire,00145,1,manual_dense,diagnostic_only_not_model_input,data/flame3/Fire/RGB/Corrected FOV/00145.JPG,d32feaa227d08ac070104e5a4b99a8d28b07bf0188fb1a1cca6075be8c3ab52b,data/flame3/Fire/Thermal/Raw JPG/00145.JPG,19315828331c90a5afc50a8fbf89ff0d39d3dbb2f8a005fe8e8a14900229217e,data/flame3/Fire/Thermal/Celsius TIFF/00145.TIFF,81ef49ac270bdb243a07ecf78b73d710b687576ac23e748f8c095c7e3459b67f,project_support/data/flame3_test_manual_threeclass_frozen_v1/masks/T086.png,9b68e56b4e422747643868dfba67af8fa3c7266ff58bb7f804bf11ea0a670237,,
test107,fire/00199,Fire,00199,1,manual_dense,diagnostic_only_not_model_input,data/flame3/Fire/RGB/Corrected FOV/00199.JPG,0910fbdf77e6a74b2c1951932e5e94a627da00440f8bc978ed79417a36613d9e,data/flame3/Fire/Thermal/Raw JPG/00199.JPG,8d4078c72788f794a11da2bb7fe6f90ec35a3401c578c2e89c9e589297f8455f,data/flame3/Fire/Thermal/Celsius TIFF/00199.TIFF,e9e5b5ae4258d18a51a3f0d1014ec51675d05c7b96eb42154c4019a3142f68b9,project_support/data/flame3_test_manual_threeclass_frozen_v1/masks/T087.png,fd49d397209d16261771ce09e5cf30e56ad1e75c0cb1ce0db656112af92ce85c,,
test107,fire/00085,Fire,00085,1,manual_dense,diagnostic_only_not_model_input,data/flame3/Fire/RGB/Corrected FOV/00085.JPG,3fd80015498be4bb0a7fcb8a469fa134baa0db5e3810a9e56e8b868f934a4522,data/flame3/Fire/Thermal/Raw JPG/00085.JPG,7181451463a02e536879c4aed0199f1d3f48baf6b6ec1964a826231c51faf5d9,data/flame3/Fire/Thermal/Celsius TIFF/00085.TIFF,e2cb5498bdac8dc4ce73358b9e2b60ba5aecaee66a66141dda00488c78582b47,project_support/data/flame3_test_manual_threeclass_frozen_v1/masks/T088.png,8c190067d04954f07dac9b4721268c3cabb326a50c6fbd9c9d9ac2221cda6202,,
test107,fire/00188,Fire,00188,1,manual_dense,diagnostic_only_not_model_input,data/flame3/Fire/RGB/Corrected FOV/00188.JPG,5b4e63ee26bd59d5f71a4f69d86682ba6687efff52a478d91a32b2fb66bf516b,data/flame3/Fire/Thermal/Raw JPG/00188.JPG,0732532e5811361a2cbc3602bcdcd6b87dd30b67d978561fb8f237ff3991c579,data/flame3/Fire/Thermal/Celsius TIFF/00188.TIFF,389f80ee3701695e219f769b7ce0dfa2d26e5de9a877dd5bf2a6d39f595ba973,project_support/data/flame3_test_manual_threeclass_frozen_v1/masks/T089.png,0638aa85bbbf22b857308f1c53dc514d78c1aef6ddc1022790db802f1dc33d66,,
test107,no_fire/00085,No Fire,00085,1,manual_dense,diagnostic_only_not_model_input,data/flame3/No Fire/RGB/Corrected FOV/00085.JPG,889c6c81cf05829ee0c6164114258df64227b25ba03998729822ef0429c7d826,data/flame3/No Fire/Thermal/Raw JPG/00085.JPG,1b5c46bd311411078b97f70f012fff9add0c55ee309104060ac751cee0c00c38,data/flame3/No Fire/Thermal/Celsius TIFF/00085.TIFF,26bad40cf2a19aabf29bcff919ffa0912b8b2ea045ec833bc3a0ca4033d53d04,project_support/data/flame3_test_manual_threeclass_frozen_v1/masks/T090.png,700dee90ec86a83133bac986fba383112f64d681f68584ef3daf74cc81fcb2d2,,
test107,no_fire/00081,No Fire,00081,1,manual_dense,diagnostic_only_not_model_input,data/flame3/No Fire/RGB/Corrected FOV/00081.JPG,55a07d6302ddd25e69a5ec1d5064040980ca246c0df71c1965df845a061f1cd9,data/flame3/No Fire/Thermal/Raw JPG/00081.JPG,f3347c70cb042ef215fa83c64b2e8d79acc8804342f6ebd730a86da05b865357,data/flame3/No Fire/Thermal/Celsius TIFF/00081.TIFF,c5ab126fee8b4a36d8d546e34dbbb88047980fa54a7cb5c7557f1b8ac9b48188,project_support/data/flame3_test_manual_threeclass_frozen_v1/masks/T091.png,700dee90ec86a83133bac986fba383112f64d681f68584ef3daf74cc81fcb2d2,,
test107,fire/00271,Fire,00271,1,manual_dense,diagnostic_only_not_model_input,data/flame3/Fire/RGB/Corrected FOV/00271.JPG,91c5147550a49d4be153caabca0c2c5b20f6062093b318031508ad7b7833f3e4,data/flame3/Fire/Thermal/Raw JPG/00271.JPG,30bbf20b4e58512afdbe2e80744f89c5e38d15bb561c6546c1055f75a182217f,data/flame3/Fire/Thermal/Celsius TIFF/00271.TIFF,12205798b5639d3d101b94a367e0ea9751c1eb9d505b922ea443711a689feb2a,project_support/data/flame3_test_manual_threeclass_frozen_v1/masks/T092.png,5377e45f395186083254a58be85e7c45cf60f8a73bd8a9f2e22a786a34e76ac8,,
test107,fire/00434,Fire,00434,1,manual_dense,diagnostic_only_not_model_input,data/flame3/Fire/RGB/Corrected FOV/00434.JPG,f9f9b2a38234c67f763117c2c25aaa9506b936cf7689b3224dc6a87688bb2cd9,data/flame3/Fire/Thermal/Raw JPG/00434.JPG,71607129852dd1e929b096a25c9dcd9bd7b73099e01568e81f6b2b49c7932001,data/flame3/Fire/Thermal/Celsius TIFF/00434.TIFF,f1c7143ac988ebbb32078d9b62d9976c65f411f853c165c5c68d6ebe30098330,project_support/data/flame3_test_manual_threeclass_frozen_v1/masks/T093.png,81088c19749097c3c83a6a9f9aabfe8c9954645ade39cd2c67e3b0aa86da9e50,,
test107,fire/00310,Fire,00310,1,manual_dense,diagnostic_only_not_model_input,data/flame3/Fire/RGB/Corrected FOV/00310.JPG,31234f4652d22684272cd751cfeba21b45b44e655f4856d0e96cebf8665513ec,data/flame3/Fire/Thermal/Raw JPG/00310.JPG,8486f7958ced09cfa3e1d4711b3b3e7e6cdf58e3481dbc08a67fac74068ce929,data/flame3/Fire/Thermal/Celsius TIFF/00310.TIFF,96c3c882fa84bbacf382c5f7884d0ba7b860e5b05aec191e47047e2bb083175b,project_support/data/flame3_test_manual_threeclass_frozen_v1/masks/T094.png,6ac71b9db7eaf24f1cb1e41d30c22c75922f9adf0705b1d17fdf135d6bc8a3dc,,
test107,fire/00584,Fire,00584,1,manual_dense,diagnostic_only_not_model_input,data/flame3/Fire/RGB/Corrected FOV/00584.JPG,0299600b1bb7f63808ccdd4112d79eee1c085e2a445c698b37849e510b8c9ac4,data/flame3/Fire/Thermal/Raw JPG/00584.JPG,fae7b7856aced2670d1f7c26b62b97773fa06357149462a163e635c7ef301ce9,data/flame3/Fire/Thermal/Celsius TIFF/00584.TIFF,ae2913f9a423bec10b99f4d98fb69edf2377aaee89fd5f9da93bc6ba51b4d018,project_support/data/flame3_test_manual_threeclass_frozen_v1/masks/T095.png,cf920149edbe608c7e990f8529c9581777d4aa032d44007297dc160d1d5ced63,,
test107,fire/00156,Fire,00156,1,manual_dense,diagnostic_only_not_model_input,data/flame3/Fire/RGB/Corrected FOV/00156.JPG,dfe852d9bf438646ec5b232469d8ea6faef98421a5bab705346ef011a387f3c8,data/flame3/Fire/Thermal/Raw JPG/00156.JPG,fc458fe0e12b86e703b1dc3d871eaa661f6dbb25d9abd71c96eb721a9629c7cb,data/flame3/Fire/Thermal/Celsius TIFF/00156.TIFF,6e84263c52c0996ccec8ccfe9cefc83d97fd3571bc7f0b4c9122dea85ff34ce5,project_support/data/flame3_test_manual_threeclass_frozen_v1/masks/T096.png,5503873b916c8cff68db7dd4dd3c32bad38a3dfcc4dccdcc278dc5096e95812e,,
test107,fire/00375,Fire,00375,1,manual_dense,diagnostic_only_not_model_input,data/flame3/Fire/RGB/Corrected FOV/00375.JPG,7ee8e4266496f86e9710f12f1d794ce86c976bd2a829fe311daf14563c75b6fe,data/flame3/Fire/Thermal/Raw JPG/00375.JPG,809badf22533816771abbb64c7172884227610e90b3d55ff5e98e6b376752581,data/flame3/Fire/Thermal/Celsius TIFF/00375.TIFF,23de5ce102cbbdb14b6fe9f1a34fb03ea27e8cc50b48ea6db0279aab8fb20697,project_support/data/flame3_test_manual_threeclass_frozen_v1/masks/T097.png,1daa0edb4a449098b2d8fbf5f6a9af4bd8fed4ef0980a8ee1d5e59879a445f81,,
test107,no_fire/00022,No Fire,00022,1,manual_dense,diagnostic_only_not_model_input,data/flame3/No Fire/RGB/Corrected FOV/00022.JPG,6611711c7837be0291a8bc80994dde30eef066f38d7099fb00e29c76ace8c389,data/flame3/No Fire/Thermal/Raw JPG/00022.JPG,b8c319955ed49bac00d4ac2fac978a01e531e3d2b2a67f52d5dfd48821417caa,data/flame3/No Fire/Thermal/Celsius TIFF/00022.TIFF,441beeea8b95a16189977809b9c2dece057896b18393614a680245e39454de90,project_support/data/flame3_test_manual_threeclass_frozen_v1/masks/T098.png,700dee90ec86a83133bac986fba383112f64d681f68584ef3daf74cc81fcb2d2,,
test107,fire/00317,Fire,00317,1,manual_dense,diagnostic_only_not_model_input,data/flame3/Fire/RGB/Corrected FOV/00317.JPG,5f3dc431de71816674cd21d9b9c1fa5bfa9d06fe1c451c4953bfd773a8d0faca,data/flame3/Fire/Thermal/Raw JPG/00317.JPG,6cd5a98a2408273f22e8d24d9fbe2f7f8b490eca691fd6636277190e0e512e4a,data/flame3/Fire/Thermal/Celsius TIFF/00317.TIFF,d9c601caac8c6a83d7811912393834ff93b3c12d0b1f3b6cb7ce0838f152c248,project_support/data/flame3_test_manual_threeclass_frozen_v1/masks/T099.png,e68560b86d8ed08152dc4fc3309b913dfb8f8640eb3c5f988ee885fb870e3f5c,,
test107,no_fire/00043,No Fire,00043,1,manual_dense,diagnostic_only_not_model_input,data/flame3/No Fire/RGB/Corrected FOV/00043.JPG,e01103129ab5cf95ad33c454727e4232aea4ecd95fc89dcb25f8fcfd70e859b0,data/flame3/No Fire/Thermal/Raw JPG/00043.JPG,d7b2b6292e4620cfceef2f6ef234563333d107fd092810488b3bae9ea0ce8ca4,data/flame3/No Fire/Thermal/Celsius TIFF/00043.TIFF,78997e28a447902d88bafa4febc781e8cb4eb9f55733b8f1d6e1d18be8670ad9,project_support/data/flame3_test_manual_threeclass_frozen_v1/masks/T100.png,700dee90ec86a83133bac986fba383112f64d681f68584ef3daf74cc81fcb2d2,,
test107,fire/00017,Fire,00017,1,manual_dense,diagnostic_only_not_model_input,data/flame3/Fire/RGB/Corrected FOV/00017.JPG,4dc0f0facccfd59ba984a00830dc720a60d19b74ed5080a425d6bf511496a058,data/flame3/Fire/Thermal/Raw JPG/00017.JPG,54e00c13900c8f192d2e6891db61efe7c547b3c5839434e555f25730b23dab52,data/flame3/Fire/Thermal/Celsius TIFF/00017.TIFF,7d133e3f71f712d99dfb31cfce15d6621d89783c4fb523403ce8f65fd5c7f564,project_support/data/flame3_test_manual_threeclass_frozen_v1/masks/T101.png,a9358eacf8b2f8ab420df43a2b3113e02c42edbbbb7e499a399daf0993af2aa8,,
test107,fire/00238,Fire,00238,1,manual_dense,diagnostic_only_not_model_input,data/flame3/Fire/RGB/Corrected FOV/00238.JPG,dee1db6a7103c15251c7ac2d0f4182612135ff67ba36e866ec2154c977c5f27a,data/flame3/Fire/Thermal/Raw JPG/00238.JPG,f86b689b769cdf3b68adde1498c69917ddcb118c283a24f038f9bacd45f60f40,data/flame3/Fire/Thermal/Celsius TIFF/00238.TIFF,269cdfe8d9bc1fdeb95e8dce8e4490e217c0329f0037aa90be56775a44507677,project_support/data/flame3_test_manual_threeclass_frozen_v1/masks/T102.png,af461185a292d9ceb1241830ee60ced6e6c155fd518b667edf97a7932fc9ff94,,
test107,fire/00420,Fire,00420,1,manual_dense,diagnostic_only_not_model_input,data/flame3/Fire/RGB/Corrected FOV/00420.JPG,959f66abe278b8b82ce4a5f904aab8c91f5aad91baff9796284f6ea6b1ed7b87,data/flame3/Fire/Thermal/Raw JPG/00420.JPG,fb592130863aab2788f0ff57585181d1b4e887ef4158c16ce1b3ad7fa6f4a54d,data/flame3/Fire/Thermal/Celsius TIFF/00420.TIFF,d83f7e3b6bba75648fdd9e6ae2d3d1d28dee4ebec3b48b972dbfb36fb008bc2e,project_support/data/flame3_test_manual_threeclass_frozen_v1/masks/T103.png,092f30f057e81a5b75423e0a660cf4056812ca2f390ea6ec748c8304cac273e8,,
test107,no_fire/00046,No Fire,00046,1,manual_dense,diagnostic_only_not_model_input,data/flame3/No Fire/RGB/Corrected FOV/00046.JPG,1b83227ccc4264a05d9289f597df2be7d2cef89d1670877a221c89836e670d82,data/flame3/No Fire/Thermal/Raw JPG/00046.JPG,522984ab099ee16e5af35196c6e521f76e04e6982b7bb7bfe10916a04a62977b,data/flame3/No Fire/Thermal/Celsius TIFF/00046.TIFF,45d8c61604cc338894c9118db2a0023dba4dc8f44c3c0687eb251bb05cb9b6be,project_support/data/flame3_test_manual_threeclass_frozen_v1/masks/T104.png,700dee90ec86a83133bac986fba383112f64d681f68584ef3daf74cc81fcb2d2,,
test107,fire/00308,Fire,00308,1,manual_dense,diagnostic_only_not_model_input,data/flame3/Fire/RGB/Corrected FOV/00308.JPG,2fb1bc04f1dfd8e63377a3591427fd6841d29a8c569dfb5e29118735f92349e7,data/flame3/Fire/Thermal/Raw JPG/00308.JPG,878e56f3326dae7b65741fd389b2a823ee21bdb8859842d2c4fd7d0def7510ce,data/flame3/Fire/Thermal/Celsius TIFF/00308.TIFF,1127fa66f6bf55cf7b7b71e455b72b8fee29681e61dfb370808c1a3013c186a2,project_support/data/flame3_test_manual_threeclass_frozen_v1/masks/T105.png,6795a3ce5bf1b713ec9e236fa325cb6f6210ccbeda136bf02e6ae26de0605381,,
test107,fire/00422,Fire,00422,1,manual_dense,diagnostic_only_not_model_input,data/flame3/Fire/RGB/Corrected FOV/00422.JPG,2337ec398fcdf78b8f1d06baa6785ab6583ffcec987210c662507e42f572a17e,data/flame3/Fire/Thermal/Raw JPG/00422.JPG,d78f7c300edff36a72871a34e74ea9198c26e0c0f7b1c09a993247c7fdaff41d,data/flame3/Fire/Thermal/Celsius TIFF/00422.TIFF,55a441b9b216a83c5bfb5e508d69ef96d928447f71e0ba7702eb278c70db232f,project_support/data/flame3_test_manual_threeclass_frozen_v1/masks/T106.png,44c4342e7961ce312b6c94449dc2b087a82770b78dc36c0decce13e5cc8296f8,,
test107,fire/00511,Fire,00511,1,manual_dense,diagnostic_only_not_model_input,data/flame3/Fire/RGB/Corrected FOV/00511.JPG,0cf79a749e07463f9da510e151bf6738ad109e57c2f85ab3f95b17e763e0e0d3,data/flame3/Fire/Thermal/Raw JPG/00511.JPG,42608449e8e0818d8629f8f930a6338b296228fbfa3119d0d615c454898ddd58,data/flame3/Fire/Thermal/Celsius TIFF/00511.TIFF,28b7894c398e9ef984363a96ae297ad078b07fee4a6559dce48e1741d9bfe6bb,project_support/data/flame3_test_manual_threeclass_frozen_v1/masks/T107.png,91780b4419870b7126347aa1947e77f153083917efb2f166898bb0efa4ec88c8,,
